,ticker,yearReport,lengthReport,CURRENT ASSETS (Bn. VND),Cash and cash equivalents (Bn. VND),Short-term investments (Bn. VND),Accounts receivable (Bn. VND),Net Inventories,Other current assets,LONG-TERM ASSETS (Bn. VND),Long-term loans receivables (Bn. VND),Fixed assets (Bn. VND),Investment in properties,Long-term investments (Bn. VND),Other non-current assets,TOTAL ASSETS (Bn. VND),LIABILITIES (Bn. VND),Current liabilities (Bn. VND),Long-term liabilities (Bn. VND),OWNER'S EQUITY(Bn.VND),Capital and reserves (Bn. VND),Other Reserves,Undistributed earnings (Bn. VND),MINORITY INTERESTS,TOTAL RESOURCES (Bn. VND),Prepayments to suppliers (Bn. VND),Short-term loans receivables (Bn. VND),"Inventories, Net (Bn. VND)",Other current assets (Bn. VND),Investment and development funds (Bn. VND),Common shares (Bn. VND),Paid-in capital (Bn. VND),Convertible bonds (Bn. VND),Long-term borrowings (Bn. VND),Advances from customers (Bn. VND),Short-term borrowings (Bn. VND),Good will (Bn. VND),Long-term prepayments (Bn. VND),Other long-term assets (Bn. VND),Other long-term receivables (Bn. VND),Long-term trade receivables (Bn. VND),Revenue YoY (%),Revenue (Bn. VND),Attribute to parent company (Bn. VND),Attribute to parent company YoY (%),Financial Income,Interest Expenses,Sales,Sales deductions,Net Sales,Cost of Sales,Gross Profit,Financial Expenses,Gain/(loss) from joint ventures,Selling Expenses,General & Admin Expenses,Operating Profit/Loss,Other income,Net income from associated companies,Other Income/Expenses,Net other income/expenses,Profit before tax,Business income tax - current,Business income tax - deferred,Net Profit For the Year,Minority Interest,Attributable to parent company,Net Profit/Loss before tax,Depreciation and Amortisation,Provision for credit losses,Unrealized foreign exchange gain/loss,Profit/Loss from disposal of fixed assets,Profit/Loss from investing activities,Interest Expense,Operating profit before changes in working capital,Increase/Decrease in receivables,Increase/Decrease in inventories,Increase/Decrease in payables,Increase/Decrease in prepaid expenses,Interest paid,Business Income Tax paid,Other receipts from operating activities,Other payments on operating activities,Net cash inflows/outflows from operating activities,Purchase of fixed assets,Proceeds from disposal of fixed assets,"Loans granted, purchases of debt instruments (Bn. VND)","Collection of loans, proceeds from sales of debts instruments (Bn. VND)",Investment in other entities,Proceeds from divestment in other entities,Gain on Dividend,Net Cash Flows from Investing Activities,Increase in charter captial,Proceeds from borrowings,Repayment of borrowings,Finance lease principal payments,Dividends paid,Cash flows from financial activities,Net increase/decrease in cash and cash equivalents,Cash and cash equivalents,Foreign exchange differences Adjustment,Cash and Cash Equivalents at the end of period,Chỉ tiêu cơ cấu nguồn vốn_(ST+LT borrowings)/Equity,Chỉ tiêu cơ cấu nguồn vốn_Debt/Equity,Chỉ tiêu cơ cấu nguồn vốn_Fixed Asset-To-Equity,Chỉ tiêu cơ cấu nguồn vốn_Owners' Equity/Charter Capital,Chỉ tiêu hiệu quả hoạt động_Asset Turnover,Chỉ tiêu hiệu quả hoạt động_Fixed Asset Turnover,Chỉ tiêu hiệu quả hoạt động_Days Sales Outstanding,Chỉ tiêu hiệu quả hoạt động_Days Inventory Outstanding,Chỉ tiêu hiệu quả hoạt động_Days Payable Outstanding,Chỉ tiêu hiệu quả hoạt động_Cash Cycle,Chỉ tiêu hiệu quả hoạt động_Inventory Turnover,Chỉ tiêu khả năng sinh lợi_EBIT Margin (%),Chỉ tiêu khả năng sinh lợi_Gross Profit Margin (%),Chỉ tiêu khả năng sinh lợi_Net Profit Margin (%),Chỉ tiêu khả năng sinh lợi_ROE (%),Chỉ tiêu khả năng sinh lợi_ROIC (%),Chỉ tiêu khả năng sinh lợi_ROA (%),Chỉ tiêu khả năng sinh lợi_EBITDA (Bn. VND),Chỉ tiêu khả năng sinh lợi_EBIT (Bn. VND),Chỉ tiêu khả năng sinh lợi_Dividend yield (%),Chỉ tiêu thanh khoản_Current Ratio,Chỉ tiêu thanh khoản_Cash Ratio,Chỉ tiêu thanh khoản_Quick Ratio,Chỉ tiêu thanh khoản_Interest Coverage,Chỉ tiêu thanh khoản_Financial Leverage,Chỉ tiêu định giá_Market Capital (Bn. VND),Chỉ tiêu định giá_Outstanding Share (Mil. Shares),Chỉ tiêu định giá_P/E,Chỉ tiêu định giá_P/B,Chỉ tiêu định giá_P/S,Chỉ tiêu định giá_P/Cash Flow,Chỉ tiêu định giá_EPS (VND),Chỉ tiêu định giá_BVPS (VND),Chỉ tiêu định giá_EV/EBITDA
0,AAA,2013,1,402140441113,96503117149,0,111203277078,154881323996,39552722890,473817361846,0,435828383571,0,30600000000,7388978275,875957802959,332835204760,320273204760,12562000000,534882291065,534882291065,0,177335613484,0,875957802959,41671567327,0,154881323996,25994612226,10408445862,198000000000,198000000000,0,12562000000,5102591145,260875797874,0,7123035747,1500000000,0,0,0.0,244127568184,17213203559,0.0,2156111356,-5222906057,244127568184,-196489932,243931078252,-195830687906,48100390346,-5329187934,0,-15523150822,-8679192279,20724970667,513181190,0,-1364651,511816539,21236787206,-3903784899,84698070,17417700377,204496818,17213203559,21236787206,12006383839,0,0,0,-2002574977,5222906057,36463502125,-16561848849,40696388461,-38792510462,-1186847821,-5222906057,-5489617221,27080000,-9076110611,857129565,-37428106400,0,0,0,0,0,2002574977,-35425531423,0,242370430736,-214714765209,0,-5192000,27650473527,-6917928331,103421045480,0,96503117149,0.5346967036,0.6222587853,0.8148117648524603,0.13992099830405635,1.216105846,2.3273483864,21.676228546197105,76.6278966104,25.8284619052,124.13258706179711,4.7632783378,0.09797048992794365,0.19718844638692784,0.07056584869115122,0.1269934853,6.528,0.0701197636,142132903690.0,23898047245,0.1102941176,1.2556168768,0.3013149889,0.7720256126,-4.575622648423982,1.6376646181627872,269280000000,19800000,3.0752339521,0.5034378675,0.2722117589,204.6435068425,869.3537151010102,27014.257124495,3.1394185944
1,AAA,2013,2,440894751500,45884372462,0,200967343609,177069168313,16973867116,511470322422,0,439511489713,0,63945437080,8013395629,952365073922,426365339004,379146099004,47219240000,517619756748,517619756748,0,151755445766,0,952365073922,122482786772,0,177069168313,11924418013,13209874449,198000000000,198000000000,0,47219240000,7629760644,285441761848,0,7809819862,1500000000,0,0,0.0,276507520180,13141742046,0.0,1799374307,-4795952169,276507520180,-435239055,276072281125,-231419606297,44652674828,-8088263665,0,-15082913674,-8811398738,14469473058,640649119,1137021975,-17147551,623501568,16229996601,-2886216758,-62366760,13281413083,139671037,13141742046,16229996601,11387760207,0,2131605775,0,-303113766,4796952169,34243200986,-66794431944,-22187844317,84604595037,-1077562928,-4796952169,-5092530101,5600000,-3008715854,15895358710,-94040258488,0,0,0,-33151197105,0,1245895766,-125945559827,0,257671207683,-198448003709,0,0,59223203974,-50826997143,96503117149,208252456,45884372462,0.7338982658,0.8237037583,0.8491010707826855,0.1354052551672189,1.2151033725,2.442489807,21.166112929362672,72.3343244341,25.60086034,119.10129770346266,5.0460138095,0.07519176619763948,0.16174269523198587,0.047602540872437975,0.1222540903,7.488,0.0690098255,141952125819.0,20758362416,0.0961538461,1.1628624233,0.1210202942,0.6958414813,-4.328308891439238,1.8398932063670304,308880000000,19800000,4.0335806892,0.5967314731,0.2945322952,15.1138457698,663.7243457575757,26142.4119569697,4.1961797045
2,AAA,2013,3,352899625524,38081355707,0,137282401637,143977295491,33558572689,596465285533,0,551031522063,0,36336066400,9097697070,949364911057,410005064447,333218175997,76786888450,530809006041,530809006041,0,164944695059,0,949364911057,79148043261,0,143977295491,16291895210,13209874449,198000000000,198000000000,0,76786888450,12216056480,196660739668,0,8999904768,1500000000,0,0,0.0,309420233314,13189249293,0.0,1069569982,-4261851028,309420233314,-383757869,309036475445,-265312830107,43723645338,-4881881136,0,-15794443389,-9410857443,14706033352,647496684,1490629320,-3436759,644059925,16840722597,-3374827439,-105783466,13360111692,170862399,13189249293,16840722597,12412119053,0,0,0,-74482474,4261851028,33440210204,47316916811,33091872822,-18879598379,-1406765319,-6188551713,-2886216758,11104496845,-1280895000,94311469513,-52159813961,0,0,0,0,29100000000,-67123577,-23126937538,0,229005076831,-288218450561,0,-19774175000,-78987548730,-7803016755,45884372462,0,38081355707,0.6598126869,0.7724154258,1.038097537516984,0.13885545899483706,1.2114300284,2.3995519484,19.14628154185959,66.2112803456,31.3071634849,116.6647253723596,5.5126558208,0.0599228439922321,0.1414837691086132,0.04267861673612481,0.1172296558,9.936,0.0669899576,143888235962.0,18518344506,0.0724637681,1.0590647538,0.1142835488,0.6269835953,-4.3451412037483355,1.788524497988021,409860000000,19800000,6.025148538,0.7721421365,0.3679290063,3.935375007,666.1237016666666,26808.5356586364,4.4842183803
3,AAA,2013,4,495025008321,130266723762,0,146942387955,200025997066,17789899538,655544196312,0,605159756298,0,39255796179,11128643835,1150569204633,598551168719,515468247067,83082921652,543446500724,543446500724,0,177582189742,0,1150569204633,55117289723,0,200025997066,5865465303,13209874449,198000000000,198000000000,0,83082921652,11351552129,334296710948,0,10848566137,1500000000,0,0,0.0,328621274434,11391621343,0.0,1584829239,-2826480156,328621274434,-153326387,328467948047,-286409479822,42058468225,-3335810779,0,-16951883981,-9436847848,13918754856,736774193,2221591629,-97842230,638931963,16779278448,-5549247880,182285396,11412315964,20694621,11391621343,16779278447,12939945670,0,-2131605775,2273454179,-214971180,2826480156,32472581497,-5013347648,-56048701575,12170909378,-1761183747,-5122911145,-3685164895,6000000,-557695200,-27539513335,-23528164811,0,0,0,-698138150,0,82827231,-24143475730,0,348297262605,-204365258122,0,-2000000,143930004483,92247015418,38081355707,-61647363,130266723762,0.9209049162,1.1013985147,1.1135590264943895,0.1421613281582876,1.1286906213,2.235125034,20.905329781937827,73.7484140853,48.633092264,143.2868361312378,4.9492589708,0.04770552648795383,0.12804436011206158,0.03468107439624517,0.1034569736,9.1548387096,0.0535681413,136941183028.0,15669736396,0.0465116279,0.9603404499,0.2527153214,0.5722932749,-5.543904620287735,2.117171061181125,425700000000,19800000,7.7490429585,0.7833337769,0.3677729051,5.0967115409,575.3344112626263,27446.7929658586,5.2052486554
4,AAA,2014,1,403306120513,50406413396,0,147410503081,178935556223,26553647813,664481007317,0,612891750948,0,40989575712,10599680657,1067787127830,500924849932,410165764580,90759085352,558109545708,558109545708,0,192245234726,0,1067787127830,69112226534,0,178935556223,10857766629,13209874449,198000000000,198000000000,0,90759085352,11713783029,289173202320,0,10503756060,1500000000,0,0,0.32447849395810946,323341713842,14663044984,-0.14815130526163087,1133703473,-3030038742,323341713842,-128317940,323213395902,-278865870611,44347525291,-3303170182,0,-17719664762,-8836146390,15622247430,1002198535,1733779533,-422868202,579330333,17935357296,-2906962215,-184153099,14844241982,181196998,14663044984,17935357296,12614176572,0,0,0,-299224210,3030038742,33280348400,-23819543040,21090440843,-57795446682,503953460,-5725300806,-4076130445,14435812741,-4840945655,-26946811184,-16252042555,486664091,0,0,0,0,299224210,-15466154254,0,308612799948,-346060144876,0,0,-37447344928,-79860310366,130266723762,0,50406413396,0.8433673579,0.8975385814,1.0981567250753703,0.14599706534123585,1.2007419313,2.2399586521,20.217805379207437,60.1461988804,36.3300981034,116.69410236300743,6.0685464217,0.055046338934524056,0.137208190790602,0.04536645191663378,0.0974623772,8.3458064516,0.0508587962,132053678539.0,17791714139,0.0510204081,0.9832759224,0.1228927856,0.5470241147,-5.87177777379059,1.913221402575079,388080000000,19800000,7.4081345408,0.6953473614,0.3137800018,-14.4017040587,740.5578274747475,28187.3507933333,5.4341982912
5,AAA,2014,2,406776245149,57789248387,0,129994446521,179747992272,39244557969,696792883204,0,648679387271,0,37536174745,10577321188,1103569128353,529062762156,424331751504,104731010652,565521468477,565521468477,0,192209345495,0,1103569128353,39225532858,0,179747992272,18319538031,15400407449,198000000000,198000000000,0,104731010652,11139091214,269104313740,0,10393015759,1500000000,0,0,0.3892002272485897,384124309870,15297841769,0.16406498586359486,1739069197,-2416397337,384124309870,-274024822,383850285048,-335407866981,48442418067,-6340536041,0,-16862841649,-8264977120,18713132454,3516253939,1379509033,-4844477080,-1328223141,18764418346,-3322791878,88380831,15530007299,232165530,15297841769,18764418346,9677758397,0,2190012793,0,-154467024,2416397337,32894119849,5996587232,-812436049,16315702011,-1163977012,-5220699718,-3123868856,23990000,-1271696611,43637720846,-38083419988,2785496364,0,0,0,0,4987377024,-30310546600,0,300117125179,-306214088459,0,0,-6096963280,7230210966,50406413396,152624025,57789248387,0.846239023,0.9355308182,1.1470464401960756,0.1479359660124959,1.2591680615,2.2244834235,20.201109165260057,54.9917595195,39.0803571225,114.27322580726005,6.6373580912,0.06073878333862521,0.12620133409811676,0.039853667861903565,0.09926219,13.5406451612,0.0510775457,130498543642.0,23314599298,0.0628930817,0.9586278747,0.1361888385,0.5350253712,-9.648495692742936,1.9514186284121282,629640000000,39600000,6.5417034045,0.8038079196,0.4682842006,8.1763206941,386.30913558080806,19780.8451635606,7.2467174698
6,AAA,2014,3,441059727571,104024469754,0,145197955192,141326768113,50510534512,701541478555,0,652868586374,0,39172771967,9500120214,1142601206126,571668228902,440352174720,131316054182,561727990497,561727990497,0,187351438895,0,1142601206126,26571394643,0,141326768113,42111508031,15755216989,198000000000,198000000000,0,131316054182,9590207932,318292304630,0,9314846585,1500000000,0,0,0.3236437870317803,409562169408,16361331560,0.24050514146271662,2610326060,-5681141129,409562169408,-255157449,409307011959,-358015776197,51291235762,-7120855415,0,-20554326466,-8460664358,17765715583,879392672,1636597222,-32705267,846687405,20249000210,-3668547843,968200,16581420567,220089007,16361331560,20249000210,18200647536,0,0,0,-5073433767,5681141129,39057355108,-39371795640,38421224159,-25213442699,610944750,-5663241240,-3022791878,13378134850,-1384010689,16812376721,-26916143086,72029545,0,0,0,0,240523767,-26603589774,0,396674358284,-320901323864,0,-19746600000,56026434420,46235221367,57789248387,0,104024469754,1.0341738755,1.0176958217,1.1622504084162897,0.1469436220241593,1.2945055534,2.2937592294,22.234046805957433,50.7494754083,35.3458087641,108.32933097835743,7.1921925707,0.054424293469547004,0.12531237986007873,0.039973250108011595,0.1035780637,11.6670967741,0.0517088094,141114639839.0,22276244938,0.0729927007,1.0016067885,0.2362301714,0.680666468,-3.9210863508192917,2.034082733023613,542520000000,39600000,5.1439828257,0.9658055307,0.3754882964,17.6583599646,413.1649383838384,14185.0502650758,6.2934922278
7,AAA,2014,4,694379188147,336807716067,30000000000,154088536599,137522087909,35960847572,727271546766,0,679968837985,0,39205453451,8097255330,1421650734913,635324911650,507673920248,127650991402,776936974055,776936974055,0,187992781673,0,1421650734913,4571973920,0,137522087909,25204099470,15755216989,396000000000,396000000000,0,127650991402,6541650794,329022191692,0,8061140389,0,0,0,0.36246567588831724,447735206783,641342778,-0.9437004831279705,2848872567,-6059642453,447735206783,-3462290601,444272916182,-405609189336,38663726846,-9132225484,0,-23800951388,-10415257483,-1835834942,778885846,1532681484,-224203863,554681983,251528525,722835421,-149158687,825205259,183862481,641342778,251528525,23707480254,162105381,796521700,0,765316603,6059642453,31742594916,6386489466,3804680204,28701765414,-1492867131,-6077542342,-3968547843,6842469706,-142793700,65796248690,-28039181348,180080590,-30000000000,1500000000,0,0,1179534543,-55179566215,217798900000,312330063494,-308173617836,0,-15031208,221940314450,232556996925,104024469754,226249388,336807716067,0.7520869696000001,0.8177303087,0.8751917603252904,0.20324059862340385,1.2134604705,2.4287742347,23.28860704065594,44.707586536,41.938089093,109.93428266965594,8.1641624672,0.010010778989683085,0.08702697247059078,0.0014435783831064524,0.0711362448,0.0,0.0365159762,138587586797.0,4447517975,0.0807692307,1.36776612,0.722526215,1.0968794693,-0.7339571615810646,1.82981474995726,514800000000,39600000,7.399140779,0.6626020091,0.329863908,3.4994121547,16.1955246969697,19619.6205569444,4.5795260722
8,AAA,2015,1,691350924610,216882657990,30000000000,209994544135,154212536871,80261185614,722531450269,0,671346983470,0,41202585521,9981881278,1413882374879,632482881668,529156466446,103326415222,771794605043,771794605043,0,181340412661,0,1413882374879,104113487342,0,154212536871,47850401253,31389007730,396000000000,396000000000,0,103326415222,6410667577,392790172173,0,10013752455,0,0,0,-0.015122220015785871,318452069305,-6652369012,-1.453682643629541,4001842674,-5532126701,318452069305,-72570356,318379498949,-290659434678,27720064271,-7084720055,0,-21417988011,-11108992506,-7889793627,520532218,1997132069,-238815357,281716861,-5610944697,-757399238,-67986117,-6436330052,216038960,-6652369012,-5610944697,19427680554,0,0,0,-2445384686,5532126701,16903477872,-120587991507,-16690448962,62649206317,-7001994171,-5532126701,-270053548,25433327034,-7459137150,-52555740816,-109496918286,250000000,0,0,0,0,2434196724,-106812721562,0,369959729943,-330516325642,0,0,39443404301,-119925058077,336807716067,0,216882657990,0.0,0.0,0.8698518739096348,0.20189539535564519,0.0,0.0,0.0,0.0,0.0,0.0,0.0,-0.015098070892969153,0.08706610935222425,-0.02089446410324811,0.0,0.0,0.0,0.0,-4806916246,0.078358209,0.0,0.0,0.0,0.8689092831389944,1.831941251779321,530640000000,39600000,16.5513710767,0.687540437,0.3410699881,53.7741089477,-167.98911646464646,19489.7627536111,8.1419148663
9,AAA,2015,2,803203987346,252136929527,10000000000,316598003829,203971928011,20497125979,733605657960,0,636891568754,0,38905726444,10491272545,1536809645306,747628868110,578086744318,169542123792,789180777196,789180777196,0,186977437993,9758456625,1536809645306,147314446310,0,203971928011,0,31389007730,396000000000,396000000000,0,169542123792,10520370452,423558698483,0,10482885022,0,0,0,-0.03814073898097805,369473524831,5637025332,-0.6315149929565205,8503423258,-5519155453,369473524831,-365629589,369107895242,-323297008095,45810887147,-12703391558,-2296859076,-22891956537,-10004426099,6417677135,66855460,0,-174801613,-107946153,6309730982,-559395891,40258698,5790593789,153568457,5637025332,6309730982,21746759748,0,1401049891,0,-5361324634,5519155453,29615371440,-45522498687,-49759391140,66365168309,-1786033939,-5519155453,-1057399238,0,6380358430,-1283580278,-75847921997,1227272727,0,20000000000,0,0,951013156,-53669636114,0,403975975520,-314184479925,0,0,89791495595,34838279203,216882657990,415992334,252136929527,0.9663729377000001,0.9473480471,0.8070287406352048,0.20644348117746258,1.1177392432,2.3339992276,25.457063401565286,42.1966282225,34.0721097871,101.72580141116529,8.6499802324,0.03498842662938109,0.12411245529431113,0.01527202588908094,0.0220542257,0.0,0.0115956432,103366468594.0,12914504511,0.0,1.3894177565,0.4361576044,1.0365781005,-2.339942156182641,1.9473480471310565,579149859600,49499988,34.0922678876,0.5944402512,0.3758108755,-14.7202089945,113.87932724347327,19682.381832601,8.9014722556
10,AAA,2015,3,807544281524,227200512276,10000000000,372123722388,178726022264,19494024596,746289038063,0,623099972287,0,40679834080,12725242497,1553833319587,746508869350,581000655071,165508214279,807324450237,807324450237,0,196361812191,9795615097,1553833319587,210790306204,0,178726022264,0,35950759648,396000000000,396000000000,0,165508214279,14381544585,414566095373,0,12708810589,0,0,0,0.14305004012378786,468150054175,19854016189,0.21347190576706337,5885459644,-6541008895,468150054175,-709075478,467440978697,-408027734333,59413244364,-16154571135,1774107636,-21069377932,-8576936315,21271926262,1001306272,0,410000826,1411307098,22683233360,-2800103085,8044386,19891174661,37158472,19854016189,22683233360,20877015225,0,0,0,-2219583807,6541008895,47881673673,-82375881930,25245905747,40024064636,-2043560671,-6541008895,-259395891,26375711889,-1141730065,47165778493,-74443794430,4184090909,0,0,0,0,5931466098,-64328237423,0,426250399473,-434024357794,0,0,-7773958321,-24936417251,252136929527,0,227200512276,0.0,0.0,0.7718086230437854,0.2111897232707358,0.0,0.0,0.0,0.0,0.0,0.0,0.0,0.06368061739040476,0.12710320034331493,0.04247384609783982,0.0,0.0,0.0,0.0,29766930117,0.0,0.0,0.0,0.0,-4.55081633350997,1.9246702105093598,707849828400,49499988,21.8023354778,0.7100432925,0.4426270997,7.1835316158,401.09133337567675,20139.6170489899,5.3204023284
11,AAA,2015,4,1071561008455,470061718120,0,363509670487,214186555570,23803064278,883203669585,0,636532208633,0,42587327201,12924756339,1954764678040,1135279409795,667079248529,468200161266,819485268245,819485268245,0,116439130668,9921791820,1954764678040,169259565534,0,214186555570,0,35950759648,494999880000,494999880000,296937500000,171262661266,12300795564,438769898696,0,12925115705,0,0,0,0.027333037108987653,459973169805,21177198476,32.02009347020354,4004241859,-6473520309,459973169805,-352594792,459620575013,-402756979629,56863595384,-14049073571,1907493121,-9850728132,-11918055344,26957473317,275975063,0,-545471,275429592,27232902909,-5912736437,-16791273,21303375199,126176723,21177198476,27232902909,21306829566,0,-189833370,0,-1052628129,6473520309,53770791285,129837111988,-35460533306,-223712827741,-436108509,-6473520309,-1707214116,21989064018,-4482297860,-66675534550,-30611216705,0,0,10000000000,0,0,1052628129,-19558588576,0,658674639957,-327365127551,0,-1935000000,329374512406,243140389280,227200512276,-279183436,470061718120,0.0,0.0,0.7767463715317175,0.2143708975670195,0.0,0.0,0.0,0.0,0.0,0.0,0.0,0.0763560506554942,0.12371855934080335,0.046075392676668186,0.0,0.0,0.0,0.0,35094811908,0.0546448087,0.0,0.0,0.0,-5.421287063733842,2.3853567035150016,905849780400,49499988,22.6372626186,1.118936077,0.5610543933,-12.3498456367,427.8222951488392,16354.8216703608,5.7318109546
12,AAA,2016,1,959794975336,252813635649,0,494856285883,192655801417,19469252387,945039043123,0,591620167880,0,45011150808,14726572862,1904834018459,1059664355790,598843441578,460820914212,845169662669,845169662669,0,139431328877,10023183336,1904834018459,268454207078,0,192655801417,0,37951553198,494999880000,494999880000,297200000000,163620914212,14880297914,420501508904,0,14603799146,0,0,0,0.3323662152706199,424294778325,28358077594,5.262853961174696,4088654022,-6293816656,424294778325,-742035443,423552742882,-367388672113,56164070769,-9554498445,2423823607,-10229653180,-11623011040,31269385733,2098871899,0,-1344008447,754863452,32024249185,-3687913152,123133078,28459469111,101391517,28358077594,32024249185,21407705971,0,0,0,-2118309330,6293816656,57607462482,-136978640785,21530754153,181982394033,131469132,-6293816656,-6348646745,8155684707,-9609547428,110177112893,-310081588013,7101163310,0,0,0,0,1465366185,-301515058518,0,318714416805,-344624553651,0,0,-25910136846,-217248082471,470061718120,0,252813635649,0.8847257188000001,1.2537889167,0.7000016612187612,0.22108973303544685,0.9897337535,2.7646667537,24.23257195199004,47.9833324169,38.0067067121,110.22261108099003,7.6068080647,0.08100858069182429,0.13260230682686683,0.06695288383931075,0.0920240822,0.0,0.043179113,197425963595.0,34311406549,0.0281690141,1.6027477446,0.4221698329,1.2810346088,-5.451605667014523,2.2537889167053597,1842449574000,51899988,23.6867492776,2.1041213937,1.0713646557,19.8820148626,546.3985385507218,16871.6501372283,10.9555638025
13,AAA,2016,2,963666994852,211652620139,31165218194,450225705752,237151347460,33472103307,1178459361946,0,690855962863,0,40715842055,16169175796,2142126356798,1272184933719,795893528361,476291405358,869941423079,869941423079,0,133793352241,10251742532,2142126356798,256587033995,0,237151347460,0,38274886929,518999880000,518999880000,297462500000,178828905358,13060261130,534058945739,0,16069308072,0,0,0,0.39985249181406185,517208434394,33658682426,4.971000739508474,11943366860,-7087632513,517208434394,-113449599,517094984795,-447802096702,69292888093,-9270588887,-4295308753,-12901285065,-16733994316,38035077932,679244634,0,-9326004,669918630,38704996562,-4794848948,-22905993,33887241621,228559195,33658682426,38704996562,22942799077,536604972,332629886,0,-7337100769,7087632513,62267562241,11335547757,-44495546043,13665498569,-5182389308,-7087632513,-3052002844,22472456863,6188967483,56112462205,-244929468507,17542443392,-8082461475,11031532708,0,0,7077904395,-217360049487,25905200000,503197361642,-374325744154,0,-34609811600,120167005888,-41080581394,252813635649,-80434116,211652620139,1.0250308041,1.4623799948,0.7941407829711574,0.22756983062741387,0.9887868979,2.9388350966,25.741618735828176,46.171160548,40.9482732521,112.86105253592817,7.9053676725,0.07669308324025242,0.1340041774345788,0.06509187560452522,0.1233398165,0.0,0.0545547898,225365107125.0,39657608712,0.0336700337,1.2107988827,0.2659308219,0.9128301984,-5.59532518640897,2.462379994754511,1541429643600,51899988,14.374252848,1.7930070332,0.8253049117,10.0915619959,648.5296764615822,16564.3522026826,9.063802736
14,AAA,2016,3,1018329501246,215527556511,0,491816358636,270402440661,40583145438,1437365375180,0,709611743494,0,43010288529,19999499930,2455694876426,1546666365900,908521146056,638145219844,909028510526,909028510526,0,172467208084,10707644602,2455694876426,273965763375,0,270402440661,0,38274886929,494999880000,518999880000,297725000000,340420219844,10843832311,610554606825,0,19981601624,0,0,0,0.14558736523721988,536306787098,38673855843,0.9479109654613368,4802491049,-6637193744,536306787098,-719625826,535587161272,-452794707854,82792453418,-8643546827,2294446474,-19223067035,-18667976850,43354800229,4189497583,0,-13779258,4175718325,47530518554,-8318791223,-81969418,39129757913,455902070,38673855843,47530518554,24193223431,0,0,0,858486776,6637193744,79219422505,-68061157947,-33251093201,48363678574,-4658940787,-6637193744,-4794848948,20157056168,-1104380112,29232542508,-274888345422,19341823115,8082461475,-11031532708,0,0,-4948988168,-263444581708,0,663902188877,-425815213305,0,0,238086975572,3874936372,211652620139,0,215527556511,1.4206320611,1.7014497873,0.7806264988139816,0.2377947051236188,0.9155773179,2.945812484,28.50481885145554,49.9410593934,46.9916122694,125.43749051425556,7.3086154846,0.08383585862357265,0.15458259533587576,0.07220833253573704,0.141557596,0.0,0.0576382941,243815794747.0,44901409533,0.0458715596,1.1208649415,0.2372289929,0.8232357209,-6.765119607001185,2.7014497873174927,1241836738400,56964988,9.1293252401,1.2594828656,0.6414924882,8.6348499666,678.9057138570801,17308.6912067109,8.1097453535
15,AAA,2016,4,1361646469010,406676809154,0,455567565640,450591281857,48810812359,1715969509727,0,1434278060008,0,44338667000,22353240435,3077615978737,2122863876413,1140284738375,982579138038,954752102324,954752102324,0,161862080186,10861333472,3077615978737,184015378614,0,450591281857,0,38274886929,569649880000,569649880000,0,982579138038,11280630943,800794847498,0,22332919192,0,0,0,0.45157759943489234,667686749630,41294860102,0.949968035139267,9364336931,-7265829226,667686749630,-151829729,667534919901,-568748920481,98785999420,-26458847770,1328378471,-14528130182,-15597767894,52893968976,1113839192,0,-5670790430,-4556951238,48337017738,-6890891702,2422936,41448548972,153688870,41294860102,48337017738,24406600294,0,10476192968,0,-3196243270,7265829226,87289396956,97517393,-180188841196,-32389730230,-6282701489,-7265829226,-8318791223,31804046603,-97630968,-115352563380,-247542557368,9635671076,0,0,0,0,8537700574,-229369185718,58342300000,1112709372241,-583605837501,0,-51752630500,535693204240,190971455142,215527556511,177797501,406676809154,2.8970380027,2.2234712773,1.5022517955360002,0.24975563693477473,0.8519903223,2.0704647271,27.632386087134716,66.0530752398,50.1921985976,143.87765992453473,5.5258592984,0.10285619418109657,0.14798626480042518,0.061861722691787135,0.1600524015,0.0,0.0564287504,280489270485.0,68660101344,0.1174168297,1.1941284691,0.3566449637,0.7989716572,-9.449726825164992,3.2234712772516056,1455455443400,56964988,10.2507346861,1.5419744439,0.6789233795,18.1547154335,724.916506644397,16569.6650169048,10.097187015
16,AAA,2017,1,1341363361327,480029324770,0,417176493592,403169362314,40988180651,1870294320483,0,1406817036214,0,0,24715199810,3211657681810,2154804227790,1186170042070,968634185720,1056853454020,1056853454020,0,197132223055,70007356592,3211657681810,152120859447,0,403169362314,0,45952260420,569649880000,569649880000,0,968634185720,30724304816,899752598924,0,24493425959,0,0,0,0.7287536737328288,733501156775,66894667573,1.3589281519969312,82364864741,-16833826448,733501156775,-4766214896,728734941879,-626990411059,101744530820,-53244735002,0,-22944376417,-18419181582,89501102560,138979094,0,-27458573,111520521,89612623081,-17973385002,201452614,71840690693,4946023120,66894667573,89612623081,36991119030,0,0,0,-38321974493,16833826448,105115594066,-16110461802,47421919543,-163698790751,1140746472,-16833826448,-6890891702,59022912319,-5209354020,3957847677,-205602971050,0,0,0,0,97627322000,2760017881,-105215631169,30000000000,807341295662,-662730996554,0,0,174610299108,73352515616,406676809154,0,480029324770,2.684403367,2.0388864886,1.331137283852201,0.2764645470934059,0.8997632635,2.3094808417,29.04338484026039,59.2557366196,44.7630448074,133.06216626726038,6.159741163,0.08285724939346428,0.1396180215506858,0.09179560870309862,0.1904956822,0.0730196753,0.0663251557,322133834242.0,60380972821,0.0911854103,1.1308356422,0.4046884576,0.7909439336,-3.5868834104662977,3.0388864885606197,1949324605200,59249988,9.7623477119,1.8991290639,0.7959831793,-67.6521585249,1129.0241539458202,17323.7304540115,10.361165796
17,AAA,2017,2,1332235848924,215304877872,150000000000,478263090618,442176429679,46491450755,2040472363336,0,1572921837863,0,0,25240823039,3372708212260,2199719244789,1077193213363,1122526031426,1172988967471,1172988967471,0,203137136914,156871309262,3372708212260,172188982498,0,442176429679,0,45601412428,592499880000,592499880000,0,1122526031426,14139314889,709887032138,0,25265039099,0,0,0,0.6508347455555435,853825654192,39129314217,0.16253255911093398,-63976584292,-17746808506,853825654192,-94043728,853731610464,-730816635256,122914975208,9304630309,24288655000,-7482917746,-18253416498,66795341981,665456109,0,-409095636,256360473,67051702454,-18070710325,-245989910,48735002219,9605688002,39129314217,67051702454,39700777178,0,2798609370,0,-32232107384,17746808506,95065790124,-96664232187,-39007067365,226324642900,468202880,-17746808506,-18350967320,29659442150,-6506156130,173242846546,-196970635597,486363637,-150000000000,0,0,52920000000,1350612752,-292213659208,24727500000,848563501712,-962099737104,0,-56907588000,-145716323392,-264687136054,480029324770,-37310844,215304877872,2.5191533568,1.8753111119,1.3409519454000216,0.30684468353101957,0.9195124416,2.1746998534,28.38457841444317,60.070372233,42.7215858127,131.17653646014315,6.0762067294,0.11382809277869396,0.14397378953930987,0.04583327328799898,0.1817389595,0.0902112669,0.0613954974,396412844595.0,97178640964,0.0902255639,1.2367659139,0.199875821,0.8262764824,-5.47583758122735,2.8753111118612322,1970062101000,59249988,9.805468162,1.9388129761,0.7072336803,20.0234079185,660.410500285671,17149.6685908021,9.0490768289
18,AAA,2017,3,1526953967258,239827520161,150000000000,541088681942,528819863634,67217901521,2250653582560,0,1557079991057,0,0,27221252974,3777607549818,2554983615060,1482508550346,1072475064714,1222623934758,1222623934758,0,213280026579,196362766619,3777607549818,101168563285,0,528819863634,0,45601412428,592499880000,592499880000,0,1072475064714,23533508757,984503523001,0,27228032057,0,0,0,0.9819421111815422,1062929005862,52029043164,0.3453285696470656,4124651624,-17065679630,1062929005862,-1257823584,1061671182278,-932638640218,129032542060,-20723543611,0,-13398174851,-19064587076,79970888146,416809560,0,-83860027,332949533,80303837679,-12859074134,17436976,67462200521,15433157357,52029043164,80303837679,43102366771,0,0,0,-8026956330,17065679630,132444927750,-116208426877,-86643433955,-62270960780,-2557567424,-17065679630,-18414318518,33124776493,-1087905675,-138678588616,-164880438433,0,0,0,0,0,826956330,-164053482103,25000000000,973043488743,-628751685485,0,-42037090250,327254713008,24522642289,215304877872,0,239827520161,2.5596207987,2.0897542919,1.2735559535444565,0.31982880039112,0.9856469719,2.21846853,28.945826512373127,58.2363544394,41.2487834258,128.43096437757313,6.2675626507,0.09096015955316104,0.12153719928908521,0.0490067395936684,0.1809285262,0.0984233586,0.0593315402,466990358535.0,96569780133,0.1045296167,1.0299798722,0.1617714246,0.6732737584,-5.658712821682098,3.089754291916198,2399319655600,83599988,8.722133822,1.6569609261,0.7245038704,-22.6308547547,622.357064979483,17320.8671053064,9.0290316408
19,AAA,2017,4,2142716548893,509577636533,50000000000,961381022420,536681725193,85076164747,2433440579906,0,2299486571152,0,0,35832904857,4576157128799,2951186840177,1990803708402,960383131775,1624970288622,1624970288622,0,283769575300,248117181134,4576157128799,325870456358,129729000000,536681725193,0,45683661717,835999880000,835999880000,0,959926578352,17127077695,1417686392234,0,35612756095,0,0,0,1.1364926531258892,1426507835174,65289636792,0.5810596435181501,33262328034,-28945734767,1426507835174,-1037266654,1425470568520,-1228777511440,196693057080,-30389199454,-24288655000,-61898852480,-23585370529,89793307651,1167354164,0,125482246,1292836410,91086144061,-15530305960,-229625578,75326212523,10036575731,65289636792,91086144061,48234228099,0,-183328927,0,41594661839,28945734767,209677439839,-342069322240,-7861861559,34712923129,-9953611375,-25090122154,-13802035878,35216605870,-15725281,-119185709649,-128505715261,0,-199729000000,183570000000,0,0,7575603866,-137089111395,327025000000,1481044408325,-1281172874151,0,-837919500,526058614674,269783793630,239827520161,-33677258,509577636533,2.0539080452,1.8161481849,1.4150945326526556,0.42507944046102414,1.063425384,2.1798954702,28.644114425041238,51.1980382178,42.7082932884,122.55044593124123,7.1291794121,0.0780155245060324,0.1379846497176138,0.04580216402488562,0.1731524776,0.0912756099,0.0583614535,533366719067.0,111208834071,0.1,1.0763072923,0.2559657863,0.8067268596,-3.841976545635498,2.816148184887523,3343999520000,167199976,7.4862533961,1.2143632105,0.8217005842,-20.7280567222,390.48831437631304,16469.537142613,9.6765516165
20,AAA,2018,1,2378121710833,427747817583,30000000000,1101805581424,728011904178,90556407648,2408691768768,0,2296621660253,0,0,44295845039,4786813479601,3273870677890,2135393276192,1138477401698,1512942801711,1512942801711,0,147513217577,260143949319,4786813479601,400771559209,153512876781,728011904178,0,58084583163,835999880000,835999880000,0,1138477401698,27243556954,1646054232499,0,43774047582,0,0,0,0.7699930566915908,1298291954567,49238222361,-0.26394398615901765,7085646051,-23245616132,1298291954567,-333284102,1297958670465,-1150432871108,147525799357,-25591419044,0,-31202480069,-26960451660,70857094635,1835631682,0,-3555229,1832076453,72689171088,-13081036033,401860175,60009995230,10771772869,49238222361,72689171088,60258707137,0,0,0,-4124823841,23245616132,152068670516,-143352472092,-191330178985,-75495082180,-15329744519,-30226842276,-14346347901,28400000000,-40191731930,-329803729367,-49967380527,0,-126000000000,122216123219,0,13440050000,4644923614,-35666283694,2694000000,1723588374444,-1317072210833,0,-125569969500,283640194111,-81829818950,509577636533,0,427747817583,2.5929658619,2.1639090878,1.5179831370067203,0.39577393143983114,1.1236605307,2.4016391149,28.892646989538324,50.4634126842,38.5058031134,117.86186278713834,7.2329630634,0.0688487774391039,0.11365985891072183,0.03793512342219661,0.1486836544,0.0917562463,0.0498232059,585616201981.0,89362867628,0.1149425287,1.113669195,0.2003133673,0.7727428128,-3.844289053065053,3.163909087764291,2909279582400,167199976,7.7930478522,1.1611120081,0.6271577765,-3.8678212646,294.48701811416527,14985.6343566939,8.9923458081
21,AAA,2018,2,3249517389758,610736511767,406539699602,1216552465560,900976173096,114712539733,3240181906882,0,2257110869796,0,40000000000,52006965019,6489699296640,3600336216972,2826962893668,773373323304,2889363079668,2889363079668,0,185219340327,429231453337,6489699296640,303432089790,245737603169,900976173096,0,57775383144,1671999760000,1671999760000,0,773364886697,32836828451,2184523275095,0,51938380273,0,86800000,86800000,1.719475807909914,2321958210748,36613161825,-0.06430351367892975,11991921482,-45754572288,2321958210748,-3776658553,2318181552195,-2148078103742,170103448453,-60387322612,0,-34097236248,-29223348585,58387462490,1281943293,0,-8261170,1273682123,59661144613,-8853053207,-105307377,50702784029,14089622204,36613161825,59661144613,60623677437,0,8335133216,0,-9108417254,45754572288,165266110300,256525862905,-173510576323,-55113671580,-7300165710,-39257716213,-12836251613,9937017165,-7138959628,136571649303,-930961978315,0,-511762225990,2997800000,4033992854,-164331450,3093620191,-1432763122710,1339041802000,1868785924258,-1718970606442,0,-9987655000,1478869464816,182677991409,427747817583,310702775,610736511767,0.0,0.0,0.7811793836776483,0.7558346449740659,0.0,0.0,0.0,0.0,0.0,0.0,0.0,0.046063201356637176,0.0733779665755408,0.015793914756302135,0.0,0.0,0.0,0.0,106782863620,0.1408450704,0.0,0.0,0.0,-2.333818420328799,2.246065696037652,2431039659200,171199976,6.4879353206,0.9881746298,0.3983167859,-2.9221122105,213.8619565285453,14369.9297383722,7.7549997154
22,AAA,2018,3,4217517644910,655415995968,436539699602,1374378419590,1632012045354,119171484396,2467927438122,0,2242515627789,0,40000000000,62625750724,6685445083032,3758330813509,3046738247213,711592566296,2927114269523,2927114269523,0,191818252307,420342536364,6685445083032,330077646355,201790309669,1632012045354,0,57775383144,1711999760000,1711999760000,0,711583708910,61692740101,2379470258877,0,62625355534,0,86800000,86800000,1.0590411696923319,2188614583530,42906658795,-0.17533254148544425,21541918835,-41475666353,2188614583530,-2106916397,2186507667133,-2028667698513,157839968620,-55395778502,0,-39008660761,-30300036149,54677412043,5593713364,0,-2857060399,2736652965,57414065008,-9435207667,-68610334,47910247007,5003588212,42906658795,57414065008,61654295128,0,-8335133216,0,-11842458468,39751214298,138641982750,-20721407937,94177541097,-55717897089,-9138481622,-39780332254,-8807755207,12962982835,-2578797892,109037834681,-217362813874,0,-127650000000,141597293500,-82291252000,0,7587046586,-278119725788,72006000000,1767384111827,-1625039129185,0,-810000000,213540982642,44459091535,610736511767,220392666,655415995968,1.2991080383,1.283971334,0.7661182384090657,0.7657100591725062,1.2828257309,3.1786848116,26.682459884939764,52.8585699546,28.9243389374,108.46536877693975,6.9052189704,0.04048980620593216,0.07218816151098316,0.019623374498046107,0.0866826976,0.065781783,0.0344390256,626656744830.0,88531271710,0.1398601399,1.3842730496,0.2151205462,0.8486142851,-2.1345352466795604,2.283971334033862,2448159656800,171199976,8.8524796398,0.9766185028,0.3386994376,-8.4462755146,250.6230421142115,14642.3603071007,8.4641874659
23,AAA,2018,4,3979369447153,645474843425,710906460274,1612785115376,862749230434,147453797644,3549797275250,0,2198807465735,0,58380000000,63216753151,7529166722403,4548916573712,3206103405725,1342813167987,2980250148691,2980250148691,0,265860134664,399364492474,7529166722403,531565397491,293698169669,865499747965,0,57775383144,1711999760000,1711999760000,0,1342803889822,43876545842,2492406692801,0,62507261342,0,21384352467,21384352467,0.549211537783413,2209962396990,51502432019,-0.21116988009786813,20898115374,-40295506565,2209962396990,-1037673394,2208924723596,-2011457866835,197466856761,-67212717328,0,-52254432906,-37134475802,61763346099,2498409667,0,-41813291,2456596376,64219942475,-11402731020,708675840,53525887295,2023455276,51502432019,64219942475,62414701179,2750517531,1909941812,0,-15122788195,17229071634,133401386436,7922208869,-58701115966,44662877691,2724152063,-14830657856,-10152382800,18700000000,-991445110,122735023327,-500226280664,0,-461549836986,76895216314,-10051750800,5050000000,8204123334,-881678528802,4500000000,2500687219443,-1755715121949,0,235750000,749707847494,-9235657981,655415995968,-705494562,645474843425,1.7374429037999999,1.5263539457,0.7377929220809774,0.7796099870316747,1.3236444909,3.5620493226,25.265320440563034,34.8699812901,28.4016009548,88.53690268546303,10.467456147,0.04892785476050784,0.08939501407704628,0.023315612102506173,0.0782852754,0.057627058,0.0297820161,637706331892.0,108077948053,0.1081081081,1.2443046722,0.2013268949,0.9752087881,-2.682133996222663,2.5263539457283466,3167199556000,171199976,17.57012765,1.2271754653,0.3953280721,82.1778833993,300.83200490051473,15075.268796866,9.4450686201
24,AAA,2019,1,5617907775211,482425462169,733640155312,2723205105051,1524049539243,154587513436,2364164973886,0,2149528468564,0,38380000000,53266028773,7982072749097,4857799855948,3524154034393,1333645821555,3124272893149,3124272893149,0,481202143830,328000004807,7982072749097,732797553503,486330323580,1524049539243,0,57882870224,1711999760000,1711999760000,0,1320454387728,77297401655,2627375271180,0,52689694735,0,20586202467,20586202467,1.0154505201510626,2616643195140,214037468440,3.346977981267093,52666033396,-45933094039,2616643195140,-4306411839,2612336783301,-2237684096383,374652686918,-62767516140,0,-67805674204,-31228010006,265517519964,7265638328,0,-43515900,7222122428,272739642392,-35799343105,-13315313433,223624985854,9587517414,214037468440,272739642392,62431489567,-2750517531,0,0,-46021055923,45933094039,332332652544,-854672014713,150699254480,207018095018,-4094752264,-48113857560,-12493164128,12000000000,-1082400892,-218406187515,-47713200346,116225455,-700488835038,506282986089,-140772780000,68039042569,42150123815,-272386437456,0,2151984729201,-1821851582530,0,-2404825000,327728321671,-163064303300,645474843425,14922044,482425462169,1.6862432402,1.5548577292,0.6880091919235195,0.8172852036535024,1.300401023,4.2160896582,31.008272715750763,53.3096998078,26.6623664023,110.98033892585076,6.8467840058,0.10550668829143937,0.14341668704927912,0.0819333363937624,0.1157821356,0.0818725523,0.0481147743,826135249402.0,275619002708,0.1095890411,1.5941152743,0.1368911397,1.1616570093,-6.0004449618391185,2.554857729169667,3124399562000,171199976,8.9103339347,1.1173442961,0.3350220963,20.505747606,1250.2190329746309,16333.3719646199,8.3736939787
25,AAA,2019,2,5566536029038,271392032211,1096424484079,2903327855891,1126772362258,168619294599,2784771683883,0,2144952044113,95658391772,43180000000,163218545702,8351307712921,5129086342647,3454979121357,1674107221290,3222221370274,3222221370274,0,573556482848,324702125936,8351307712921,912663107595,497445582500,1127872132637,0,67258859051,1711999760000,1711999760000,0,1561978272487,36648061601,2629631283217,0,162293980769,0,20936778548,20936778548,0.050263271291348124,2438667426222,131699043390,2.597040977216941,40394208201,-70292067113,2438667426222,-8633028459,2430034397763,-2138619937880,291414459883,-82288903731,0,-53853853069,-34954472795,160711438489,1545544420,0,-1141168616,404375804,161115814293,-10749983616,-9905581615,140460249062,8761205672,131699043390,161115814293,62646642950,1099770379,8324404521,0,-33597700799,78838332261,278427263605,-160789159433,-451643010620,562918347171,-18951026433,-73029078537,-6522990516,-12000000000,-34454226221,83956119016,-249525769880,1449703273,-751586664767,396227077080,75200000000,21000000000,-5771457421,-513007111715,0,2237245357301,-2018879546722,0,-780175000,217585635579,-211465357120,482425462169,431927162,271392032211,1.7855966946000001,1.5917858375,0.6656749483138724,0.8429077545037166,1.2358001782,4.3214357819,37.967994365967556,55.8295887987,27.3415398841,121.13912304876756,6.5377518956,0.08337582966130509,0.1199219484922787,0.05419637002308991,0.143675756,0.0910237046,0.0576333264,923981485314.0,202606134019,0.1315789474,1.611163435,0.0785509905,1.2850334288,-2.882347074717475,2.5917858375481044,2602239635200,171199976,5.8849810348,0.8980922699,0.275725132,26.6150254956,769.2702211009656,16924.7643138571,7.4104940342
26,AAA,2019,3,5114262229085,232025439569,1111500237504,2631685076927,992708266118,146343208967,2823801018553,0,2126713249523,110474976135,46180000000,164897974729,7938063247638,4727606491958,3148309419335,1579297072623,3210456755680,3210456755680,0,551656902540,334751095375,7938063247638,892272466349,281721152000,992708266118,0,67258859051,1711999760000,1711999760000,0,1443516244552,79228368836,2334836538044,0,164489650772,0,20667470288,20667470288,0.0816986254722857,2367421386693,63700407693,0.48462754924238327,42473731933,-53172638656,2367421386693,-3238652136,2364182734557,-2164606410027,199576324530,-58484445893,0,-57806654702,-40543930057,85215025811,867822567,0,-382046810,485775757,85700801568,-11434762682,-516661754,73749377132,10048969439,63700407693,85700801568,66128662611,-1099770379,-8324404521,0,-26120882159,54341479564,170625886684,332177456441,135163866519,-270510696994,-857184281,-50609351426,-21663107522,0,-2784783612,291542085809,-58693328017,424373636,-219886569425,420535246500,-3000000000,0,18591471218,157971193912,0,1887752937909,-2290153808371,0,-85571913000,-487972783462,-38459503741,271392032211,-907088901,232025439569,1.6265190360000001,1.4725650746,0.662433233452025,0.8398302239027737,1.2094709515,4.4619384081,42.67944006296735,48.1210956863,27.4261747659,118.22671051516735,7.5850309473,0.04281637721627624,0.08441662381372418,0.026943944206130145,0.1470629195,0.0983756705,0.0579786797,941150320858.0,101225739771,0.1587301587,1.6244471391,0.0736984231,1.3091324308,-1.9037185727396224,2.4725650746093466,2157119697600,171199976,4.6798341048,0.7501183892,0.2243382549,7.7087607141,372.0818727976924,16797.3485014098,6.4157637756
27,AAA,2019,4,4974037160426,349695680985,1193801102192,2076686547123,1226217495156,127636334970,3016093225780,75700000000,2081106576065,222816109964,123559449802,198463960700,7990130386206,4724198988433,3225628586083,1498570402350,3265931397773,3265931397773,0,610562025962,331158506744,7990130386206,633032388359,536662966849,1226569964860,0,67258859051,1711999760000,1711999760000,0,1374510124549,98696555635,2397086597833,0,198274060283,0,20667470288,96367470288,-0.1686567492377503,1837237323176,58905123997,0.14373480412088188,44141482621,-49945222265,1837237323176,-4000354301,1833236968875,-1656741060921,176495907954,-62238460705,-56550198,-37062485062,-42294385350,78985509260,-440869227,0,-679583217,-1120452444,77865056816,-14817799314,840277864,63887535366,4982411369,58905123997,77865056098,67473990656,352469704,7383267849,0,-35985144755,51244063173,168333702725,605614898966,-233861698742,260024922977,-4738070438,-56018587856,-29090882929,0,-3043900446,647550364257,-83049119926,6272727273,-644127608000,220854948463,-14413900000,1000000,24751762842,-489710189348,0,1726712528612,-1758168679453,0,-8575000000,-40031150841,117809024068,232025439569,-138782652,349695680985,1.5799479235,1.4537234096,0.6372168678999448,0.8543419537391791,1.1933104961,4.3262920419,27.95858084564542,46.3662835751,27.2602424422,101.58510686294542,7.8720995486,0.05298771473150641,0.09627555572496992,0.032131756557990554,0.1476920121,0.096558014,0.0593513128,937131510118.0,97139037542,0.1214574899,1.5359616905,0.1085521087,1.1585638745,-1.9449115077834362,2.446508947387681,2114319703600,171199976,4.5916964941,0.722375891,0.2283757797,4.3207499278,344.07203419818234,17096.3623699924,6.3976059681
28,AAA,2020,1,4556885712745,288449896598,840336028767,2157057260454,1117690136735,153352390191,3211346013854,303850000000,2041133677870,234318421562,87418469641,193251876387,7768231726599,4527286854655,3064318165019,1462968689636,3240944871944,3240944871944,0,597394578048,305919884973,7768231726599,666946499238,656952666849,1117690136735,0,80481616464,1711999760000,1711999760000,0,1331854827553,101266475990,2422782999176,0,193062084803,0,20667470288,324517470288,-0.39863122077948865,1573567523917,58484466803,-0.7267559403068036,36043002254,-50524146818,1573567523917,-1220192091,1572347331826,-1393581779831,178765551995,-56993723826,191019839,-58328519747,-37858614966,61818715549,20693211515,0,-8601383322,12091828193,73910543742,-11296469822,44342055,62658415975,4173949172,58484466803,73910543742,67127434887,-352469704,0,0,-27310075329,51757987726,165133421322,-35575926707,104840148104,-204702380933,-1109602657,-44447435615,-22725854278,0,-28810536379,-7728147143,-14144030419,253636364,-773835700000,817301753425,-87735438000,0,51323986320,-6835792310,30010000000,1886231270335,-1905098832145,0,0,11142438190,-3421501263,291674680985,196716876,288449896598,1.5694474468000001,1.3969033827,0.6297958646379803,0.8478056752036107,1.0234485434,3.9075023594,43.91340437805607,55.4040892642,28.0720408374,127.38953447965606,6.5879613734,0.05251919573399851,0.11369342407786949,0.037195640949815305,0.0966923689,0.0691220945,0.0390403953,746926059718.0,82578417282,0.1363636364,1.4870798224,0.0941318365,1.1223363211,-1.6344346709993365,2.3969033826667405,2323199736000,211199976,6.0714678924,0.7915434268,0.2833239018,1.8704328051,276.9151204969834,13896.9001917453,8.1605233501
29,AAA,2020,2,4344553691137,267894557509,727670657534,2316599745175,897444507113,134944223806,3442031148277,316150000000,1986864018217,239089489059,182496701830,188794058791,7786584839414,4544986504306,3174568932453,1370417571853,3241598335108,3241598335108,0,670586342115,234344872256,7786584839414,678970729014,898492404396,897444507113,0,80481616464,1711999760000,1711999760000,0,1225279196361,70965720591,2459494332797,0,188662388275,47257112000,19095450918,335245450918,-0.2562708438666404,1813708066994,67684300148,-0.4860683995435967,49809253203,-53578102302,1813708066994,-3112083642,1810595983352,-1627230324269,183365659083,-66895670460,280167868,-56663819282,-34233723263,75661867149,-7465221013,0,7816270394,351049381,76012916530,-1796665761,-13670181,74202580588,6518280440,67684300148,76012916530,67430455401,2555047679,350486229,0,-42812676653,54811943210,158348172396,132478815857,64831115112,102704845314,8207226415,-57649976417,-138893181,0,-9987935348,398793370148,-64265638513,1363636364,-869368623314,636105707000,-129451214638,72274544028,27598558272,-325743030801,-20010000000,1586411116803,-1658900987142,0,0,-92499870339,-19449530992,288449896598,-1105808097,267894557509,1.5147011499,1.4020819468,0.612927270074873,0.8479766160251507,0.9631052394,3.6816566169,38.27547559904759,56.4719618988,28.2812451969,123.02868269474759,6.463384443,0.051070541074995396,0.10127364733436044,0.03738233198921298,0.0767885227,0.053911531,0.0316074349,641571854688.0,92468116538,0.1382488479,1.3685491743,0.0843876958,1.0858511053,-1.7258565078843469,2.4020819467611725,2406095717900,221759974,8.4360766474,0.8000974137,0.3174116743,1.5777671277,305.2142319785806,13560.8487348217,9.4413735851
30,AAA,2020,3,4205633058730,238982685166,720904657534,2218744590601,828614538583,198386586846,4000543436017,138250000000,2383104968821,406687571620,417733256928,302699699131,8206176494747,4239353049643,2795587293037,1443765756606,3966823445104,3966823445104,0,643354324705,426501391236,8206176494747,638543291761,728622625208,828614538583,0,80481616464,2111999760000,2111999760000,0,1297214944627,60862829148,2170404392079,15904880326,286794423615,265945943589,17614940288,155864940288,-0.18483540954204639,1929838085125,78565203153,0.23335479313790145,44835095737,-49063026634,1929838085125,-2681072633,1927157012492,-1719945872561,207211139931,-53099248518,810923830,-55642770831,-42383700043,101731440106,1364867671,0,-3074494731,-1709627060,100021813046,-13857106104,-86824438,86077882504,7512679351,78565203153,100021813046,76145933985,-946799679,-350486229,0,-33068733758,50296867542,192098594907,40684916374,94137746461,-159945546613,-22898694054,-40337325036,-10464264917,0,-2123210327,91152216795,-18947631033,1000000000,-325565980140,659096009328,-493700234696,38518235972,19450883068,-120148717501,539951500000,1633609487500,-2068386074474,0,-105571913000,-396999974,-29393500680,267894557509,481628337,238982685166,1.2011712514,1.0687022269,0.6007590208639904,1.037689797936193,0.8999161631,3.3646543997,31.994205222172532,58.0565342814,26.8417936304,116.89253313397253,6.2869753511,0.0566558242785904,0.1075216697901828,0.04076741160358678,0.0768890601,0.0512977572,0.0332131988,659548055348.0,109184669057,0.1229508197,1.5043826638,0.0854856816,1.2079817821,-2.225396118985789,2.0687022269356015,2705471682800,221759974,8.8017822734,0.764188015,0.3787405761,2.0539564826,354.28035878557597,15964.6575980749,9.6438912586
31,AAA,2020,4,4451050828524,963717122052,713600000000,1669170204812,946809379604,157754122056,4118563089369,114055000000,2325026613214,447748684374,533377809163,277269221328,8569613917893,4545451942407,3772834861366,772617081041,4024161975486,4024161975486,26544930000,568916257156,426375132551,8569613917893,790942957319,42643890561,947201357809,0,80481616464,2217599740000,2217599740000,0,617146847843,106523885106,2943359269628,15191976499,261846885299,17353094158,17129962668,173910564469,0.1545247612378293,2121135981877,57706672925,-0.020345446892888915,37983730931,-48081193362,2121135981877,-2679294503,2118456687374,-1910863817019,207592870355,-51588379475,15621701593,-85209410170,-52489854638,71910658596,1132208365,0,-4040106748,-2907898383,69002760213,-8856371230,287059614,60433448597,2726775672,57706672925,69002760213,76425251008,11008530063,530341283,0,-43643100864,49315034270,162638815973,-211087050521,-6510052353,255465748250,5066015927,-56903309992,-16265950043,0,-2082938835,129321278406,-174076282847,1495454546,206669053545,571360938636,-136462696800,1900000000,37552154916,508438621996,0,1823295284367,-1732861991513,0,-3100000000,87333292854,725093193256,238982685166,-358756370,963717122052,1.0381938222,1.1295960112,0.5777666573506166,1.0526891062818902,0.8973384053,3.3719187218,34.52183680475817,59.512232838,32.8538620207,126.88793166345818,6.1331928344,0.03299269980999179,0.09799250161320423,0.02723995881951787,0.0720520923,0.0466907872,0.0316775866,641253883704.0,69893605547,0.0,1.191690332,0.2554358082,0.9407359663,-1.4536578786798373,2.129540006117185,3614687576200,221759974,13.783847967,0.7748049206,0.4865935025,5.9011578971,260.2213189518141,21037.553539531,11.3368913682
32,AAA,2021,1,5279713527496,967769374300,176256000000,2784501446413,1166690129425,184496577358,3899671614948,1400000000,2267854058668,439985635641,491199417821,272243603308,9179385142444,5051729751083,4114416685869,937313065214,4127655391361,4127655391361,26544930000,624461925263,474808399771,9179385142444,697254117869,947837432790,1166690129425,0,80481616464,2217599740000,2217599740000,0,823370791373,132191581438,3141542877800,14792187644,257354754437,17353094158,17129667528,60663433603,0.45171638499161887,2284373757361,75141819491,0.28481669746787447,45537795466,-37769042726,2284373757361,-756449265,2283617308096,-2044520172452,239097135644,-42748982353,3919288485,-102440067463,-38157791391,105207378388,1246188544,0,-398070888,848117656,106055496044,-14070463568,-2466580164,89518452312,14376632821,75141819491,106055496044,76395566067,-870072363,0,0,-37329840142,39329555287,183580704893,-197643910521,-217704055511,79793533996,-10977933273,-25084122847,-11786630487,0,-1973501250,-201795915000,-31488705821,0,-941573057631,737771615402,-59784000000,0,29457899935,-265616248115,63450000000,2150369385801,-1741869450986,0,0,471949934815,4537771700,963717122052,-485519452,967769374300,1.1600494682788849,1.2238738536834717,0.5494291174148206,1.079762169475465,0.9649558067321777,3.6326959133148193,30.914298716443128,47.9825553894043,26.685731887817383,105.58258599366481,7.606931686401367,0.043133005009550064,0.10470105249086188,0.032904733741771566,0.07268063724040985,0.04572660103440285,0.03308635950088501,666442858496.0,98499276790,0.0974025974,1.2832229137420654,0.2352142333984375,0.999661386013031,-2.6079368096399658,2.2238739119685347,4570103599600,296759974,12.4040491848,0.9681300933,0.5614497218,8.2926614735,253.20739343035527,15906.9531108329,12.0671352388
33,AAA,2021,2,5467617108516,2214209755238,11156000000,1918577752695,1131960274006,191713326577,4174692972811,94014542000,2234226484099,431815404971,478552084639,314088690352,9642310081327,4426884790877,3710035034429,716849756448,5215425290450,5215425290450,26544930000,666244197560,454318963753,9642310081327,702975473222,151570190000,1131960274006,0,80481616464,2967599740000,2967599740000,0,614304967906,139624271691,2790701013738,38591219644,275406853401,16747330798,17129077248,181186557642,0.8028239226301114,3269796291844,86326563080,0.2754296475140677,50031313543,-44492122484,3269796291844,-5050435836,3264745856008,-2900720665515,364025190493,-54678764618,3161056598,-184330649064,-51778894990,126429251962,2821164461,0,-12019917023,-9198752562,117230499400,-20006729975,-1226136212,95997633213,9671070133,86326563080,117230499400,79633010142,1908291760,3398132424,0,-15088533770,46419458220,233500858176,204896918583,139241195072,-333463923603,-6815378180,-60756317491,-2598789767,0,-29759909367,144244653423,-198280466896,60000000,290445357631,638090743159,-125855923243,7125000000,24637984105,636222694756,1082328154488,1997941393941,-2612976053148,0,-95860000,467197635281,1247664983460,967769374300,-1224602522,2214209755238,0.7706583309,0.8488060981,0.4283881677281634,1.3643142153145367,1.0780510693,4.1666692293,30.69513800802568,43.3527121447,22.8135943557,96.86144450842569,8.4193117787,0.03918088944154756,0.11150184625339118,0.026442046911901638,0.0687063859,0.0470386208,0.0334563246,714092959035.0,127915646439,0.0923076923,1.4737373253,0.5968164006,1.1686296205,-2.87501785254233,1.8488060981303094,5304560560000,326434496,14.3041395148,1.1141445278,0.55290529,26.140804138,264.45294274291405,14585.1813611543,9.7321723485
34,AAA,2021,3,5461324349888,1439605995924,11156000000,2804651300757,1024271430739,181639622468,4495790870966,97001119400,2167859389674,423764703921,487167006719,295536442376,9957115220854,4659393268030,3801512394659,857880873371,5297721952824,5297721952824,26544930000,642001836089,564346517617,9957115220854,890965927240,633444990000,1024271430739,0,80481616464,3264344960000,3264344960000,0,766558966756,221778116269,2445966609318,37570948202,257445687452,16747330798,17126470178,193680938752,0.7666065202989163,3409264544303,62514754147,-0.20429462868877105,55774446901,-32749759815,3409264544303,-2084430427,3407180113876,-3089423538078,317756575798,-42326671031,8614922080,-198261662585,-46724789099,94832822064,1361529707,0,-2654405570,-1292875863,93539946201,-30249410376,3982163568,67272699393,4757945246,62514754147,93539946201,78753243347,-4140362635,-3398132424,0,-27334532159,34859183964,172279346294,-408163859307,108838407355,238726795067,24202739590,-26536036929,-8221850904,0,-2804615540,98320925626,-388883567943,241818182,-682618785150,197696457750,0,176625000000,19516676853,-677422400308,0,2237713620857,-2430000886314,0,-100000000,-192387265457,-771488740139,2214209755238,-3115019175,1439605995924,0.7510935037,0.879508836,0.4092059585192844,1.3858423745914767,1.1860205783,4.9245319187,31.530064389151658,39.1782853262,22.9325713269,93.64092104225166,9.3163852619,0.02135787416040559,0.09326086827752728,0.01834794523846976,0.0603676065,0.043368733,0.0301688561,680285723454.0,72770124114,0.0852272727,1.4366188461,0.3786929639,1.1671809687,-2.2220048185107584,1.879508835971708,5745247129600,326434496,17.6491313947,1.2137738086,0.5188050522,29.2289547649,191.50780604694427,14500.2305001705,11.881056663
35,AAA,2021,4,5336715803039,1987170712682,436156000000,1810385030365,965573567309,137430492683,4654916125530,44699588400,2100839611952,526347470213,569909270071,325676975271,9991631928569,4533249592064,3260484568906,1272765023158,5458382336505,5458382336505,26544930000,723894567551,646409327235,9991631928569,372650796035,84906400000,965573567309,0,80481616464,3264344960000,3264344960000,0,1175997845832,147812623494,2172872598928,36550676761,287014288216,17995000000,16438046128,278966433205,0.9809409367068366,4201845098822,60517570104,0.04871008908542097,78107573142,-36654735524,4201845098822,-3008748801,4198836350021,-3818147546774,380688803247,-59979045743,7177874375,-253505725452,-58090081859,94399397710,3188946836,0,-778912475,2410034361,96809432071,-50722612194,23788721197,69875541074,9357970970,60517570104,96809432071,81044282228,-1143794525,5222727270,0,-54268578590,40381953881,168046022335,699714129641,56503768864,-272545129225,-28958205206,-37925964104,-69329100802,0,-10090061576,505415459927,-67544808337,6148859433,-306563393250,601792164250,-215370152337,94080000000,68286037257,180828707016,-66000000,2377841858974,-2364989976189,0,-148350075501,-135564192716,550679974227,1439605995924,-3115257469,1987170712682,0.8314740347999999,0.8351349645,0.3848831911062439,1.4278698667109093,1.4148395044,5.9392259934,27.63438688308795,29.9691722399,18.161877542,75.76543666498794,12.1791818966,0.016455272407950465,0.09066531093670656,0.014412938504663877,0.061242978,0.0417635658,0.0312440856,684020714649.0,69092995936,0.0887573964,1.6313396713,0.6057175953,1.327475656,-1.884967793336301,1.830511553165885,5516742982400,326434496,17.5638989659,1.1506420345,0.4197441123,11.4912775942,185.3896289931319,14687.452303074,11.4821216843
36,AAA,2022,1,5562193645295,1549911273413,461156000000,2348160848783,1042196865390,160768657709,4914883371635,13390050000,2056372616664,518130196694,943436624332,295194174127,10477077016930,5103178395965,3838441760839,1264736635126,5373898620965,5373898620965,44744930000,712807348143,558394575559,10477077016930,663295939185,246463950000,1042196865390,0,80481616464,3264344960000,3264344960000,0,1164711621851,193173188077,2408188617527,35530405320,257137750184,17432479452,16438208698,232828224110,0.0,4027853795475,88086043638,0.0,31625143230,-39865290941,4027853795475,-169397008,4027684398467,-3634008629551,393675768916,-50899286147,16318624809,-213685606963,-54852980342,122181663503,1008460580,0,-273750352,734710228,122916373731,-26842454914,414008329,96487927146,8401883508,88086043638,122916373731,77740276559,0,0,0,-28200497873,41344677305,213800829722,-440106633757,-44812029961,349982802317,19540118710,-29521377130,-35822639344,0,-13913833989,19147236568,-70099552131,958181818,-228297600000,73049588400,-455798729452,400000000,12001406524,-667786704841,0,2045526520535,-1831645656136,0,0,213880864399,-434758603874,1988170740182,-3500862895,1549911273413,0.8815968063,0.9496231239,0.3826593617976987,1.4057695915358686,1.487311251,6.9624618936,31.921390520694604,28.2663818173,18.2488809524,78.4366532903946,12.9128659748,0.03106926194580419,0.09774245694767922,0.021870145454178817,0.0557393233,0.0441404746,0.0296939138,712086760376.0,125137181611,0.0826446281,1.4490759511,0.4037865806,1.1775603387,-3.1390008364971185,1.9496231239004307,3949857401600,326434496,13.1155444472,0.7200431839,0.2651187386,5.0853974975,269.84293852938873,16804.5476584864,9.1719735664
37,AAA,2022,2,5808222903667,1020615568519,461156000000,2213600227647,1910442387300,202408720201,5119501983546,0,1993981354776,509061137434,1328019487262,307920744143,10927724887213,5337317566503,3996286768740,1341030797763,5590407320710,5590407320710,44744930000,756325262940,718777866614,10927724887213,294306624209,279288799999,1925460191272,0,80481616464,3264344960000,3264344960000,0,1159642207370,139711640962,2390694768419,34510133879,269073386524,123752479452,15926573228,85387374158,0.0,4578733575653,85425095236,0.0,62151890682,-35891150019,4578733575653,-3873387481,4574860188172,-4231027690855,343832497317,-59187504578,8438343001,-178910187534,-60039573317,116285465571,2149643923,0,-3926631782,-1776987859,114508477712,-23112399121,1811205117,93207283708,7782188472,85425095236,114508477712,77466757647,15017803972,2402271095,0,-41731937957,37562536383,205225908852,176401068731,-871308239634,234240687966,19344545071,-46554809787,-23029627269,0,-4581686339,-310262152409,-60916344516,4288215488,-113708600000,94273800000,-328965788845,0,30094233813,-374934484060,184465690000,2211111508981,-2254117427321,0,-152250000,141307521660,-543889114809,1549911273413,14593409915,1020615568519,0.8425109143,0.9547278508,0.3566790826473728,1.4624065636620445,1.5678036272,7.793464522,32.51294841378408,30.6223573187,19.2573326602,82.39263839268409,11.9193958911,0.0229258889128825,0.07515694101558694,0.018672722601853705,0.0546110244,0.0406841091,0.0286837256,686887597908.0,104882736466,0.1242236025,1.4534049331,0.2553909736,0.9753505546,-2.9222450774209614,1.9547278508187742,3077309692800,382274496,9.2993340199,0.5552997172,0.1898570566,8.82107271,223.4653269570984,14496.6758496387,9.2093800877
38,AAA,2022,3,6138746931264,1353251366894,436156000000,1953273833748,2158635136318,237430594304,5139248523054,20000000000,1932240625546,499800506889,1399487037545,298391234547,11277995454318,4882951646543,3326090788653,1556860857890,6395043807775,6395043807775,44744930000,817221849987,781210013532,11277995454318,330166643975,438869500000,2158635136318,0,80481616464,3822744960000,3822744960000,0,1385773140280,137717980454,2021311451391,33489862437,260202008337,17432479452,15933076028,107195713558,-0.03456980203690681,3291406943915,79866172011,0.2775571639168427,43749317209,-40362653734,3291406943915,-11072289994,3280334653921,-2972146306598,308188347323,-61887618795,16495471816,-140819634222,-58132125521,107593757810,1517118689,0,-4231390245,-2714271556,104879486254,-28624194066,362140033,76617432221,-3248739790,79866172011,104879486254,77044825156,-15017803972,-2402271095,0,-24341529139,41938040098,182100747302,383839543987,-231234709781,-365320565207,14730217293,-30350467860,-1798257475,0,-8552348825,-56585840566,-6390393418,461976155,-194394250000,39813550000,-91470298950,77000000000,14161103970,-160818312243,669755200000,1955219078912,-2082615105317,0,0,542359173595,324955020786,1020615568519,7680777589,1353251366894,0.7494644097000001,0.7635524937,0.30214658157568997,1.6728931369188176,1.5073865881,7.9578630443,32.26700699701471,37.9304146706,19.4697752266,89.66719689421473,9.6228845155,0.033300440078401446,0.09395027637031514,0.024346958599341557,0.055026482,0.0416592688,0.0294222921,721645643183.0,109236587580,0.1404494382,1.8456342058,0.4068594193,1.19663354,-2.7063777396772886,1.7635524936680465,2721794411520,382274496,7.7246025644,0.4848370136,0.1692477644,15.3740466077,208.9236212373425,14685.3474479318,7.7002303032
39,AAA,2022,4,5623485000285,1655456757815,436156000000,1551890327952,1776319126153,203662788365,5157831431634,940160000,2077458744071,497283341861,1494090455165,308638603479,10781316431919,4613713019899,3195249080486,1418463939413,6167603412020,6167603412020,44744930000,717576194474,651740713232,10781316431919,256752902117,176995600000,1846699548793,0,80481616464,3822744960000,3822744960000,0,1242368724012,147950965344,1887821444978,32469590996,270203822136,0,15735626640,86913682992,0.0,3415845425613,-97726483611,0.0,76956511432,-57560677981,3415845425613,-9286091326,3406559334287,-3372303457270,34255877017,-85428295752,16543417620,-129385434583,-74282129130,-161340053396,2648735254,0,-1248408201,1400327053,-159939726343,5919794061,1265826574,-152754105708,-55027622097,-97726483611,-159939726343,78720592438,72903141735,-4669068884,0,-62383783157,61111899455,-14256944756,167848220205,314319448458,99224101800,-2565528178,-63741091449,-55084318179,0,-16900655418,428843232483,-15139349352,280000000,-78365030000,359298770000,-78060000000,-77000000000,27047197404,138061588052,0,1680590002871,-1947195375732,0,0,-266605372861,300299447674,1353251366894,1905943247,1655456757815,0.708544404,0.7493936661,0.3368340350843984,1.6133965191389592,1.4698421537,7.3189604883,28.942635516169663,36.7267125105,17.5479925959,83.21734062256967,9.9382704046,-0.04973102478822909,0.01005585802431644,-0.02868773857169711,0.0262523677,0.0185494147,0.014669233,483535643419.0,-169411686696,0.1086956522,1.7647871237,0.5123926305,1.2065145294,2.9431843515102534,1.7480560457093215,3516925363200,382274496,21.3915905998,0.6371371672,0.2300102703,33.6200149888,-255.64479093839418,14439.5908352071,13.136505422
40,AAA,2023,1,5674658316737,1827056484454,697156000000,1848856141722,1135368241370,166221449191,5227312943630,51940160000,2018003467301,487328076836,1582738207943,301051591601,10901971260367,4670840550735,3265392932493,1405447618242,6231130709632,6231130709632,44744930000,773594528190,660472823778,10901971260367,283889830619,385493358986,1154741772552,0,80481616464,3822744960000,3822744960000,0,1228962193450,145738903079,2166459218015,31449319555,265933929708,0,15734185186,137514792584,-0.1018549581975626,3617596915511,53895480338,-0.38814960790508607,47003239324,-45134977429,3617596915511,-883996058,3616712919453,-3370542435514,246170483939,-56006994655,14564670455,-109390083352,-66043720520,76297595191,3180093849,0,-233757804,2946336045,79243931236,-13692553202,-1754298152,63797079882,9901599544,53895480338,79243931236,78929940763,-51606850211,0,0,-44901416718,47183323669,108848928739,-242087350041,705838019395,-36367958626,-9800532569,-39504358359,-2964523858,0,-14860374203,469101850478,-14647760621,2172727273,-1073505058986,565507300000,-74200000000,0,48327932760,-546344859574,0,1562749667361,-1300227194324,0,0,262522473037,185279463941,1642978052440,-1201031927,1827056484454,0.7421419676,0.749597588,0.3238583110095246,1.630014760292039,1.3560085099,7.419123835,30.66310197275858,46.3612718399,20.0388069677,97.06318078035858,7.8729505364,0.01955827892408402,0.0680647011309461,0.014901785554533666,0.0225218533,0.0119922809,0.0110697662,427606433421.0,70736680067,0.1333333333,1.7378179086,0.5595211732,1.3901206284,-1.5672253337951259,1.7495975880452765,4300588080000,382274496,34.157451534,0.772007215,0.2890477932,7.8117036569,140.98633547868178,14572.4026691386,15.2697090606
41,AAA,2023,2,6040107176096,1367496215370,1506625000000,1379548589695,1559082860922,227354510109,5189927737183,111910000000,2062651076560,477372811811,1306032417107,900076803830,11230034913279,4885759889773,3596439506682,1289320383091,6344275023506,6344275023506,18751291534,797055737811,770159411296,11230034913279,329637197645,59897289636,1582848352787,0,80481616464,3822744960000,3822744960000,0,1143790699303,266498373972,2103986867520,60714229541,834027705706,0,7987139470,119897139470,-0.3901680576180326,2792257990090,42275112576,-0.5051206854471922,61416035204,-46607049754,2792257990090,-944663741,2791313326349,-2556304153355,235009172994,-59379004371,3570401793,-118984474113,-59741058059,61891073448,4640556916,0,-2514955640,2125601276,64016674724,-15813694251,1666526245,49869506718,7594394142,42275112576,64016674724,79903010743,4527105530,7776511050,0,-53320370968,48655395994,151558327073,399399558618,-393922719770,15871558160,138280404,-61947385261,-383262390,0,-5967343607,104747013227,-5244518525,5669990545,-632254310650,291517800000,-46945861403,0,42351595276,-344905304757,0,1520426312223,-1747016703620,0,-104000000,-226694391397,-466852682927,1827056484454,7292413843,1367496215370,0.6922096299,0.770105311,0.3251200600411754,1.6596124224583373,1.1852934747,6.4743374018,30.267412591406014,50.140740739,20.5458300488,100.95398337920601,7.279509529,0.020163856307603503,0.08419304661200067,0.015145240835895437,0.0140627869,0.0069688131,0.0070882956,381443590873.0,56283640822,0.1604278075,1.6794685869,0.3802361232,1.2459612644,-1.207620759500434,1.7701053109568712,3574266537600,382274496,45.7164453132,0.6412257632,0.2729506155,3.7840017143,110.58836783084791,14581.4478091942,16.3188147587
42,AAA,2023,3,5858655780805,1689712971535,1391367436000,1922463914793,690502336003,164609122474,5751606062962,143345750000,1998478887675,468794498332,1317954806265,827567134188,11610261843767,5162454215090,3206291903677,1956162311413,6447807628677,6447807628677,18751291534,893732261191,772208164353,11610261843767,317819969095,296549690310,704118740818,0,80481616464,3822744960000,3822744960000,0,1099098717329,118527164622,2055450182038,58981737219,762222868167,0,9859920408,153205670408,0.07290048021427414,3531352090707,99049764272,0.240196716306346,63082764650,-46635327606,3531352090707,-2273196017,3529078894690,-3209329498857,319749395833,-52837104055,11922389158,-146527042033,-71930869436,123459534117,6662250470,0,-3063556223,3598694247,127058228364,-24538430487,1027660219,103547458096,4497693824,99049764272,127058228364,82899563127,-10149087050,-7776511050,0,-51721638458,48683673846,188994228779,-242725869026,705005970756,297014231771,3669156161,-36145502874,-695575853,0,-3172197230,911944442484,-375926041639,1155130364,-512427464868,359734310000,-4748600000,0,23132599559,-509080066584,0,1796927814677,-1882099216396,0,0,-85171401719,317692974181,1367496215370,4523781984,1689712971535,0.6597044859000001,0.8006526423,0.3099470397948364,1.6866957372633617,1.198795168,6.5437448324,30.298634151321398,38.5792106969,18.7596606163,87.6375054645214,9.461054112,0.028701960876082257,0.09060420732279699,0.028066746940975003,0.0174593204,0.0061339233,0.0087588522,379353225628.0,101291484364,0.1578947368,1.8272371814,0.5269991075,1.6118786436,-2.1719904107839496,1.8006526423229012,3631607712000,382274496,37.249599168,0.639863284,0.2721596994,1.8967608936,259.1063890173829,14846.9215804656,15.47015132
43,AAA,2023,4,5688336332807,2435058282465,1079609986000,1232500178273,760810693155,180357192914,5846639913087,77154150000,1946902023233,1317371277837,1328045371157,873382788410,11534976245894,5614689992713,3746883819114,1867806173599,5920286253181,5920286253181,18751291534,565860941388,571368089756,11534976245894,343902777299,63067844806,762527847268,0,80481616464,3822744960000,3822744960000,0,358670895783,144718492819,2625493361173,57203184735,801064621258,0,5143119278,84392803593,-0.21332674928410458,2687154224910,93772934728,1.9595447545341231,67921370313,-48476740408,2687154224910,-2575473135,2684578751775,-2375451450167,309127301608,-67250781564,22819564892,-135967900119,-89321724866,107327830264,4372115464,0,-3672034674,700080790,108027911054,-24597831305,8752453615,92182533364,-1590401364,93772934728,109937088896,88896769206,2798290586,-8615650660,0,-86334887927,62673329448,169354939549,597907657686,-58402706875,567212443017,-32749012751,-108293191308,-55968239888,0,-5009574698,1074052314732,-181665649920,64117964,-184320315484,722225720000,-603975000000,0,49726386229,-197944741211,0,1522961842298,-1650773058457,0,-23343500,-127834559659,748273013862,1689712971535,-2927702932,2435058282465,0.5605766528,0.942269647,0.32885268380171984,1.5487002965484258,1.1279643641,6.1712685094,25.412396005930024,41.9197261786,20.1703925917,87.50251477623002,8.7071179436,0.03122936012496109,0.11514927673610247,0.034930223099619954,0.0532785606,0.034907005,0.025864154,643326368221.0,83837676623,0.1388888889,1.5203418863,0.6516006007,1.3111709968,-1.7294412932344039,1.9483815059949505,4128564556800,382274496,14.2654252776,0.7725368035,0.3271053306,1.5786706885,245.30261816890865,13979.916492224,9.8948355973
44,AAA,2024,1,5504717598034,2017366509375,197451050000,2530441102546,604260563714,155198372399,6181900412655,398934150000,1964597358066,1358591960902,1353097235679,879836245565,11686618010689,5623021220528,3411149443389,2211871777139,6063596790161,6063596790161,18751291534,693519845467,586511698011,11686618010689,698841814064,759308754048,605617802847,0,80481616464,3822744960000,3822744960000,0,329579423872,115433010516,2382591097052,46267726588,816694523674,0,6590980260,405525130260,-0.18042878505572832,2964878299224,134706559842,1.4994036419603567,47863280080,-35048921226,2964878299224,-1046971601,2963831327623,-2632000466517,331830861106,-39801387126,23727758055,-123010462870,-73583410041,167026639204,1119155732,0,-214707375,904448357,167931087561,-26560017429,2523094307,143894164439,9187604597,134706559842,167931087561,91337486865,-352690563,0,0,-60920062337,37415239242,235411060768,-465715173002,177706047827,308281803900,-27804390855,-36779880432,-10445397963,0,-3366327198,177287743045,-232275863255,528233500,-1199063158972,1063010085730,-33120000000,10000000000,80723292089,-310197410908,0,1211587610415,-1485454686996,0,-10532850000,-284399926581,-417309594444,2435058282483,-382178664,2017366509375,0.5016411959,0.9273408861,0.32399868033010093,1.5861892052984357,1.039366994,6.0049460632,28.387159845781287,30.9594717067,19.4772624309,78.82389398338128,11.7896068595,0.04562911085208766,0.11196010313182335,0.04545014373339356,0.0670065392,0.0429193,0.0321136943,719686619945.0,135236988195,0.0,1.613742725,0.5914037315,1.4365999249,-3.8585207037607328,1.927340886130837,4625521401600,382274496,12.5080225089,0.8445224647,0.3864648513,2.0394431797,352.3817603620619,14327.6236041392,8.2075127527
45,AAA,2024,2,6152632538191,2188093990715,1318382250000,1585450329064,890797021045,169908947367,6115223219397,343300250000,1916572415553,1340350302192,1343884550537,881415303958,12267855757588,6105593398756,3607913079905,2497680318851,6162262358832,6162262358832,18751291534,782172256083,585026551130,12267855757588,655264859253,106738000000,891770591173,0,80481616464,3822744960000,3822744960000,0,547451539393,154634275729,2510129835339,44736658042,823302978572,0,10409193733,353709443733,-0.0029414050886950004,2784044828229,135887872408,2.2143704446370864,98092361110,-40781649677,2784044828229,-1564742697,2782480085532,-2424146450534,358333634998,-53929325111,21455880482,-173233226618,-76353933733,174365391128,4414811284,0,-1545380136,2869431148,177234822276,-33386351113,-5934364992,137914106171,2026233763,135887872408,177234822276,86460873829,3923958950,-19436035413,0,-44363994548,42434224106,246253849200,357594984555,-286190999663,68501270137,7943781367,-49111042138,-18131873861,0,-19141807949,307718161648,-161897844756,19809066533,-1046805091028,638068374880,0,0,34259512218,-516565982153,0,1711495211246,-1374335447935,0,0,337159763311,128311942806,2017366509375,42415538534,2188093990715,0.5850177588000001,0.9908038709,0.31101765941628434,1.6119993416542233,1.0157148388,6.1125108834,27.64654725379728,25.4177263037,18.3175784746,71.38185203209729,14.3600570578,0.039082570693837713,0.1287821022911249,0.048836961354934094,0.0839567952,0.0465422882,0.0393562604,778707316856.0,108746474647,0.0,1.7053161764,0.6064708163,1.4584152668,-2.6665540876422846,1.9908038709201046,3608671242240,382274496,7.78709072,0.6470358017,0.3017291453,1.4604076709,355.4719810761323,14589.6099950701,6.5020387863
46,AAA,2024,3,6956714508528,1945532019980,1346697394178,2303218872955,1138806271275,222459950140,6075525235098,358500000000,2717470957150,1324944634827,273912623253,955164387362,13032239743626,6955710255283,4136418106173,2819292149110,6076529488343,6076529488343,18751291534,269844663327,1022402946905,13032239743626,740033832744,290325328767,1139066069693,0,80481616464,3822744960000,3822744960000,0,779984342981,151267936143,2801596271811,43205589496,897925186661,49976592621,19413131805,377913131805,-0.09532640680006627,3194720984754,21799597923,-0.779912672349868,33516838128,-33905226424,3194720984754,-1321449422,3193399535332,-2848063506913,345336028419,-38092712972,7564464721,-191007387234,-183779758052,-26462526990,874508486,0,-2327212524,-1452704038,-27915231028,1870420871,342912354,-25701897803,-47501495726,21799597923,-27915231028,81806145599,143380938,21643938611,0,-28790374292,36376915834,83264775662,-269764845303,69125306894,147006907967,1283122153,-28728048279,-668101215,0,-5738740706,-4219622827,-156864177958,1652861954,-330701217945,199336846825,-81900830076,187500000,4133604945,-364155412255,0,1841320124377,-1676212552889,0,0,165107571488,-203267463594,2188093990715,-39294507141,1945532019980,0.7177723676,1.144684687,0.4472077297350569,1.5895722973742408,0.9582757532,5.4411007164,28.584014184697722,30.1719200179,20.1681911836,78.92412538619772,12.0973408316,-0.009222496759691591,0.10814056449817118,0.006826454905440956,0.0719877681,0.0308932099,0.0318345851,646871298097.0,-29451116867,0.0,1.6818209209,0.4703422067,1.4065087445,0.8686305910097939,2.1446846869790708,3146119102080,382274496,8.1470436056,0.6224852259,0.2706504383,2.0234377439,57.026032735911315,13221.1973184787,8.9733006564
47,AAA,2024,4,6426369244563,2419517905105,718639358712,1801012289922,1286443372106,200756318718,7341846339892,358500000000,3037270806863,1303970692613,254217998561,1136863151319,13768215584455,7531941631255,4132594319010,3399347312245,6236273953200,6236273953200,18751291534,539311728597,902455310817,13768215584455,548902941301,1500000000,1288143128446,0,80481616464,3822744960000,3822744960000,0,1339620732954,135152896271,2554855324899,156430635657,966201588541,30376592621,26148137968,384648137968,0.4305353605637385,3844069138022,76186464918,-0.1875431312991508,91249831608,-49789576625,3844069138022,-1549525461,3842519612561,-3393914630919,448604981642,-68898239666,3971654058,-229528379756,-46666193570,198733654316,3807565493,0,-104225861458,-100418295965,98315358351,-37525854225,2885963798,63675467924,-12510996994,76186464918,98315358351,140838609929,2503038058,-8992148908,0,69567332283,51829594558,354061784271,279527719101,-212325613367,134088136550,-5499392672,-60145148046,-3972261559,0,-7607651930,478127572348,-487078434130,13108357881,259290666767,768068979249,-829315535422,980000000,50648668782,-224297296873,0,2189378260309,-1980667866373,-3502410204,0,205207983732,459038259207,1945532019980,14947625918,2419517905105,0.8392987271,1.2077631111,0.4870329349955023,1.6313601923367653,1.0083939285,5.0620170634,27.02042139472799,33.4617313141,22.4669097125,82.949062421328,10.9079831098,0.04486910301053486,0.1167476101294404,0.01982721562928406,0.0690355966,0.0381948774,0.0290774244,787385870513.0,172410408316,0.0,1.5550447851,0.5854719138,1.2437528283,-3.462781168326514,2.2077631110785565,2641516767360,382274496,7.166729488,0.4952393294,0.2066553842,2.7546966349,199.29779704163158,13952.849845319,6.7310940005
48,AAA,2025,1,4793960251895,2106077190958,166190744500,1551510885796,827536022226,142645408415,7390793127094,358500000000,2761543900470,1288373702912,560680486783,796420488348,12184753378989,6147473304346,3056908025337,3090565279009,6037280074643,6037280074643,18751291534,594090173477,649389862313,12184753378989,757805242346,1500000000,827589373521,0,80481616464,3822744960000,3822744960000,0,1351917515112,121551366911,2043921126528,148576404757,633457666864,30456248808,30871204736,389371204736,0.30110404952630154,3857615161473,45239813399,-0.664160279558303,37647668844,-37860213792,3857615161473,-1207059582,3856408101891,-3392693587392,463714514499,-162271190177,4307422594,-181532495943,-98239252481,63626667336,11198805094,0,-6335228300,4863576794,68490244130,-13539629730,561806441,55512420841,10272607442,45239813399,68490244130,131683853040,-1012389278,-822206533,0,83780280365,40409600529,322529382253,-409561376438,133904914117,42042558551,-19220641827,-52037215089,-77485012628,0,-8444068137,-68271459198,-665452179849,972592591,-215732079606,632809250429,0,-205916083247,43917536798,-409400962884,0,1743983883487,-1576053168725,-3502410204,-55000000,164373304558,-313299117524,2419517905105,-141596623,2106077190958,0.7864064774999999,1.0182521315,0.4574152377108821,1.5793049596076114,1.067238221,5.2429764616,26.025943541125635,31.377406193,19.4780178587,76.88136759282563,11.6325740169,0.047697951361735595,0.12024518729530112,0.01173107518802705,0.0522854527,0.0461828739,0.0217831852,876438014568.0,183942766075,0.0,1.5682383023,0.6889566757,1.2975281549,-4.858471404455401,2.01825213147984,2889995189760,382274496,10.3541842842,0.5363871712,0.2113371778,4.0512740497,118.34379188874792,14094.2968173582,5.509969242
49,AAA,2025,2,4542164429705,1706426051965,229407600000,1492933086687,958935109095,154462581958,7641132597489,299000000000,2811033855000,1272812518644,520166055632,1120107660283,12183297027194,6278671129471,3154289934910,3124381194561,5904625897723,5904625897723,18751291534,449827107149,655256361448,12183297027194,577132149376,20000000000,958935109095,0,80481616464,3822744960000,3822744960000,0,1049114542787,141066320639,1857118597790,140722173857,968546871232,30456248808,35440781022,334440781022,-0.16994569750479693,2310908388011,121348934295,-0.10699216828818392,73338932159,-36639398614,2310908388011,-934120348,2309974267663,-1955834761206,354139506457,-10925389908,15957197554,-127033790183,-100544492227,204931963852,-513127339,0,-2612803270,-3125930609,201806033243,-24331281627,-5708743676,171766007940,50417073645,121348934295,201806033243,124198168494,-53351295,-28994841820,0,-63908228208,46281642503,279329422917,-143728637876,-131345735574,292367606375,-14990890264,-22766972325,-7816556527,0,-19913088049,231135148677,48359296671,852909090,-96400000000,76984624500,-98022500000,26018137374,12489012276,-29718520089,0,1053336048927,-1564971350602,-3892537890,-114663284700,-630191124265,-428774495677,2106077190958,29123356684,1706426051965,0.6698726984,1.063347829,0.47607315072814665,1.544603670793408,1.0320646521,4.6621096879,27.309065494756265,33.173977239,20.7785141898,81.26155692355627,11.0025999406,0.054789019002814236,0.15330885344245967,0.05253259137720554,0.0503347884,0.0514664098,0.0206826294,931990058633.0,126561224047,0.0,1.4399958544,0.5409857962,1.1359860363,-3.4542385747194184,2.0633478290118674,3230219491200,382274496,12.2090968701,0.6153537999,0.2446709376,5.0728067856,317.4392630551006,13731.9376291193,5.4563703702
