Symbol,Year,Quarter,CURRENT ASSETS (Bn. VND),Cash and cash equivalents (Bn. VND),Short-term investments (Bn. VND),Accounts receivable (Bn. VND),Net Inventories,Other current assets,LONG-TERM ASSETS (Bn. VND),Fixed assets (Bn. VND),Other non-current assets,TOTAL ASSETS (Bn. VND),LIABILITIES (Bn. VND),Current liabilities (Bn. VND),Long-term liabilities (Bn. VND),OWNER'S EQUITY(Bn.VND),Capital and reserves (Bn. VND),Other Reserves,Undistributed earnings (Bn. VND),MINORITY INTERESTS,TOTAL RESOURCES (Bn. VND),Prepayments to suppliers (Bn. VND),"Inventories, Net (Bn. VND)",Other current assets (Bn. VND),Investment and development funds (Bn. VND),Common shares (Bn. VND),Paid-in capital (Bn. VND),Long-term borrowings (Bn. VND),Advances from customers (Bn. VND),Short-term borrowings (Bn. VND),Long-term prepayments (Bn. VND),Other long-term receivables (Bn. VND),Long-term trade receivables (Bn. VND),Revenue YoY (%),Revenue (Bn. VND),Attribute to parent company (Bn. VND),Attribute to parent company YoY (%),Financial Income,Interest Expenses,Sales,Sales deductions,Net Sales,Cost of Sales,Gross Profit,Financial Expenses,Selling Expenses,General & Admin Expenses,Operating Profit/Loss,Other income,Other Income/Expenses,Net other income/expenses,Profit before tax,Business income tax - current,Business income tax - deferred,Net Profit For the Year,Minority Interest,Attributable to parent company,Net Profit/Loss before tax,Depreciation and Amortisation,Provision for credit losses,Unrealized foreign exchange gain/loss,Profit/Loss from disposal of fixed assets,Profit/Loss from investing activities,Interest Expense,Operating profit before changes in working capital,Increase/Decrease in receivables,Increase/Decrease in inventories,Increase/Decrease in payables,Increase/Decrease in prepaid expenses,Interest paid,Business Income Tax paid,Other receipts from operating activities,Other payments on operating activities,Net cash inflows/outflows from operating activities,Purchase of fixed assets,Proceeds from disposal of fixed assets,"Loans granted, purchases of debt instruments (Bn. VND)","Collection of loans, proceeds from sales of debts instruments (Bn. VND)",Investment in other entities,Gain on Dividend,Net Cash Flows from Investing Activities,Proceeds from borrowings,Repayment of borrowings,Finance lease principal payments,Dividends paid,Cash flows from financial activities,Net increase/decrease in cash and cash equivalents,Cash and cash equivalents,Foreign exchange differences Adjustment,Cash and Cash Equivalents at the end of period,Chỉ tiêu cơ cấu nguồn vốn_(ST+LT borrowings)/Equity,Chỉ tiêu cơ cấu nguồn vốn_Debt/Equity,Chỉ tiêu cơ cấu nguồn vốn_Fixed Asset-To-Equity,Chỉ tiêu cơ cấu nguồn vốn_Owners' Equity/Charter Capital,Chỉ tiêu hiệu quả hoạt động_Asset Turnover,Chỉ tiêu hiệu quả hoạt động_Fixed Asset Turnover,Chỉ tiêu hiệu quả hoạt động_Days Sales Outstanding,Chỉ tiêu hiệu quả hoạt động_Days Inventory Outstanding,Chỉ tiêu hiệu quả hoạt động_Days Payable Outstanding,Chỉ tiêu hiệu quả hoạt động_Cash Cycle,Chỉ tiêu hiệu quả hoạt động_Inventory Turnover,Chỉ tiêu khả năng sinh lợi_EBIT Margin (%),Chỉ tiêu khả năng sinh lợi_Gross Profit Margin (%),Chỉ tiêu khả năng sinh lợi_Net Profit Margin (%),Chỉ tiêu khả năng sinh lợi_ROE (%),Chỉ tiêu khả năng sinh lợi_ROIC (%),Chỉ tiêu khả năng sinh lợi_ROA (%),Chỉ tiêu khả năng sinh lợi_EBITDA (Bn. VND),Chỉ tiêu khả năng sinh lợi_EBIT (Bn. VND),Chỉ tiêu khả năng sinh lợi_Dividend yield (%),Chỉ tiêu thanh khoản_Current Ratio,Chỉ tiêu thanh khoản_Cash Ratio,Chỉ tiêu thanh khoản_Quick Ratio,Chỉ tiêu thanh khoản_Interest Coverage,Chỉ tiêu thanh khoản_Financial Leverage,Chỉ tiêu định giá_Market Capital (Bn. VND),Chỉ tiêu định giá_Outstanding Share (Mil. Shares),Chỉ tiêu định giá_P/E,Chỉ tiêu định giá_P/B,Chỉ tiêu định giá_P/S,Chỉ tiêu định giá_P/Cash Flow,Chỉ tiêu định giá_EPS (VND),Chỉ tiêu định giá_BVPS (VND),Chỉ tiêu định giá_EV/EBITDA
DCM,2020,3,4193324835002,373810125579,2202000000000,532220529605,1029378222368,55915957450,5042792549645,4213593311005,19612801399,9236117384647,2725542108274,2359075790037,366466318237,6510575276373,6510575276373,3665420000,786789472430,27330851567,9236117384647,30032516109,1029378222368,0,398789532376,5294000000000,5294000000000,203729636093,278214205754,773074419527,19323545036,3000000,3000000,0.36711499499826195,2078923692020,100709380178,14.059559785016692,32571555075,-7586212443,2078923692020,-59937462735,2018986229285,-1762048655331,256937573954,-10277611047,-90349967086,-80287696142,108593854754,1810032876,-296428339,1513604537,110107459291,-7694894387,0,102412564904,1703184726,100709380178,110393498185,328507514235,45802410215,-2875204398,0,-29291898150,7586212443,460122532530,-202808158325,262241595726,274531744418,-1630239868,-18016453505,-15199715545,0,-21061613766,738179691665,-17779682080,0,-300000000000,0,0,8518285624,-309261396456,314422953656,-932316523309,0,-1916426700,-619809996353,-190891701144,563542496156,1159330567,373810125579,0.1813255576,0.4186330689,0.6471921653830206,1.2298026589295428,0.7584159564,1.5771912764,3.996402710630903,77.6410466524,52.1658817843,133.80333114733088,4.7011215811,0.042744179962318066,0.12726068668878013,0.04988116249493442,0.0923835948,0.0757204071,0.0596832158,1890450365251.0,86299910726,0.0,1.777528663,0.1584561747,1.3411805699,-11.375889005801731,1.418633068903303,6670440000000.0,529400000.0,11.4459000648,1.0288737495,0.9007301571,2.960622185,190.23305662636946,12246.4005002002,3.8619182581
DCM,2020,4,3986947246255,509995350873,2302000000000,217396300223,842767110538,114788484621,4739185580576,3955428596723,22798686580,8726132826831,2397641661965,2063167280580,334474381385,6328491164866,6328491164866,3665420000,585502186898,26100702508,8726132826831,15505616232,843062697495,0,419222855460,5294000000000,5294000000000,137062222093,118183078862,685406563747,17258713922,3000000,3000000,0.06802963199648057,2258238112671,210691341193,0.6784511327055044,32637166462,-5093183055,2258238112671,9511487343,2267749600014,-1821907244196,445842355818,-8019116224,-105623528381,-135688221874,229148655801,2361685053,-1209311985,1152373068,230301028869,-27095461514,4053636784,207259204139,-3432137054,210691341193,224863037098,332376371935,-196647899195,53937840,0,-26479817742,5093183055,412277072602,272896901425,186315524873,-143796512926,-16839701700,-2296909706,-8833492189,0,-7656398992,692066483387,-31102320397,0,-1520000000000,1420000000000,0,44052082120,-87050238277,156382214000,-307386964678,0,-317554747000,-468559497678,136456747432,373810125579,-271522138,509995350873,0.1516697929,0.3779424325,0.6250192176426548,1.1954082291020023,0.8005553099,1.6539913545,1.150810109947765,62.6684972707,46.4235029943,110.24281037494777,5.8242979471,0.09019100061212107,0.19660122784951548,0.09290767428277764,0.1063392651,0.0900053631,0.0699887172,1961593274432.0,204530605563,0.03125,1.9404378527,0.2487598014,1.5335729112,-40.157717355595814,1.378864661339188,8470400000000.0,529400000.0,12.813630291,1.3444865434,1.1202343371,4.7569680344,397.9813773951643,11900.4538040121,4.6394555386
DCM,2021,1,4106050728553,435782531594,2602000000000,195136185000,738921303044,134210708915,4431320077633,3631057886543,16456369902,8537370806186,2079070856231,1772361073347,306709782884,6458299949955,6458299949955,3665420000,700439636908,26073592889,8537370806186,35330165806,739216890001,0,434121300158,5294000000000,5294000000000,103339515093,270325026982,405159743465,14043560138,3000000,3000000,0.38656819790920643,1931697422175,151878081723,0.6631763107014086,35790409582,-3484006948,1931697422175,-58944590481,1872752831694,-1605435583820,267317247874,-9182040857,-80921619680,-53212750066,159791246853,1726758469,-114925089,1611833380,161403080233,-6568684736,-3230146989,151604248508,-273833215,151878081723,161403080233,328876612797,98646000502,-1227979902,0,-27008015915,3484006948,564173704663,5248411295,95213582994,-2331914845,7248123809,-7763906485,-35175095949,0,-52541166645,574071738837,-49463271060,0,-600000000000,300000000000,0,15154985229,-334308285831,384092847066,-698062374351,0,-6745000,-313976272285,-74212819279,509995350873,0,435782531594,0.09473681636154652,0.32192230224609375,0.5622312241115869,1.2199282111739704,0.8999969363212585,1.981040358543396,4.105500296405071,53.25893020629883,35.17235565185547,92.53678615455937,6.853311061859131,0.07111610025308536,0.14274027162046685,0.0810988397148056,0.11325377225875854,0.09835360199213028,0.0810539573431015,2002866143232.0,133182878128,0.03125,2.3167123794555664,0.24587683379650116,1.8997987508773804,-38.226926672592846,1.3219223127357977,8470400000000.0,529400000.0,11.6271161041,1.3168690792,1.0471411127,3.6850238377,286.8871963033623,12150.0308973668,4.2784639503
DCM,2021,2,5196709864131,1159558420808,2932000000000,190031892909,886077063018,29042487396,4116694027414,4053096152331,12159936938,9313403891545,2578847011468,2258358159651,320488851817,6734556880077,6734556880077,3665420000,855847302882,28092526678,9313403891545,54199351706,886077063018,0,552951630517,5294000000000,5294000000000,69616808093,428932144247,358021040465,10810403410,3000000,3000000,0.26082352340263193,2504725178985,294028406222,0.10859928066177141,34325944987,-1864297464,2504725178985,-141161887880,2363563291105,-1836031861875,527531429230,-6589013853,-74546505167,-157967459188,322754396009,865515017,-814816711,50698306,322805094315,-25150286452,-1063276237,296591531626,2563125404,294028406222,322805094315,349061752525,5974710199,14622710,0,-30516138927,1864297464,702568754597,57578785522,-146860173017,509582205713,23653094967,-1091551915,-1291209817,0,-20402269825,1123737636225,-27031142014,0,-1900000000000,1570000000000,0,36754583308,-320276558706,96535500000,-175787809997,0,-37135500,-79289445497,724171632022,435782531594,-395742808,1159558420808,0.0738362843,0.3829274973,0.6018356106429765,1.2721112353753306,0.951949965,2.1504970312,3.803225370134029,45.4304732209,35.4058013972,84.63949998823404,8.0342548541,0.1248189401084644,0.22319327399240976,0.12440047927996778,0.1163659252,0.1003925314,0.0845845567,2057853110784.0,295017464875,0.0161030596,2.3011008426,0.5134519588,1.9087463088,-158.24591867545448,1.3829274972934098,16437870000000.0,529400000.0,21.7056827108,2.4510485904,1.9286366072,5.2549802063,555.3993317378164,12668.0475130317,7.6458527929
DCM,2021,3,5836119226472,663120284075,3412000000000,267971954959,1446280968282,46746019156,3795466901807,3721627350299,9108367593,9631586128279,2967716620776,2639688715427,328027905349,6663869507503,6663869507503,3665420000,673591634537,27460399560,9631586128279,141141555633,1446280968282,0,665152053406,5294000000000,5294000000000,35894101093,673026517464,339987819775,7884752157,3000000,3000000,-0.08757474526402603,1896862479268,376694507320,2.7404113366024774,39924492023,-772317146,1896862479268,-85132163514,1811730315754,-1228558358787,583171956967,-4269735989,-135871416677,-89829067325,393126228999,217144267,-3483013,213661254,393339890253,-19489791693,0,373850098560,-2844408760,376694507320,394080584911,338619334723,-17213397745,-337785882,0,-31452564660,772317146,728137361913,-67140704575,-560203905264,390687394385,6696551867,-2219842632,-23531985167,0,-21720482863,450704387664,-10975755431,0,-1080000000000,600000000000,0,18934502060,-472041253371,206648568500,-258459546693,0,-425013523200,-476824501393,-498161367100,1159558420808,1723230367,663120284075,0.0617923297,0.445344348,0.5584784255016904,1.258758879392331,0.9186569448,2.1654013053,0.6841437134747607,55.0237779775,39.6199680453,95.32788973627476,6.6334957979,0.19730942837164409,0.32188673551245256,0.20791974613684627,0.1578436133,0.1406587195,0.1141491658,2339136493511.0,357471472965,0.0343642612,2.2109119126,0.2512115463,1.6630136093,-462.85580323630415,1.4453443479699868,15405540000000.0,529400000.0,14.9091786094,2.321366834,1.8525634742,5.4233778543,711.5498816018134,12535.7179976256,6.4749372593
DCM,2021,4,7282185488206,427652730904,4362000000000,187577767146,1936317899279,368637090877,3564192016365,3424405474554,56223823325,10846377504571,3240698416180,2822197382908,418501033272,7605679088391,7605679088391,3665420000,1287119748249,26588241172,10846377504571,86006714411,1936317899279,0,994305678970,5294000000000,5294000000000,2676343532,285547357383,689162951336,42965697773,3000000,3000000,0.7004474292669275,3840015193364,1094576262707,4.195164910475999,55531583923,-1551375877,3840015193364,66844464111,3906859657475,-2431286774443,1475572883032,-14123791658,-120067042137,-221214728298,1175698904862,1561435974,-1335903918,225532056,1175924436918,-91783642650,11736144678,1095876938946,1300676239,1094576262707,1177768877215,350471059221,-50354098635,-5409606926,0,-41828482854,1551375877,1562981626085,62340553685,-490036930997,-329857222880,-338918383209,-1520340320,-18862167579,0,-67890893276,378236241509,-25813050315,0,-2950000000000,2000000000000,0,41891505300,-933921545015,693984950000,-372223043294,0,-267189000,321494717706,-234190585800,663120284075,-1276967371,427652730904,0.09287330889999999,0.4806067543,0.45024322414297935,1.4366601980338118,0.9974695693,2.6816175342,1.6532098072924226,78.2256109153,38.7181385327,118.59695925529243,4.6659910447,0.29033321184874383,0.37768771146124597,0.2801677968167466,0.2641824218,0.2242421245,0.1842845607,3217854877728.0,1134291112597,0.0210526316,2.2833953356,0.1342030114,1.5917269694,-731.151701798055,1.4260892917670522,20117200000000.0,529400000.0,11.0324385485,2.6997484341,2.0382657815,7.8312761141,2067.5788868662635,14075.385513555,6.0972254497
DCM,2022,1,9491389553736,1045379351399,5562000000000,659585321517,2061619322785,162805558035,3450700796185,3068935154593,299425085928,12942090349921,3969279430665,3384147098830,585132331835,8972810919256,8972810919256,3665420000,2226213325316,28413047306,12942090349921,579665263214,2061619322785,0,1420519126634,5294000000000,5294000000000,2564971532,761608729598,517187986336,298150101683,3000000,3000000,1.2171975584419403,4282954808095,1515547340573,8.97871005071754,69374836522,-4201473256,4282954808095,-208155738179,4074799069916,-2097542737831,1977256332085,-19757735462,-177970358142,-243212225332,1605690849671,2850961639,-2020342984,830618655,1606521468326,-76701682036,-12251726170,1517568060120,2020719547,1515547340573,1606521468326,344669298190,36269681302,-5118644790,0,-43698467662,4201473256,2120975390394,-519404566929,142458384949,368646353002,-6070135682,-4733687395,-87763810243,0,-41425247212,1972682680884,-11331894077,0,-2280000000000,1080000000000,0,28479413188,-1182852480889,987490007364,-1159576344364,0,-17242500,-172103579500,617726620495,427652730904,0,1045379351399,0.058211182,0.4423674439,0.3420260587467575,1.6949019492361164,1.1379329396,3.4081574689,0.5628834987880683,76.0710539105,38.6243657533,115.25830316258806,4.7981456972,0.38187741822643484,0.4852402040343452,0.37193179702091234,0.4377830559,0.3521549965,0.307098623,4725675243707.0,1556073748611,0.0284697509,2.8046622314,0.3089048203,2.1954631445,-370.3638352068092,1.442367443868317,14876140000000.0,529400000.0,4.5342383204,1.6631795916,1.2236734661,3.7897508544,2862.764149174537,16895.3492103325,3.0427242483
DCM,2022,2,10784246933828,1996496136466,5212000000000,922784815501,2546619823263,106346158598,3132538834173,2790724704767,299126147169,13916785768001,3937639303895,3247218585775,690420718120,9979146464106,9979146464106,3665420000,2926972813693,28683474774,13916785768001,111977907040,2546619823263,0,1725824755639,5294000000000,5294000000000,1762626032,256456178241,472711268886,297428108178,3000000,3000000,0.6550168143571911,4145362286564,1019377065382,2.466933955395931,67358341951,-3377225061,4145362286564,-61590115381,4083772171183,-2740588216374,1343183954809,-13118466287,-120935958901,-185350696085,1091137175487,6042820073,-1451273148,4591546925,1095728722412,-76125643710,423054746,1020026133448,649068066,1019377065382,1095728722412,346331721206,387091095995,1309527958,0,-61733335169,3377225061,1893472229193,-204884817214,-485000500478,-419922407944,12185456600,-3469676689,-125000000000,0,-41687813302,625692470166,-40724590437,0,-2600000000000,2950000000000,0,60051238956,369326648519,404628807848,-448774212500,0,-36812500,-44182217152,950836901533,1045379351399,279883534,1996496136466,0.047723171700000004,0.3945867834,0.27965565139312865,1.8849917763706083,1.1726309815,4.2680267945,5.330970468770867,85.8044269882,37.5139916225,128.6493890794709,4.2538597694,0.2539067451264374,0.3289076614721879,0.2496165365382525,0.482361658,0.3907482282,0.3385266272,5464825047336.0,1036897299823,0.0253565769,3.3210720649,0.6148326895,2.536825561,-307.0264140216861,1.394586783354498,16702570000000.0,529400000.0,4.1691852909,1.6785721446,1.203601352,4.8733676939,1925.5328020060447,18795.7366628863,2.783114025
DCM,2022,3,10614353055245,772152328201,6912000000000,671266258083,2111600910057,147333558904,2821952908770,2457132062084,299477421971,13436305964015,3695576971634,2923137625043,772439346591,9740728992381,9740728992381,3665420000,2469128883633,27599873693,13436305964015,170822866165,2111600910057,0,1946334815055,5294000000000,5294000000000,1147697000,407393478041,36293435868,298134052217,3000000,3000000,0.8231149206053778,3458198288290,727766883417,0.9319816702258572,80617620542,-2310136471,3458198288290,-151054348850,3307143939440,-2299681334477,1007462604963,-7805046547,-146143289910,-153028567837,781103321211,8650311209,-4177433094,4472878115,785576199326,-54766998264,0,730809201062,3042317645,727766883417,789585525426,353980690014,135013031979,-2279303318,0,-66865039121,2310136471,1299489169810,180635772568,435018913206,-40113974851,11839024250,-2478990836,-30021359924,0,-29630664420,1824737889803,-32600248460,0,-3980000000000,2280000000000,0,64064541433,-1668535707027,262440000,-438428860348,0,-948187480660,-1386353901008,-1230151718232,1996496136466,5807909967,772152328201,0.0039615956,0.3793942912,0.25225340567486465,1.8399563642578391,1.2023547942,5.2371404107,7.37592450259962,82.5442821961,32.545413875,122.46562057369962,4.4218689689,0.21416991826970047,0.30463222146103325,0.2200590288006131,0.4801612961,0.4536178908,0.3408005221,5831005676878.0,708290747216,0.0968992248,3.6311506391,0.2641518899,2.9087758552,-306.6012575912447,1.3793942911792951,13658520000000.0,529400000.0,3.134652586,1.4061915407,0.888499171,2.8447253463,1374.7013287060824,18347.429389286,2.2211277773
DCM,2022,4,11633943108689,2125625291560,6812000000000,186775708424,2272317886462,237224222243,2559452148129,2206852578649,302661177339,14193395256818,3572316033784,2936901409602,635414624182,10621079223034,10621079223034,3665420000,3046243683022,29143360873,14193395256818,84916003561,2411633161303,0,2248026759139,5294000000000,5294000000000,1048481500,106451076947,2559405532,294351326527,0,0,0.17018401274175715,4493524387960,1000818695973,-0.0856564955119051,81575472352,-385949489,4493524387960,-35028994100,4458495393860,-3182227987767,1276267406093,-19720808256,-253945822495,-22780192702,1061396054992,-2325666900,-4410128280,-6735795180,1054660259812,-58062193900,7262947706,1003861013618,3042317645,1000818695973,1059590928495,355208529502,347953867948,83712256992,0,-89147769314,385949489,1634762842938,421963123210,-300032251246,-281491601787,-23580511200,-881371887,-51746225336,0,-36162782631,1362831222061,-48181965049,0,-3400000000000,3500000000000,0,56408705361,108226740312,0,-33833245836,0,-39662500,-33872908336,1437185054037,772152328201,-83712090678,2125625291560,0.0004390543,0.3358096357,0.20778044606455673,2.0062484365383453,1.2618992985,5.6746887638,0.5278423861298664,82.5968571973,32.5549511047,115.67965068812987,4.4190543368,0.22418805058597002,0.28625518103048997,0.22447453850715504,0.4773348399,0.4102664762,0.3420069225,5750569707300.0,999541390896,0.1016260163,4.0439886809,0.7394930004,3.2499102204,-2589.824366618089,1.336342094693795,13023240000000.0,529400000.0,3.017465465,1.2313600457,0.8178101681,2.272178445,1890.4773252228938,19977.909862227,2.1417232214
DCM,2023,1,12382242818473,2386904287816,6842000000000,814724809820,2244292839964,94320880873,2188802401024,1878178020105,287566237102,14571045219497,3760418031622,3045253342146,715164689476,10810627187875,10810627187875,3665420000,3154632904321,29772566072,14571045219497,673348473158,2319154811092,0,2328556297482,5294000000000,5294000000000,1022666000,164828925520,1834405532,286687152318,0,0,-0.339292986788799,2829778278975,228728962676,-0.8490783121367084,118649674991,-68779603,2829778278975,-95075769100,2734702509875,-2165974125557,568728384318,-8999705427,-276701710029,-144448184682,257228459171,4178265368,-13781098,4164484270,261392943441,-24296618961,-7414951027,229681373453,952410777,228728962676,261392943441,348651789596,242973547600,7427637540,0,-113550418639,68779603,775753452725,-464652975057,102688166158,-83333674675,12877037725,-74518723,-62473502339,0,-28457020933,252326964881,-47066163777,0,-3180000000000,3150000000000,0,86775090652,9708926875,73400000,-824215500,0,-6080000,-756895500,261278996256,2125625291560,0,2386904287816,0.0003588818,0.3478445761,0.17373441775991774,2.042052736659426,1.0395406527,6.2506332469,7.46172572696678,82.47094203,31.1230973256,121.05576508256678,4.4258012703,0.053965098241616646,0.20796718555832822,0.0836394312909944,0.2901514626,0.267472339,0.2121755174,4296480657860.0,147578489607,0.0570409982,4.0660797074,0.7838114008,3.3290990402,-2145.6723093763712,1.3478445761074451,14849670000000.0,529400000.0,4.9886491307,1.3774112091,1.0182085786,3.6525265232,432.0531973479411,20364.2890476067,2.908286187
DCM,2023,2,13330889875160,2140644174897,8372000000000,398990810888,2300529712817,118725176558,2268184667982,1917223260126,281268147895,15599074543142,4496820101986,3775444148962,721375953024,11102254441156,11102254441156,3665420000,3351902705782,30547542994,15599074543142,128846942150,2300529712817,0,2422138772380,5294000000000,5294000000000,1508375875,135770463352,304368297244,280457191851,0,0,-0.16618828310758404,3456451645301,311459639971,-0.6944608128354506,145206159414,-3590687237,3456451645301,-165503468754,3290948176547,-2920660900860,370287275687,419038863,-99974667246,-71196108461,344741698257,3589731520,-213270919,3376460601,348118158858,-35334228621,-68128741,312715801496,1256161525,311459639971,348118158858,352989302100,298265325582,-15971873399,0,-135467615389,3590687237,864729103615,451144461183,18625098275,65736518987,2825409656,-3452271961,-24111769509,0,-72845306629,1302651243617,-389657988044,0,-3030000000000,1500000000000,0,59196094062,-1860461893982,302439927652,-824215500,0,-13300000,301602412152,-256208238213,2386904287816,9948125294,2140644174897,0.0276867235,0.405036664,0.1726877428622842,2.0971391086429922,0.9544174902,6.5211778484,3.360493400074493,78.9409869793,29.1140245751,111.4155049544745,4.623707075,0.060504295205560284,0.1125168965971141,0.09464130799464501,0.2152658364,0.1800932254,0.1570090802,3465357438911.0,199116499980,0.0440165062,3.5309461216,0.56699135,2.9216059693,-55.45359059074183,1.4050366640235077,19243690000000.0,529400000.0,8.4819768104,1.7380960476,1.3953509768,4.0576695814,588.325727183604,20913.6888896147,5.0325169477
DCM,2023,3,12738909667594,2304957387294,7512000000000,380063078148,2418732271709,123156930443,1975910268870,1605380420342,298285325207,14714819936464,5146742896438,4426183929569,720558966869,9568077040026,9568077040026,3665420000,1795357406095,30971198744,14714819936464,169684503337,2419934088080,0,2444083015187,5294000000000,5294000000000,1387140375,461005435844,292206145434,297358330166,0,0,-0.08892787686389916,3150668056738,73704968537,-0.8987244814013224,200152362697,-2551296231,3150668056738,-140075533937,3010592522801,-2833259753913,177332768888,-9049511221,-192229033028,-85255180441,90951406895,13830651229,-89985991,13740665238,104692072133,-30563473262,0,74128598871,423630334,73704968537,104692072133,322798080616,87360033262,-49052917877,0,-149038460067,2551296231,319310104298,-72447815184,-258719650104,762441660879,12567788899,-2523705269,-34138056543,0,-27173039582,699317287394,-11892272425,0,-2700000000000,3560000000000,0,149136668285,997244395860,285119549824,-295999047699,0,-1578319560000,-1589199057875,107362625379,2140644174897,56950587018,2304957387294,0.0308296458,0.5379077609,0.167785064190666,1.807343604085002,0.9136844234,7.0953666319,0.5331463470379961,77.6812454994,30.2115527045,108.425944550938,4.6986888232,-0.03326635664657166,0.058902946029711405,0.024481881217331348,0.1538495096,0.1263563772,0.1093268636,2625732637716.0,-100151444581,0.0507936508,2.8780795987,0.5207549944,2.3316196435,39.255121911791825,1.5379077608706226,16676100000000.0,529400000.0,10.3275985073,1.748549327,1.2357482787,4.6103167791,139.2235899829996,18014.9335876124,5.5968025404
DCM,2023,4,13243528989131,2284399788772,8242000000000,389087382197,2137432141856,190609676306,2034449666431,1599741283941,308049356015,15277978655562,5284787274947,4525381114640,759406160307,9993191380615,9993191380615,3665420000,2075200926625,27591091268,15277978655562,78250617400,2169038644725,0,2592733942722,5294000000000,5294000000000,2964479875,23307675261,845805808955,296069398483,0,0,-0.21829929509147064,3512591181592,493194397484,-0.5072090484835373,105721496308,-3944951035,3512591181592,52977356261,3565568537853,-2699853971278,865714566575,-9742309742,-216601352514,-209004829719,536087570908,3140589112,-1952232178,1188356934,537275927842,-56632842672,11169001488,491812086658,-1382310826,493194397484,537275927842,59375682481,-14922113007,90301553504,0,-120418835209,3944951035,622159161516,-44984059099,282170099412,-681395910491,-30395565980,-3704738831,-33174359914,0,-60244777584,50429849029,-94608348054,0,-5010000000000,4280000000000,0,207807384611,-616800963443,1114998970565,-569123846868,0,-2117876650,543757247047,-22613867367,2304957387294,2056268845,2284399788772,0.0854865008,0.5293967992,0.16008312289947849,1.887644763999811,0.8549985366,6.6038610843,2.9024057575750826,79.9015515384,52.2587063337,135.0626636296751,4.5681215567,0.12343287744147821,0.2427984646443757,0.13832139033316018,0.1081208606,0.0631337072,0.0754225025,1765992033176.0,440108384342,0.0476900149,2.9895339286,0.5057049864,2.5112375234,-111.56244537316545,1.5288387937009331,17761370000000.0,529400000.0,16.0172106792,1.7876148876,1.412935884,7.6790971519,931.610119916887,18768.0244962335,8.9360409338
DCM,2024,1,14010468900378,3116621420878,7812000000000,316475162608,2278973122436,486399194456,1733108913026,1543795495877,38887453132,15743577813404,5452688786686,4659588372680,793100414006,10290889026718,10290889026718,3665420000,2266105781065,30791589411,15743577813404,199201386079,2290447837565,0,2696326236242,5294000000000,5294000000000,2654719375,333092098829,1407396596021,37992049803,0,0,0.019554655154482112,2885113617384,346002008103,0.5127162037328873,131543200109,-7237053505,2885113617384,-141072525745,2744041091639,-2034439566987,709601524652,-14026760183,-337267207818,-114821075825,375029680935,7645468912,-17424898,7628044014,382657724949,-23862163263,-9200291126,349595270560,3593262457,346002008103,382657724949,57301709085,14481848624,-39578870124,0,-88407789748,7237053505,375342221675,24804700753,-98253172840,-450861363157,10189396394,-7042284061,-55045784740,0,-32953350206,-233819636182,-64146874762,0,-2500000000000,2930000000000,0,99357191801,465210317039,1800058016699,-1238776990133,0,-28614000,561252412566,792643093423,2284399788772,39578538683,3116621420878,0.1372773558,0.5298559505,0.15001575586607524,1.9438777912198715,0.82243793,7.5672874905,2.002843139456429,79.8677875874,39.837835869,121.70846659585644,4.5700527212,0.09384452798233747,0.25859726620498935,0.1260921380358539,0.119933948,0.0680788601,0.0798468745,1589051455032.0,257513241009,0.0251256281,3.0068039878,0.668861962,2.5177107589,-35.582608423592134,1.5298559504945888,21070120000000.0,529400000.0,17.2090745764,2.0535984311,1.6707532184,11.5860366625,653.5738725028334,19380.6147285739,12.2049801613
DCM,2024,2,14530750583143,3975120987904,6652000000000,722144955060,2792679781945,388804858234,2304817551856,1861528580981,245830674784,16835568134999,7040366337018,6073459578003,966906759015,9795201797981,9795201797981,3665420000,1647420190853,31404022990,16835568134999,216766225177,2799540955330,0,2818712164138,5294000000000,5294000000000,144371958875,397786847215,1342009732991,182610723378,0,0,0.15885900547154433,4005540116134,584463518128,0.8765305134958076,94125501394,-8898423043,4005540116134,-142186039071,3863354077063,-3242564979853,620789097210,-23509367660,-118950868703,-133799043718,438655318523,176392605382,-413891957,175978713425,614634031948,-28651151871,-261469296,585721410781,1257892653,584463518128,614634031948,64508697171,24965672709,-27135109915,0,-233756075943,8898423043,481374268363,-179336652214,-325614137891,299104940283,1726372928,-9029140054,-23675868496,0,-53306461126,191243321793,-82290470316,0,-3520000000000,4680000000000,-574242338321,102945033755,606412225118,-1187681130010,1198778174762,-2685511584,-5700000,8405833168,806061380079,3116621420878,52438186947,3975120987904,0.1664849469,0.7187566405,0.19004494438947656,1.8502459006386476,0.8427774669,7.9774082813,4.934578347675644,81.7017184266,45.5746716583,132.21096843257564,4.4674702935,0.09526416099784228,0.16068656530750514,0.1512839637448714,0.1515298398,0.0855827878,0.0957211673,1469493534912.0,368039184789,0.0263852243,2.3924997601,0.654506865,1.9326827898,-41.36004582053674,1.718756640467496,20064260000000.0,529400000.0,13.3997131253,2.054964724,1.5219156084,28.3725789793,1104.0111789346429,18443.1389780714,11.9816278933
DCM,2024,3,12822789730467,2111955319492,6503600000000,622065010931,3172773134737,412396265307,2597045097607,1876929699684,241464611618,15419834828074,5525304040587,4590935015381,934369025206,9894530787487,9894530787487,3665420000,1715105710417,31652792732,15419834828074,209407615918,3173784672622,0,2850106864338,5294000000000,5294000000000,132779423615,522670827369,1493661453282,178434860488,314015616,314015616,-0.1543195274888432,2664458450948,120367655764,0.6331009720677822,39144265652,-12654934688,2664458450948,-30010305460,2634448145488,-2259691599588,374756545900,-13868206632,-185535647902,-90558267051,123938689967,13194721846,-5586109138,7608612708,131547302675,-10740676893,-190200276,120616425506,248769742,120367655764,148075555981,67755875474,-43488145651,57797273357,0,-59614913366,12654934688,165918801728,-120992401945,-377083024800,-346459223574,20183236689,-9112784244,-27430313641,528580000,-44533497901,-738980627688,-373289867473,972467272,-2651600000000,2800000000000,-1263768000,57650560287,-167530607914,-3050212545015,3187307723757,-2564834993,-1058843130000,-924312786251,-1830824021853,3975120987904,-32341646559,2111955319492,0.1777972436,0.558420016,0.1896936539989988,1.8690084600466566,0.8096098148,7.4440110692,7.946066170523723,92.9995060946,48.5054767534,149.45104901852372,3.9247520264,0.03745096714694452,0.14225239033147902,0.045689893714610706,0.1549747173,0.1010612191,0.0976044104,1413265405298.0,98662630947,0.0297619048,2.7930671394,0.4600272738,2.1019719433,-7.796376147287154,1.5584200159925228,17787840000000.0,529400000.0,11.5204159799,1.8035141476,1.3888707731,-24.3293405061,227.366180136003,18630.2946633075,12.2651968166
DCM,2024,4,12920862784796,1903248325989,7039051232877,528623191927,2950300636844,499639397159,2807984553349,1946194464286,260112988949,15728847338145,5551670737163,4680730113512,870940623651,10177176600982,10177176600982,3665420000,1882513091925,32786197180,15728847338145,225763998056,2992364969228,0,2964211891877,5294000000000,5294000000000,119527496051,233211694839,1229228015118,181639981420,511526016,511526016,0.0,4387436062641,368824756047,0.0,116990931097,-15590394013,4387436062641,-173694227191,4213741835450,-3405404747603,808337087847,-25164773053,-372616076325,-141868615315,385678554251,2643963057,4901911311,7545874368,393224428619,-36594210423,15443256399,372073474595,3248718548,368824756047,319747801333,78880752960,29858876743,-46740314599,0,-68094320921,15590394013,258334014795,315159839420,190707222781,243279484345,-51941048567,-15476442092,-12047760907,23550000,-92497681436,835541178339,-312439240649,699999999,-4035451232877,3500000000000,-23359347150,63409199761,-807140620916,-203867556681,-77838820810,-346224251,-4353536400,-286406138142,-258005580719,2111955319492,49298587216,1903248325989,0.1442721361,0.5455020537,0.19123127568585288,1.9223983001477143,0.8690325877,7.5883709328,6.746535488851878,86.4717061522,60.0565626295,153.27480427055187,4.2210338646,0.06973668717310454,0.1918335577767248,0.08752903486969603,0.1413989074,0.088328427,0.0916889899,1286148911367.0,293852396207,0.0322580645,2.7604374684,0.4066135581,2.1301296819,-18.84829825095967,1.545502053745173,16411400000000.0,529400000.0,11.5601086432,1.6177807977,1.2196719665,211.6253246717,696.6844655213449,19162.0521416736,12.4072245516
DCM,2025,1,14134963923176,1990759935043,7009051232877,1409144144643,3249879228774,476129381839,2752411031911,2051341020705,238433434422,16887374955087,6322610574991,5452871437306,869739137685,10564764380096,10564764380096,3665420000,2145559792884,33038053830,16887374955087,332555807673,3278377191755,0,3088501113382,5294000000000,5294000000000,102958369318,587344101819,1700334924313,177972262742,511526016,511526016,0.238122252661553,3572123371140,411417196708,0.18906014148197314,96983526606,-15482216047,3572123371140,-165415508204,3406707862936,-2521557118425,885150744511,-19003224125,-339244571660,-171936121981,451950353351,2202300466,-307133220,1895167246,453845520597,-23723906234,-18011835849,412109778514,692581806,411417196708,453845520597,76433630160,26922435678,-14362194803,0,-78296146793,15482216047,503958003156,-867326565695,-286012222527,417386344753,81324356405,-15302040554,-49810088387,1415875600,-34539946022,-248906283271,-189283341750,0,-2755000000000,2750000000000,-745200000,62564316660,-132464225090,571831276265,-116842186467,-464431233,-2147000,454522511565,73152003204,1903248325989,14359605850,1990759935043,0.18043484869999998,0.5984620525,0.194168175162498,1.9956109520392897,0.8705348056,7.3000327294,14.60236789585488,97.7556944135,46.4300481543,158.78811046365487,3.7337978334,0.10977461699568854,0.25982584363666317,0.12076679693733078,0.147391586,0.0917301886,0.0915699658,1422103218578.0,373970050870,0.0293685756,2.5922056087,0.3650847004,1.9962115043,-24.154814125750715,1.598462052490521,18026070000000.0,529400000.0,12.1381699504,1.7115968875,1.2767919216,463.4238363675,777.1386413071401,19893.7029207896,12.5670494089
DCM,2025,2,15061351351872,3828732110334,7222000000000,710811582295,2795027550016,504780109227,2758011194900,1985540406982,248484474582,17819362546772,7567833288235,6653357358640,914475929595,10251529258537,10251529258537,3665420000,1596093115065,34167695093,17819362546772,315915240793,2801583378461,0,3323603028379,5294000000000,5294000000000,86389242585,477324979852,1706195903665,189394343563,511526016,511526016,0.5609063383812678,6252272955914,786123617829,0.3450345375651583,121900317674,-18018502996,6252272955914,-214902289587,6037370666327,-4796742138681,1240628527646,-30224650839,-214403127553,-229386648499,888514418429,199519740,-472107368,-272587628,888241830801,-99134143476,-1371040661,787736646664,1613028835,786123617829,888241830801,83607648552,61359420271,-29018553342,0,-83480724494,18018502996,1010209959009,600858263937,476793813294,-106306630733,-324966348,-18889605297,-23674090454,-1415875600,-91730424479,1845520443329,38918782006,0,-4468600000000,4290651232877,745200000,94653188871,-43631596246,161148709902,-172089102040,-464431233,-307390000,-11712213371,1790176633712,1990759935043,47795541579,3828732110334,0.1832872288,0.7382150602,0.1936823625927355,1.936443003123725,0.9895779933,8.2912248956,11.947197657819288,86.0682051836,39.4849483269,137.5003511683193,4.2408227199,0.13198440109670767,0.20549152871555762,0.13020959972087648,0.1655430838,0.1297998157,0.1024506858,1870001736764.0,796838751594,0.0247524752,2.2637219888,0.57545866,1.8436291846,-44.22336038520478,1.7382150601514266,21387760000000.0,529400000.0,12.6799897375,2.0932762208,1.3127551873,12.6317502055,1484.9331655251228,19299.8896173857,10.3667180355
