,ticker,yearReport,lengthReport,CURRENT ASSETS (Bn. VND),Cash and cash equivalents (Bn. VND),Short-term investments (Bn. VND),Accounts receivable (Bn. VND),Net Inventories,Other current assets,LONG-TERM ASSETS (Bn. VND),Long-term loans receivables (Bn. VND),Fixed assets (Bn. VND),Long-term investments (Bn. VND),Other non-current assets,TOTAL ASSETS (Bn. VND),LIABILITIES (Bn. VND),Current liabilities (Bn. VND),Long-term liabilities (Bn. VND),OWNER'S EQUITY(Bn.VND),Capital and reserves (Bn. VND),Undistributed earnings (Bn. VND),MINORITY INTERESTS,TOTAL RESOURCES (Bn. VND),Prepayments to suppliers (Bn. VND),Short-term loans receivables (Bn. VND),"Inventories, Net (Bn. VND)",Other current assets (Bn. VND),Investment and development funds (Bn. VND),Common shares (Bn. VND),Paid-in capital (Bn. VND),Long-term borrowings (Bn. VND),Advances from customers (Bn. VND),Short-term borrowings (Bn. VND),Long-term prepayments (Bn. VND),Other long-term assets (Bn. VND),Long-term trade receivables (Bn. VND),Revenue YoY (%),Revenue (Bn. VND),Attribute to parent company (Bn. VND),Attribute to parent company YoY (%),Financial Income,Interest Expenses,Sales,Sales deductions,Net Sales,Cost of Sales,Gross Profit,Financial Expenses,Selling Expenses,General & Admin Expenses,Operating Profit/Loss,Other income,Other Income/Expenses,Net other income/expenses,Profit before tax,Business income tax - current,Business income tax - deferred,Net Profit For the Year,Minority Interest,Attributable to parent company,Net Profit/Loss before tax,Depreciation and Amortisation,Unrealized foreign exchange gain/loss,Profit/Loss from investing activities,Interest Expense,Interest income and dividends,Operating profit before changes in working capital,Increase/Decrease in receivables,Increase/Decrease in inventories,Increase/Decrease in payables,Increase/Decrease in prepaid expenses,Interest paid,Business Income Tax paid,Other receipts from operating activities,Other payments on operating activities,Net cash inflows/outflows from operating activities,Purchase of fixed assets,Proceeds from disposal of fixed assets,"Loans granted, purchases of debt instruments (Bn. VND)","Collection of loans, proceeds from sales of debts instruments (Bn. VND)",Investment in other entities,Proceeds from divestment in other entities,Gain on Dividend,Net Cash Flows from Investing Activities,Increase in charter captial,Proceeds from borrowings,Repayment of borrowings,Dividends paid,Cash flows from financial activities,Net increase/decrease in cash and cash equivalents,Cash and cash equivalents,Foreign exchange differences Adjustment,Cash and Cash Equivalents at the end of period,Chỉ tiêu cơ cấu nguồn vốn_(ST+LT borrowings)/Equity,Chỉ tiêu cơ cấu nguồn vốn_Debt/Equity,Chỉ tiêu cơ cấu nguồn vốn_Fixed Asset-To-Equity,Chỉ tiêu cơ cấu nguồn vốn_Owners' Equity/Charter Capital,Chỉ tiêu hiệu quả hoạt động_Asset Turnover,Chỉ tiêu hiệu quả hoạt động_Fixed Asset Turnover,Chỉ tiêu hiệu quả hoạt động_Days Sales Outstanding,Chỉ tiêu hiệu quả hoạt động_Days Inventory Outstanding,Chỉ tiêu hiệu quả hoạt động_Days Payable Outstanding,Chỉ tiêu hiệu quả hoạt động_Cash Cycle,Chỉ tiêu hiệu quả hoạt động_Inventory Turnover,Chỉ tiêu khả năng sinh lợi_EBIT Margin (%),Chỉ tiêu khả năng sinh lợi_Gross Profit Margin (%),Chỉ tiêu khả năng sinh lợi_Net Profit Margin (%),Chỉ tiêu khả năng sinh lợi_ROE (%),Chỉ tiêu khả năng sinh lợi_ROIC (%),Chỉ tiêu khả năng sinh lợi_ROA (%),Chỉ tiêu khả năng sinh lợi_EBITDA (Bn. VND),Chỉ tiêu khả năng sinh lợi_EBIT (Bn. VND),Chỉ tiêu khả năng sinh lợi_Dividend yield (%),Chỉ tiêu thanh khoản_Current Ratio,Chỉ tiêu thanh khoản_Cash Ratio,Chỉ tiêu thanh khoản_Quick Ratio,Chỉ tiêu thanh khoản_Interest Coverage,Chỉ tiêu thanh khoản_Financial Leverage,Chỉ tiêu định giá_Market Capital (Bn. VND),Chỉ tiêu định giá_Outstanding Share (Mil. Shares),Chỉ tiêu định giá_P/E,Chỉ tiêu định giá_P/B,Chỉ tiêu định giá_P/S,Chỉ tiêu định giá_P/Cash Flow,Chỉ tiêu định giá_EPS (VND),Chỉ tiêu định giá_BVPS (VND),Chỉ tiêu định giá_EV/EBITDA
0,DRI,2016,1,77454182279,7964971732,0,21518031894,35920994652,12050184001,1499558442999,0,1216844481617,0,11560985894,1577012625278,817511769633,300755754230,516756015403,759500855645,759500855645,-65102236053,0,1577012625278,1972576129,0,35920994652,12037535534,0,732000000000,732000000000,516756015403,1109734,270655956469,11560985894,0,266196678,0.0,38377842385,-13589983282,0.0,1785205987,-12713106291,38377842385,0,38377842385,-35662640800,2715201585,-12768316431,-538527941,-2782454999,-11588891799,40197368,-1427243374,-1387046006,-12975937805,-614045477,0,-13589983282,0,-13589983282,-12975937806.0,-13885490572.0,0.0,1387046006.0,12713106291.0,0.0,-12761276081.0,-7502740784.0,-15053979737.0,-17695371265.0,2220676610.0,-44330696.0,-579385965.0,0.0,0.0,-51416407918.0,-277739890.0,40197367.0,0.0,0.0,0.0,0.0,0.0,-237542523.0,0.0,135313659921.0,-88534445948.0,0.0,46779213973.0,-4874736468.0,12839708200.0,0.0,7964971732.0,0.0,0.0,1.6021634111045269,1.0375694749248634,0.0,0.0,0.0,0.0,0.0,0.0,0.0,-0.015784664206051614,0.07074919839842893,-0.3541101437039528,0.0,0.0,0.0,0.0,-605781355,0.0,0.0,0.0,0.0,0.04765014475092144,2.0763803141982438,0.0,0.0,0.0,0.0,0.0,0.0,0.0,0.0,0.0
1,DRI,2016,2,62986993305,1044415356,0,16728925311,33239733361,11973919277,1436315690054,0,1183719122109,0,9907040396,1499302683359,775238725910,260386044629,514852681281,724063957449,724063957449,-91395606905,0,1499302683359,2209764649,0,33239733361,11958858832,0,732000000000,732000000000,514852681281,443349736,232391576806,9907040396,0,0,0.0,101753779184,-26630558971,0.0,2236997375,-15377812652,101753779184,0,101753779184,-79841581060,21912198124,-16271350402,-1228683862,-3756625025,2892536210,16055059059,-43949845627,-27894786568,-25002250358,-1628308613,0,-26630558971,0,-26630558971,-25002250357.0,41094862936.0,-3543379333.0,43190509364.0,15377812652.0,0.0,71117555262.0,-20057687743.0,2465317237.0,8592730060.0,1517579776.0,-28046588247.0,-1594850963.0,0.0,0.0,33994055382.0,-8312704889.0,15257499828.0,0.0,0.0,0.0,0.0,0.0,6944794939.0,0.0,734824605.0,-48464857369.0,0.0,-47730032764.0,-6791182443.0,7964971732.0,-129373933.0,1044415356.0,0.0,0.0,1.6348267441448723,0.9891584118155737,0.0,0.0,0.0,0.0,0.0,0.0,0.0,0.1663514551768277,0.21534530019151882,-0.2617156746860902,0.0,0.0,0.0,0.0,16926889237,0.0,0.0,0.0,0.0,-1.1007345205755599,2.0706771383032203,0.0,0.0,0.0,0.0,0.0,0.0,0.0,0.0,0.0
2,DRI,2016,3,51497084150,1023810983,0,14885084795,23609281999,11978906373,1424503689592,0,1170018588796,0,8620502357,1476000773742,740105491157,228876061404,511229429753,735895282585,735895282585,-78673853049,0,1476000773742,1564140471,0,23609281999,11963845928,0,732000000000,732000000000,511229429753,4237250057,191710744056,8620502357,0,0,0.0,108928411159,12623119357,0.0,342619171,-13206487636,108928411159,0,108928411159,-77002265582,31926145577,-14162350362,-1485446311,-3016848240,13604119835,1167704582,-405850482,761854100,14365973935,-1742854578,0,12623119357,0,12623119357,14365973935.0,13146786601.0,0.0,-405850482.0,13206487636.0,0.0,40313397690.0,-1839785612.0,9630451362.0,9170849526.0,1286538037.0,-9499379197.0,-1725729053.0,0.0,0.0,47336342753.0,-3439042085.0,95554951.0,0.0,0.0,0.0,0.0,0.0,-3343487134.0,0.0,58431820588.0,-102445280580.0,0.0,-44013459992.0,-20604373.0,1044415356.0,0.0,1023810983.0,0.0,0.0,1.5899253827066846,1.005321424296448,0.0,0.0,0.0,0.0,0.0,0.0,0.0,0.2517603142670475,0.2930929152211559,0.11588454492900256,0.0,0.0,0.0,0.0,27423851026,0.0,0.0,0.0,0.0,-2.076543876151023,2.005721206089555,0.0,0.0,0.0,0.0,0.0,0.0,0.0,0.0,0.0
3,DRI,2016,4,85385425888,34197477092,0,13383740418,26223175740,11581032638,1355737460644,0,1107096786664,0,6667318668,1441122886532,681727032423,255821643969,425905388454,759395854109,759395854109,-26379170995,0,1441122886532,366020997,0,26223175740,11564105844,0,732000000000,732000000000,425905388454,72688231,210337333635,6667318668,0,0,0.0,168567099202,49529054966,0.0,690504358,-12578057942,168567099202,0,168567099202,-85724893427,82842205775,-17355700627,-6012158756,-4779590237,55385260513,6202492784,-9361624743,-3159131959,52226128554,-2697073588,0,49529054966,0,49529054966,0.0,0.0,0.0,0.0,0.0,0.0,0.0,0.0,0.0,0.0,0.0,0.0,0.0,0.0,0.0,0.0,0.0,0.0,0.0,0.0,0.0,0.0,0.0,0.0,0.0,0.0,0.0,0.0,0.0,0.0,0.0,0.0,0.0,1.4055308406,0.9088935792,1.4578651972796952,1.0374260302035518,0.2674694605,0.34171792,5.340484098347767,31.9010251786,3.0097966259,40.25130590284777,11.4416385667,0.42742894149029254,0.49144943566791294,0.29382397395738274,0.0285614813,0.0818357538,0.0144432486,162650829704.0,72050456782,0.0583771162,0.3267671384,0.1308834162,0.2264180507,-5.728265612564309,1.897722878962608,877741200000.0,73200000.0,40.5612566675,1.1817816955,2.1902923471,8.1747503974,676.6264339617486,10146.5440237978,9.0333534169
4,DRI,2017,1,75939109224,5407592562,0,18660565473,39949961742,11920989447,1368349189215,0,1170800110468,0,12954406639,1444288298439,655604399278,216879458634,438724940644,788683899161,788683899161,-7297435825,0,1444288298439,441022063,3971281,39949961742,11672761731,0,732000000000,732000000000,438724940644,73615674,196701746643,12954406639,0,0,1.0080810921804508,77065819652,19415283487,2.428646605674316,2362122881,-11029836053,77065819652,0,77065819652,-36528234019,40537585633,-12430707206,-1212604046,-8608060659,20648336603,0,0,0,20648336603,-1233053116,0,19415283487,0,19415283487,20648336602.0,14559009067.0,0.0,0.0,11029836053.0,-785382018.0,45451799704.0,-12201539817.0,-14239642758.0,-29809748127.0,-546498629.0,-15846125115.0,-911166932.0,0.0,0.0,-28102921674.0,-5823455726.0,0.0,0.0,0.0,0.0,0.0,0.0,-5823455726.0,0.0,60547654923.0,-54747167493.0,0.0,5800487430.0,-28125889970.0,33533482532.0,0.0,5407592562.0,1.3619545538,0.8312638308,1.4844985572971559,1.0774370207117487,0.3114399093,0.3940855856,5.671099255072296,40.2217597791,3.3171467374,49.21000577157229,9.0746899689,0.3985803442655377,0.5260125152246788,0.2519311878427045,0.0730534397,0.1033052625,0.037495017,215918776577.0,30716920928,0.0601219617,0.3501443138,0.0249336318,0.1659407844,-2.784893699271742,1.8312638307634153,852267600000.0,73200000.0,15.5135731723,1.0806200062,1.8677172481,16.0117979785,265.23611321038254,10774.3702071175,6.8650198849
5,DRI,2017,2,91811228705,31814364960,0,16252642582,31822710273,11921510890,1358341022382,0,1158073996414,0,13603290350,1450152251087,597731854618,195304342725,402427511893,852420396469,852420396469,57100428634,0,1450152251087,628467497,0,31822710273,11658106485,0,732000000000,732000000000,402427511893,72195893,159468418176,13603290350,0,0,0.9267664695920037,196055769886,61397864459,3.30554170965246,-1743617559,-8861791900,196055769886,0,196055769886,-116904134879,79151635007,-7631531798,-1565591529,-3561299432,64649594689,0,-48494309,-48494309,64601100380,-3203235921,0,61397864459,0,61397864459,67601100381.0,14500066036.0,11367076843.0,48494308.0,8861791900.0,785382018.0,103163911486.0,8504200074.0,8127251469.0,10555803146.0,444113547.0,828286454.0,-3294152951.0,0.0,0.0,128329413225.0,-12027779511.0,9291213.0,0.0,0.0,0.0,0.0,0.0,-12018488298.0,0.0,78984870566.0,-168889023095.0,0.0,-89904152529.0,26406772398.0,5407592562.0,0.0,31814364960.0,1.1312768277,0.7012172129,1.3585714293218647,1.1645087383456285,0.3789803089,0.4781748651,4.751798020642863,35.0976868023,4.6554073784,44.50489220134286,10.3995457608,0.37756983173228187,0.4037199979017403,0.31316530237646584,0.1823307365,0.1443920069,0.09840058,246421834486.0,74024744046,0.0581347064,0.4700931245,0.162896352,0.3071540427,-8.35324783986408,1.701217212884626,881401200000.0,73200000.0,6.1651398116,1.0339982521,1.6007515934,5.9730568619,838.7686401502732,11645.0873834563,5.7279127398
6,DRI,2017,3,49299733056,5345506813,0,2358170812,39298345963,2297709468,1413935909067,0,1197418728334,0,14352992812,1463235642123,589312171914,178653797280,410658374634,873923470209,873923470209,35782478534,0,1463235642123,719900801,0,39298345963,0,0,732000000000,732000000000,410658374634,4364102031,143699735435,14352992812,0,0,0.26582879155129896,137884719063,15282049900,0.21063973712056536,1342690723,-9313969688,137884719063,-114970809,137769748254,-78280290512,59489457742,-14327036761,-2663948307,-4127778786,39713384611,996501251,-23824503595,-22828002344,16885382267,-1378847188,-224485179,15282049900,0,15282049900,16885382268.0,16546809675.0,-2867085692.0,1213245528.0,9313969688.0,0.0,41092321467.0,24247991700.0,-7475635690.0,-799658157.0,-749702460.0,-20682044189.0,-3686562285.0,0.0,0.0,31946710386.0,13587003575.0,996940369.0,0.0,0.0,0.0,0.0,0.0,14583943944.0,0.0,78778300483.0,-116638397160.0,-35529348575.0,-73389445252.0,-26858790922.0,31814364960.0,389932775.0,5345506813.0,1.1042345441,0.6743292657,1.3701642868655715,1.1938845221434427,0.3997092703,0.5002458108,4.6982131251563235,39.4663298806,4.0507474019,48.21529040765632,9.2483897313,0.3825058208848834,0.4318034873107405,0.11092456866383438,0.1778929909,0.1606754967,0.1004513182,275095737183.0,52697730649,0.0548546352,0.2759512185,0.0299210366,0.0559819452,-5.657923786985809,1.6743292656656368,934105200000.0,73200000.0,6.4144892211,1.0688638443,1.6120314079,7.067281312,208.77117349726777,11938.8452214344,5.3912787542
7,DRI,2017,4,151141094542,93914087162,0,7380495372,49384147970,462364038,1365319116609,0,1163581628176,0,17051655065,1516460211151,616131679367,259819101368,356312577999,900277469403,900277469403,81270416416,0,1516409148770,5332952568,0,49384147970,0,0,732000000000,732000000000,356312577999,2028783680,209022138325,17051655065,0,0,0.04315820105726589,175842151961,45487937881,-0.08159083769666287,742082714,-8385378668,175842151961,-137039673,175705112288,-95687344154,80017768134,-9095775284,-2927532335,-5962527207,62774016022,2429077181,-17157907079,-14728829898,48045186124,-2557248243,0,45487937881,0,45487937881,47708337262.0,13791356665.0,1326481540.0,-1261739836.0,11491218793.0,-1986544228.0,71069110196.0,10022197165.0,-10085802007.0,27225221128.0,-2698662254.0,-8522437747.0,1032304569.0,0.0,0.0,88041931050.0,-23336793871.0,2408793569.0,0.0,0.0,0.0,0.0,0.0,-20928000302.0,0.0,78577059385.0,-55661825584.0,-1070651425.0,21844582376.0,88958513124.0,5345506813.0,-389932775.0,93914087162.0,1.0220900394,0.6826880493,1.2924700081049507,1.229887253282787,0.4008782205,0.5147758431,2.061777974371712,41.8371252868,2.0359474003,45.93485066147172,8.7243087927,0.4048129713802172,0.4554094476365723,0.2588879588571121,0.1776793701,0.1590119821,0.0994859717,286870991233.0,71127708592,0.0731299624,0.5869495661,0.3661760002,0.3964877982,-8.482349027770823,1.6844364795184852,700670400000.0,73200000.0,4.8485965428,0.792694075,1.2032764905,3.3014046574,621.4199164071039,12075.2763295628,4.3562543493
8,DRI,2018,1,153189630054,87192261563,0,18290785786,45132275860,2574306845,1326527382313,0,1228595574420,3000000000,16199082187,1479717012367,583722563231,231155589151,352566974080,895994449136,895994449136,85762116754,0,1479717012367,9713114693,0,45132275860,0,0,732000000000,732000000000,352566974080,12465152764,190061882806,16199082187,3000000000,0,0.4248124466441119,109804339051,4564895135,-0.7648813555539098,1320410162,-9060517437,109804339051,-100705013,109703634038,-74452873159,35250760879,-9514482704,-2074623649,-8858113044,16123951644,1114447070,-11387035930,-10272588860,5851362784,-1286467649,0,4564895135,0,4564895135,5851362785.0,16810849107.0,0.0,-866444895.0,9060517437.0,0.0,30856284434.0,-13804327245.0,3276057171.0,-8351203280.0,517337716.0,-8978893032.0,-2642188679.0,0.0,0.0,873067085.0,0.0,1114447070.0,0.0,5000000000.0,0.0,0.0,0.0,6114447070.0,0.0,69727433550.0,-86302660493.0,0.0,-16575226943.0,-9587712788.0,93068388254.0,3711586097.0,87192261563.0,0.9991086796,0.6514801111,1.3712089127390517,1.2240361326994535,0.4191403274,0.5217163568,2.2283487243367106,41.3725719244,3.7117141092,47.31263475793671,8.8222699973,0.2216701789256729,0.32132719383561686,0.04161115695965711,0.143907545,0.1544311194,0.0857814373,283817288956.0,24318024186,0.0,0.6627122044,0.3772016151,0.4674658943,-2.6839553430683387,1.6514801110585884,491830800000.0,73200000.0,3.8808501369,0.5489217042,0.7942564361,1.9737091617,62.361955396174864,12240.3613269945,3.3375958132
9,DRI,2018,2,122437879410,51846679355,0,19688574567,47159443136,3743182352,1316824049810,0,1205590162155,3000000000,18728972912,1439261929220,601064994294,248215735518,352849258776,838196934926,838196934926,21345125948,2437407393,1439261929220,11371397499,0,47159443136,0,12027736484,732000000000,732000000000,352849258776,53580654,201850684047,18728972912,3000000000,0,-0.19063322230063512,158681026722,15058576836,-0.7547377751866964,-177085585,-9239147464,158681026722,1418380,158682445102,-110299464086,48382981016,-18622796124,-4504343938,-5514386417,19564368952,723984487,-890468782,-166484295,19397884657,-4401900428,0,14995984229,-62592607,15058576836,13709516579.0,16292132343.0,9162902163.0,11012717564.0,9239147464.0,0.0,59416416113.0,481147624.0,-2027167276.0,2643645549.0,-2529890725.0,-9320771869.0,-24358297523.0,2500000000.0,-1383153475.0,25421928418.0,-23202730202.0,-1114447070.0,0.0,-5000000000.0,-3000000000.0,0.0,813608996.0,-31503568276.0,0.0,91828828677.0,-80883533655.0,-36497651275.0,-25552356253.0,-31633996111.0,87192261563.0,-3711586097.0,51846679355.0,0.0,0.0,1.438313732633054,1.1450777799535519,0.0,0.0,0.0,0.0,0.0,0.0,0.0,0.241767453459264,0.30490443341038603,0.09489755988017735,0.0,0.0,0.0,0.0,38364250661,0.0,0.0,0.0,0.0,-4.152358300425975,1.7170928086811303,481363200000.0,73200000.0,5.9875915464,0.575958974,0.827282203,3.2906154788,205.71826278688525,11417.4798843306,3.9376713143
10,DRI,2018,3,131124260966,51093603153,0,27521797822,48963951986,3544908005,1319312696208,0,1204299576774,3000000000,20343986448,1450436957174,606463537919,246829375065,359634162854,843973419255,843973419255,33092021602,0,1450436957174,11704717299,0,48963951986,71057749,12027736484,732000000000,732000000000,359634162854,244061036,205527823127,20343986448,3000000000,0,-0.27258011444928465,100300086560,5322779574,-0.6516972782558444,602318223,-9541651809,100300086560,-31435749,100268650811,-65981522079,34287128732,-16720573254,-7147511127,-4357002089,6664360485,655827751,-698850362,-43022611,6621337874,-1427104680,0,5194233194,-128546380,5322779574,12309705950.0,17111511256.0,9352276554.0,15606715670.0,9541651809.0,0.0,63567201607.0,-10039388907.0,-1804508850.0,-5897925882.0,-1615013537.0,-13426626919.0,-4516626141.0,-2500000000.0,1383153475.0,25150264846.0,-10143010737.0,0.0,0.0,0.0,0.0,0.0,-813608996.0,-10956619733.0,2500000000.0,54349214155.0,-71795935468.0,0.0,-14946721313.0,-753076200.0,51846679355.0,0.0,51093603155.0,1.095764544,0.7185813251,1.426940172875433,1.152969151987705,0.3699431195,0.4534379457,3.926309966172034,50.215989393,4.9708710379,59.11317039707204,7.2686011848,0.22721573823650798,0.34195262880946753,0.053085181968121814,0.0809950937,0.1111267224,0.0478665797,220598448326.0,22782615516,0.0,0.5312344243,0.2069996861,0.3328627679,-2.3877014139743276,1.7185813250544586,511448400000.0,73200000.0,7.2613655977,0.6060006018,0.9395410174,3.6666334369,72.71556795081968,11529.691519877,4.6487941806
11,DRI,2018,4,156535486105,47574082039,0,21892902453,83023836469,4044665144,1304287271820,0,1186820197631,3000000000,25859630631,1460822757925,588808386358,279907429058,308900957300,872014371567,872014371567,53554230948,0,1460822757925,4545810856,0,83023836469,0,12027736484,732000000000,732000000000,308900957300,6673867200,220003233232,25859630631,3000000000,0,-0.15256696247069423,149014448962,26630259188,-0.4145643784146285,3570126470,-9106382789,149014448962,0,149014448962,-88902328409,60112120553,-11618852915,-13585285175,-6336237803,32141871130,699643624,-172277574,527366050,32669237180,-6104972025,0,26564265155,-65994033,26630259188,32669237180.0,16047995890.0,-18208324386.0,-15798258623.0,9106382789.0,0.0,24171692482.0,5129138230.0,-34059884483.0,-1993961993.0,12770777274.0,-8089268549.0,-2652776609.0,0.0,0.0,-4724283648.0,16935833076.0,2258921901.0,0.0,0.0,0.0,0.0,2254920524.0,21449675501.0,0.0,90356462237.0,-110499026481.0,-102348725.0,-20244912969.0,-3519521116.0,51093603155.0,0.0,47574082039.0,0.9635036529000001,0.6774678493,1.3610099057178353,1.1912764638893443,0.3489725631,0.4417536325,5.82415472080806,70.0551604854,2.4109425035,78.29025770970804,5.2101800563,0.26970939969216645,0.4033979320242235,0.17870924177823153,0.0553020481,0.0887980719,0.0329159394,190441653096.0,40190597575,0.0735294118,0.5519496001,0.1697955139,0.262414799,-4.413453563971415,1.6752278466465156,497760000000.0,73200000.0,10.2663315154,0.5755455478,0.968345315,7.6527683839,363.8013550273224,11814.877250765,5.3130623809
12,DRI,2019,1,126364020369,57144704496,0,23449031855,41999642631,3770641387,1280123339304,0,1173646555624,3000000000,24642852462,1406487359673,529211135201,220375559706,308835575495,877276224472,877276224472,59548031902,4664760377,1406487359673,10548096132,0,41999642631,0,12027736484,732000000000,732000000000,308835575495,2324270809,194485867318,24642852462,3000000000,0,0.3674055526463514,150147062923,9254323911,1.0272807232843477,816699038,-8510771359,150147062923,0,150147062923,-112908482564,37238580359,-12066305994,-7420792911,-8646693969,9921486523,2183139622,-477291343,1705848279,11627334802,-2346597597,0,9280737205,26413294,9254323911,11627334802.0,18775432703.0,3441486024.0,-1705848279.0,8510771359.0,0.0,42641783379.0,-1269179219.0,39123539366.0,-34291638401.0,1216778168.0,-8927067948.0,-6044815586.0,0.0,0.0,32449399759.0,-2437050634.0,2085524671.0,0.0,0.0,0.0,0.0,0.0,-351525963.0,0.0,81188963084.0,-103716214423.0,0.0,-22527251339.0,9570622457.0,47574082039.0,0.0,57144704496.0,0.925771149,0.6032434488,1.337830118820756,1.1984647875300547,0.3877795622,0.4679839829,7.159777882692981,53.3723620177,5.5517550438,66.08389494419298,6.8387454893,0.1410023817106378,0.24801404459104925,0.061635064521680986,0.0655883198,0.088735886,0.0390938694,190735629423.0,21171093479,0.0764409112,0.5734030604,0.2593059982,0.3828209346,-2.487564591499914,1.6032434488003051,478801200000.0,73200000.0,8.5096099732,0.548699186,0.8578935385,6.1151679901,126.42519004098361,11920.9216406421,4.8739855344
13,DRI,2019,2,192551798994,95917800387,0,28604356638,62276725276,5752916693,1257264649001,0,1149871612552,3000000000,23033214498,1449816447995,582925607958,273987695016,308937912942,866890840037,866890840037,46334157125,4811891260,1449816447995,18999919659,0,62276725276,0,19309582592,732000000000,732000000000,308937912942,2576963381,229799393211,23033214498,3000000000,0,-0.40737701725519343,94038023361,-1237002461,-1.0821460403909313,1028830376,-8301657141,94038023361,0,94038023361,-70230081336,23807942025,-12669190804,-8085826349,-5054773901,-973018653,801672868,168116153,969789021,-3229632,-1072077383,0,-1075307015,161695446,-1237002461,-3229632.0,18556066812.0,4224534339.0,45908340.0,8301657141.0,0.0,29132330230.0,-6075717946.0,-21609347239.0,18739872872.0,1609637964.0,-7832179525.0,-889894292.0,49546405.0,-986578955.0,12137669514.0,-4972061508.0,-2085524671.0,0.0,0.0,0.0,0.0,843371245.0,-6214214934.0,0.0,61140642422.0,-28276444261.0,-14556850.0,32849641311.0,38773095891.0,57144704496.0,0.0,95917800387.0,0.9778338631999999,0.6724325383,1.3264318406028168,1.184277103875683,0.3422368451,0.4186689982,8.37956834631784,63.7801025919,6.3032911911,78.46296212931783,5.7227879098,0.11343647381920643,0.2531735693082823,-0.013154279692282611,0.0462064409,0.0674514441,0.0277207941,165302655006.0,10667341775,0.0980392157,0.7027753527,0.3500806866,0.4754778265,-1.2849653501487577,1.6724325382572043,373320000000.0,73200000.0,9.3399208318,0.4330461851,0.7565229341,5.7422317103,-16.898940724043715,11777.0348193579,4.9663533656
14,DRI,2019,3,131805385977,54701985411,0,32762242235,41796417179,2544741152,1222400431707,0,1114174306810,3000000000,23457747144,1354205817684,531626232987,215423055450,316203177537,822579584697,822579584697,16258329111,6851316296,1354205817684,17675172429,0,41796417179,0,19309582592,732000000000,732000000000,316203177537,1193827382,184275091688,23457747144,3000000000,0,0.12985137448718867,113324190661,7090266076,0.33206081097808016,1068052983,-8649326293,113324190661,0,113324190661,-85029808793,28294381868,-9297252634,-6440579739,-4073728367,9550874111,288594070,-852295026,-563700956,8987173155,-2465158751,0,6522014404,-568251672,7090266076,8987173155.0,17564741946.0,112829777.0,-494065401.0,8649326293.0,0.0,34820005770.0,-2011592200.0,21812572691.0,-13481601497.0,-424532646.0,-9926652331.0,-5310486488.0,-49546405.0,986578955.0,26414745849.0,-8675680712.0,0.0,0.0,0.0,0.0,0.0,83179829.0,-8592500883.0,0.0,70488966984.0,-91442745554.0,-36585443150.0,-57539221720.0,-39716976754.0,95917800387.0,-1498838222.0,54701985411.0,0.9928297054999999,0.6462915478,1.3544881583955306,1.123742602045082,0.3572520118,0.4381207377,8.000703039829203,58.5460152636,5.6640097617,72.2107280651292,6.2344123397,0.15689566065543437,0.24967645215874798,0.06256621851560315,0.048549866,0.0678799542,0.0294377715,160753343942.0,17780073762,0.0868206286,0.6118443808,0.2539281847,0.4178242139,-2.055659962370667,1.646291547805464,421558800000.0,73200000.0,10.1001568885,0.5167882692,0.8322587441,6.3605084653,96.86155841530055,11143.8288032923,5.4380604389
15,DRI,2019,4,121372294551,55400821891,0,12477044859,50013456442,3480971359,1230367021523,0,1118112984074,3000000000,24601896898,1351739316074,501500278261,219769110751,281731167510,850239037813,850239037813,40340871473,7771806369,1351739316074,2405963750,0,50013456442,0,19309582592,732000000000,732000000000,281731167510,1415856634,168418697751,24601896898,3000000000,0,0.1427877544104863,170291887504,23867330609,-0.10375147156829091,1729827905,-7840478155,170291887504,0,170291887504,-99575190599,70716696905,-21158911081,-12557636337,-6567104271,32162873121,440165759,-353502048,86663711,32249536832,-8166994469,0,24082542363,215211754,23867330609,32249536831.0,18880119125.0,10585191672.0,-44594715.0,7840478155.0,0.0,69510731068.0,19348967170.0,-8217039263.0,20202449238.0,-1144149754.0,-7988330821.0,-1328605265.0,0.0,0.0,90384022373.0,-19496241745.0,692010309.0,0.0,0.0,0.0,0.0,-432297257.0,-19236528693.0,0.0,69388254269.0,-141385871543.0,74326100.0,-71923291174.0,-775797494.0,54701985411.0,1474633974.0,55400821891.0,0.8604675097000001,0.5898189292,1.315057218438276,1.161528740181694,0.3873275889,0.4723670306,8.442200886785992,61.7038422838,3.0085821015,73.154625272086,5.9153528612,0.30296191470535055,0.4152675617230382,0.14015541761165445,0.047917203,0.0776276619,0.0293150883,171367465774.0,51591956297,0.0,0.5522810851,0.2560223949,0.329386009,-6.580205349350916,1.5898344535566937,285919200000.0,73200000.0,7.0053457422,0.3448488781,0.5302032047,2.014948325,326.05642908469946,11326.7006145765,4.3097258676
16,DRI,2020,1,137069986760,51525981010,0,12827623916,67888973083,4827408751,1178902713517,0,1091617062016,3000000000,21726193496,1315972700277,494942657639,220325377895,274617279744,821030042638,821030042638,30804283656,5083525986,1315972700277,3000987619,0,67888973083,0,19309582592,732000000000,732000000000,274514547951,1472458224,177758902409,21726193496,3000000000,0,-0.6500503823112003,52543907267,-9336225283,-2.0088500654167345,1209682939,-7489948741,52543907267,0,52543907267,-45876234407,6667672860,-7849464678,-3688884020,-4700390053,-8361382952,98108586,-73096264,25012322,-8336370630,-801444783,0,-9137815413,198409870,-9336225283,-8336370630.0,20058262661.0,-77903467.0,-25012322.0,7489948741.0,0.0,20926857101.0,-1828326703.0,-19803898898.0,-7891829464.0,2451569268.0,-7516075356.0,-2063855852.0,20914472.0,0.0,-15704645432.0,-1723200590.0,0.0,0.0,0.0,0.0,0.0,283134230.0,-1440066360.0,0.0,63629813504.0,-50198631189.0,0.0,13431182315.0,-3713529477.0,55231618683.0,7891802.0,51525981008.0,0.8852148649,0.6028313605,1.329570180536383,1.1216257413087432,0.3144875,0.3846397425,6.55169658152616,67.3578609241,9.0292421106,82.93879961622615,5.4188181601,-0.03276500173943564,0.1268971648057777,-0.1776842600524225,0.0242617661,0.061507544,0.0149015781,153376961165.0,-1721601213,0.0681818182,0.622125277,0.2338631233,0.3139947578,0.22985487251414022,1.6028313605294282,322080000000.0,73200000.0,15.8003419646,0.3947317544,0.7486785002,2.8444308215,-127.5440612431694,11146.810336776,4.7458952753
17,DRI,2020,2,134190715134,39376804261,0,11473031773,77651512363,5689366737,1123956475924,0,1033172101408,3000000000,19886251972,1258147191058,510914739644,241955827013,268958912631,747232451414,747232451414,-22449303534,5127971634,1258147191058,2275957767,0,77651512363,0,25942599981,732000000000,732000000000,268958912631,1301799820,158493784041,19886251972,3000000000,0,-0.11114914223446785,83585777727,-12307130966,-8.949156411581303,1006696905,-7482526571,83585777727,0,83585777727,-73680661738,9905115989,-13004366919,-5465421820,-4561899071,-12119874916,286203672,-451671157,-165467485,-12285342401,-92226801,0,-12377569202,-70438236,-12307130966,-12285342401.0,18675903439.0,5452618987.0,-999193111.0,7482526573.0,0.0,16508581369.0,2994940894.0,-7804825105.0,6629334970.0,-154496212.0,-7446495148.0,-621814644.0,-20914472.0,-1308777805.0,8775533847.0,-7151132633.0,0.0,0.0,0.0,0.0,0.0,240212125.0,-6910920508.0,0.0,54852798835.0,-68854710444.0,-3986675.0,-14005898284.0,-12141284945.0,51525981008.0,-7891802.0,39376804261.0,0.9319879081,0.6837427077,1.3826649250215401,1.0208093598551913,0.3179852984,0.3853462454,6.600414755157127,71.2062246542,12.2768691599,90.08350856925713,5.1259563581,-0.0014620298491345518,0.11850240864362305,-0.14723953405322604,0.0114952266,0.0574862328,0.0070561559,142707251115.0,-122204902,0.0577367206,0.5546083217,0.1627437733,0.2336757228,0.016332037158896178,1.6837427077440064,380347200000.0,73200000.0,40.8350205917,0.5125251368,0.9061370796,3.4618038469,-168.13020445355193,10138.0393412568,5.4205449128
18,DRI,2020,3,96395979163,19605276577,0,14788988985,60466866108,1534847493,1097496351411,0,1003415749381,3000000000,21036539261,1193892330574,439865366983,169567035850,270298331133,754026963591,754026963591,-10142803542,4953575663,1193892330574,524119934,0,60466866108,0,26130560205,732000000000,732000000000,270298331133,1067565857,131341612984,21036539261,3000000000,0,0.2771268582093474,144729367578,11551229235,0.6291672429755512,1158287704,-6431707363,144729367578,0,144729367578,-99806292627,44923074951,-19486285196,-10037590920,-4131068441,12426418098,310340882,-708974141,-398633259,12027784839,-655203767,0,11372581072,-178648163,11551229235,12027784839.0,-4818639155.0,6897595494.0,26256432086.0,6431707361.0,0.0,46794880625.0,983591825.0,15226932080.0,13495376577.0,844150448.0,-10514890580.0,-4133348576.0,0.0,183563887.0,62880256286.0,-8230784658.0,0.0,0.0,0.0,0.0,0.0,118430465.0,-8112354193.0,0.0,99229371485.0,-107715615875.0,-29276013325.0,-37762257715.0,17005644378.0,39376804261.0,-36777172062.0,19605276577.0,0.8911329537999999,0.5833549571,1.330742530217094,1.0300914803155738,0.3524787769,0.4249808432,6.048498301983635,73.248941616,14.0871995603,93.38463947828365,4.9830071527,0.21249602692712183,0.3103936381590923,0.07981261459444032,0.017368107,0.0696589694,0.0107624001,133298211842.0,30754415590,0.0330797221,0.5684830113,0.1156196219,0.2118873688,-4.781687638172477,1.5833549570802778,663850800000.0,73200000.0,48.1917232963,0.886229321,1.4714605269,4.5365089833,157.8036780737705,10233.2430044809,7.8833693917
19,DRI,2020,4,152339681430,32245345772,0,48801720834,69150185302,2142429522,1067897212999,0,979700836962,3000000000,20885971513,1220236894429,440811469629,234312824698,206498644931,779425424800,779425424800,26380939952,5082587131,1220236894429,7112586973,0,69150185302,0,26130560205,732000000000,732000000000,206498644931,2388038329,180380711732,20885971513,3000000000,0,-0.13898250830324532,146624293835,36394732028,0.5248765194661573,994153751,-6579664632,146624293835,0,146624293835,-78587041675,68037252160,-5372964982,-11784878657,-6776481943,45097080329,89110081,-96402362,-7292281,45089788048,-8566044553,0,36523743495,129011467,36394732028,45089788048.0,41512901001.0,3217999289.0,-24685845950.0,6579664632.0,0.0,71714507020.0,-36498555800.0,-8683319194.0,-8759074067.0,150567748.0,-5564038743.0,-1710162778.0,0.0,1125213918.0,11775138104.0,-4680761662.0,0.0,0.0,0.0,0.0,0.0,1275655127.0,-3405106535.0,0.0,36623108666.0,-68738197985.0,149187335.0,-31965901984.0,-23595870415.0,19605276577.0,36235939610.0,32245345772.0,0.7622422903999999,0.5659943639,1.2569526291927038,1.064788831693989,0.3485294439,0.4271838028,20.619012120935093,66.2415946459,2.9855016461,89.8461084129351,5.5101330509,0.3374331106117821,0.46402441492106367,0.2482176116664262,0.030035925,0.0653425531,0.0190296388,150020264313.0,49475891560,0.0323066983,0.6444557263,0.1387767543,0.3584886957,-7.519515708958098,1.5655595206457524,679735200000.0,73200000.0,28.2043172384,0.8877498007,1.5399501506,11.7928879069,497.1957927322404,10460.1544182104,6.5814100909
20,DRI,2021,1,113482216005,34042694030,0,30813575768,46679487465,1946458742,1044319487097,0,993720680783,3000000000,22924473639,1157801703102,367256188585,159787934696,207468253889,790545514517,790545514517,39687220988,5096771757,1157801703102,7659944790,0,46679487465,0,25703057182,732000000000,732000000000,207468253889,241758471,129087349768,22924473639,3000000000,0,1.3703863781980818,124549362043,16335396906,2.7496789559849786,880952967,-6561436617,124549362043,0,124549362043,-82436103964,42113258079,-11163840758,-6221779752,-4099348535,21509242001,0,-3600000,-3600000,21505642001,-5161685849,0,16343956152,8559246,16335396906,21505642001.0,19924411638.0,3958549225.0,6320738565.0,6561436617.0,0.0,58270778046.0,18174167676.0,19614144414.0,-22466872818.0,-2216136380.0,-6653879405.0,-7318490155.0,0.0,-1395335687.0,56008375691.0,-5367038246.0,0.0,0.0,0.0,0.0,0.0,371106196.0,-4995932050.0,0.0,49852710539.0,-95572570461.0,0.0,-45719859922.0,5292583719.0,32171593506.0,-3421483195.0,34042694030.0,0.6881626010999999,0.4645604609,1.2570062855775408,1.0799802110887977,0.4136486316,0.4982420292,14.229151737927964,69.2737220048,11.5189453245,95.02181906722797,5.2689532111,0.2552572672433596,0.3381250404515169,0.13115600624562246,0.0676917342,0.0992814489,0.0430421421,187194808963.0,31792129792,0.0553464689,0.7102051617,0.2130492149,0.4180711683,-4.84530014503682,1.464560460898172,661288800000.0,73200000.0,12.7233984147,0.841924831,1.3239311841,4.7424849477,223.16115991803278,10730.1740814208,5.1758832777
21,DRI,2021,2,195155109715,72210633983,0,16159952908,101846860044,4937662780,990952972035,0,945207891511,3000000000,20789072352,1186108081750,406010299396,201993232509,204017066887,780097782354,780097782354,47041612720,5282636473,1186108081750,1494498307,0,101846860044,0,25215672778,732000000000,732000000000,204017066887,86557700,122929318173,20789072352,3000000000,0,0.5264325151429,127588048926,29967138756,3.434941079183117,3395644327,-5814232321,127588048926,0,127588048926,-74505577330,53082471596,-6169105825,-7222217562,-4768338746,38318453790,208142571,-18920000,189222571,38507676361,-8354876426,0,30152799935,185661179,29967138756,38507676361.0,24092325841.0,169522943.0,-6836656282.0,5814232321.0,0.0,61747101184.0,14675122228.0,-50607583668.0,16485956318.0,2135401287.0,-5726408887.0,126717918.0,0.0,225569838.0,39061876218.0,2563821147.0,0.0,0.0,0.0,0.0,0.0,-139829479.0,2423991668.0,0.0,63427876755.0,-70161996193.0,-5291690.0,-6739411128.0,34746456758.0,34042694030.0,3421483195.0,72210633983.0,0.6806370481999999,0.5204607789,1.2116530938708332,1.0657073529426229,0.4569034186,0.5542935386,14.23763137246996,75.6872499767,11.4144320171,101.33931336626996,4.8224767066,0.32206711862043574,0.4160457977281821,0.23487418303089413,0.1214505047,0.138309163,0.0792330594,233825351555.0,41091915288,0.0373162176,0.9661467728,0.3574903629,0.4619375041,-7.067470479220983,1.5204607788665099,980806800000.0,73200000.0,10.4066041582,1.2658590958,1.8046419708,5.7787778181,409.38714147540986,10584.9063644945,5.3066324045
22,DRI,2021,3,151260068023,35037786404,0,17864085670,96052269945,2305926004,919973778267,22500000000,852900153419,3000000000,18330261389,1071233846290,332400196179,134155314262,198244881917,738833650111,738833650111,40151084966,5221740311,1071233846290,1701266432,0,96052269945,0,25703057182,732000000000,732000000000,198244881917,392293280,102020550763,18330261389,3000000000,22500000000,0.017561278132651414,147271000256,14741724019,0.27620391900221863,4986996404,-4668451671,147271000256,-96669341,147174330915,-88289882914,58884448001,-27527536853,-9460335518,-3807164028,23076408006,33572601,-596157040,-562584439,22513823567,-7638571747,0,14875251820,133527801,14741724019,22513823567.0,14646329869.0,18555873912.0,-4320564376.0,4668451671.0,0.0,56063914643.0,-2085099391.0,1234801188.0,-15051777748.0,2458810963.0,-2437262814.0,-10275349297.0,0.0,1169765849.0,31077803393.0,-3006987734.0,0.0,-22500000000.0,0.0,0.0,0.0,-231276717.0,-25738264451.0,0.0,55845491257.0,-23249851960.0,-41718708310.0,-9123069013.0,-3783530071.0,72210633983.0,-33389317508.0,35037786404.0,0.6747260558,0.4498985612,1.1543872606382546,1.0093355875833334,0.4711035331,0.5790075635,14.45399110760634,88.4067583869,9.9092315957,112.76998109020633,4.1286436315,0.30995179778562,0.400099987782574,0.10016504866948592,0.1261794385,0.1616562731,0.0840828417,268152853444.0,45616948455,0.0350877193,1.1274996362,0.261173302,0.4115215143,-9.771322843153408,1.449898561237785,1043100000000.0,73200000.0,10.7051600361,1.4218689556,1.910663396,7.5629049346,201.3896723907104,10022.0206256831,4.8985098227
23,DRI,2021,4,203530939682,84916225937,0,27144311172,85985132358,5485270215,899228067405,30000000000,822630395284,3000000000,17518586861,1102759007087,341396413980,186786855540,154609558440,761362593107,761362593107,55935311304,5120871033,1102759007087,1259932577,0,85985132358,0,26038219629,732000000000,732000000000,154609558440,5056271580,123784318052,17518586861,3000000000,30000000000,0.36747959925818385,200505730575,15751567817,-0.5672019839332336,7129887314,-5164430604,200505730575,0,200505730575,-100780297586,99725432989,-48766712104,-12492193874,-7650272922,37946141403,2655371239,-11486775661,-8831404422,29114736981,-13330510642,0,15784226339,32658522,15751567817,29275911981.0,22629959410.0,37656012189.0,8568878429.0,5164430605.0,0.0,103295192614.0,-12459569714.0,10067137587.0,32823295597.0,811674528.0,-6145333150.0,-7604884691.0,0.0,-2742252802.0,118045259969.0,875474983.0,0.0,-7500000000.0,0.0,0.0,0.0,807380069.0,-5817144948.0,0.0,31228835401.0,-121996674483.0,214181051.0,-90553658031.0,21674456990.0,35037786404.0,28203982543.0,84916225937.0,0.5606044479,0.4437076496,1.0804712534233865,1.040112832113388,0.5243212031,0.6777485894,19.63549693012233,76.5667428188,2.8448483975,99.04708814642233,4.7670827642,0.3969111803676437,0.49736949015378534,0.07855919016293682,0.1134331995,0.1826582883,0.0752556677,251730856636.0,79582966193,0.0277454081,1.1209044072,0.4674686193,0.6440204739,-15.40982390805304,1.4484018745743934,1319137200000.0,73200000.0,15.6931345333,1.8679850853,2.2524309741,5.9454461583,215.18535269125684,9647.2933012568,5.7199420607
24,DRI,2022,1,134202402634,60714710247,0,14141064622,55768693981,3577933784,761657969526,30000000000,686748046712,3000000000,17747979987,895860372160,213536665928,76103988467,137432677461,682323706232,682323706232,83671141855,5025679845,895860372160,3189645221,0,55768693981,0,26038219629,732000000000,732000000000,137432677461,4557000001,39005067793,17747979987,3000000000,30000000000,0.07759278155646844,134213493485,20929020378,0.2812067253972115,4662022954,-3236974716,134213493485,0,134213493485,-88390552527,45822940958,-10135970093,-7446308649,-4418701471,28483983699,0,-752515777,-752515777,27731467922,-6897638732,0,20833829190,-95191188,20929020378,27731467923.0,17212116676.0,2974203644.0,752515777.0,3236974716.0,0.0,51907278736.0,12908725632.0,26959802635.0,-21885385498.0,-1327768622.0,-3400767625.0,-11168008916.0,548875967.0,0.0,54542752309.0,-6104610957.0,0.0,0.0,0.0,0.0,0.0,200000000.0,-5904610957.0,0.0,11225456836.0,-78426036059.0,0.0,-67200579223.0,-18562437871.0,81095154177.0,-1818006059.0,60714710247.0,0.4600022245,0.3129550739,1.006484225067355,0.9321362106994535,0.5728262641,0.7370933865,8.25746044817636,88.057667319,9.359672693,105.67480046017636,4.1450110037,0.25301428311152047,0.34141828640442384,0.15593827293035237,0.1098885625,0.2331843848,0.0764945403,278830492570.0,33957930838,0.0576796309,1.7634082699,0.7977861801,1.0306123271,-10.490638271021947,1.3129550739299602,888355200000.0,73200000.0,10.9148690575,1.3116164013,1.4575586766,3.6598840169,285.9155789344262,9252.7052785109,3.6190586817
25,DRI,2022,2,180595624022,64110277440,10000000000,13332392296,87886136384,5266817902,650670204099,30000000000,572055572379,3000000000,14578530112,831265828121,260484880677,112477550081,148007330596,570780947444,570780947444,49424050409,5084883480,831265828121,1146037623,0,87886136384,0,38731219629,732000000000,732000000000,148007330596,20934812,40185465823,14578530112,3000000000,30000000000,-0.1516410658510927,108240461197,16321009366,-0.45536978024863256,18291214721,-2151429269,108240461197,-20934812,108219526385,-57776073197,50443453188,-33650513569,-6510185491,-4493123740,24080845109,0,-412894698,-412894698,23667950411,-7275830394,0,16392120017,71110651,16321009366,23667950410.0,12177746917.0,25573907836.0,-1954261687.0,2151429269.0,0.0,61616772745.0,-5880211793.0,-32131331292.0,-21717089733.0,3169449875.0,-1980207214.0,-2454623109.0,-548875967.0,-2640306315.0,-2566422803.0,-8490970176.0,0.0,-5000000000.0,0.0,0.0,0.0,1635514127.0,-11855456049.0,0.0,17644784075.0,-1629710931.0,-51252144.0,15963821000.0,1541942148.0,60714710247.0,1853625045.0,64110277440.0,0.5890177808,0.4563657597,1.002233124530011,0.7797553926830602,0.605070569,0.8044251917,7.934255984183602,88.6520086076,6.6542291555,103.24049374728361,4.1172219979,0.36444572688932675,0.46612154823652807,0.15081390495035663,0.0984176073,0.2616664819,0.0694603991,265264142315.0,39440143957,0.1017293998,1.605614844,0.5699828756,0.8242488174,-18.332066280446238,1.4563657596552073,503689200000.0,73200000.0,7.435259864,0.8903883765,0.8535469148,2.504677875,222.96460882513662,7728.0883055191,2.385760084
26,DRI,2022,3,126148594618,37362893361,10000000000,18884045033,55822440806,4079215418,605551337930,50000000000,509831098202,3000000000,12836229372,731699932548,195441046749,51636334368,143804712381,536258885799,536258885799,43628710315,4826440599,731699932548,1605337241,0,55822440806,0,38731219629,732000000000,732000000000,143804712381,4854528000,18008507271,12836229372,3000000000,50000000000,-0.2546069172262063,109774784884,-5855153367,-1.3971824027809456,3188253895,-2155958459,109774784884,-18903654,109755881230,-74001276332,35754604898,-27065786183,-8367484561,-3901926474,-392338425,-14769818,-2181000360,-2195770178,-2588108603,-3267044764,0,-5855153367,0,-5855153367,-2567173791.0,11053695019.0,30756975684.0,4562926564.0,2155958459.0,0.0,45962381935.0,570873047.0,32077584467.0,-78238405393.0,1742300740.0,-3084803565.0,-6083290630.0,0.0,1830011291.0,-5223348108.0,-10188316074.0,0.0,-20000000000.0,40347484800.0,0.0,0.0,56090953892.0,66250122618.0,0.0,19268676641.0,-75628425731.0,-29204356477.0,-85564105567.0,-24537331057.0,64110277440.0,-2210053022.0,37362893361.0,0.5699074461,0.3644527894,0.9507182290180164,0.7325941062827869,0.6207288159,0.853165705,8.771995809343752,81.1608987091,6.0177186869,95.95061320534374,4.4972395058,0.21397663250304896,0.32576482004708335,-0.05334705804721459,0.0739341532,0.2527908413,0.0529499561,239539752873.0,23485193863,0.1081749343,2.4430199425,0.7235775703,1.3619509338,-10.893156946026297,1.3644527893608742,473677200000.0,73200000.0,10.046933721,0.8913215674,0.857032388,2.8742855268,-79.98843397540983,7260.0060819672,2.5171352966
27,DRI,2022,4,164277121621,66551192559,5000000000,19183913845,70776441613,2765573604,601885105308,60000000000,489516169318,3000000000,13330337262,766162226929,195860430286,110373476860,85486953426,570301796643,570301796643,71518724380,4682778355,766162226929,1596580107,0,70776441613,0,38731219629,732000000000,732000000000,85486953426,0,56217463141,13330337262,3000000000,60000000000,-0.22562844740778054,155265933889,28529775887,0.8112340446650029,8920310766,-2496766250,155265933889,-18594170,155247339719,-85483445785,69763893934,-23072086756,-12579540246,-9903505213,33129072485,66908583,-12947322,53961261,33183033746,-5311923334,0,27871110412,-658665475,28529775887,33201937398.0,12040408090.0,-17373958330.0,-53961262.0,2656881154.0,0.0,30471307050.0,1078849702.0,-14954000807.0,117012588171.0,-494107890.0,-2763312633.0,-7679209368.0,2257621576.0,810295024.0,125740030825.0,-2801264446.0,104964728.0,-5000000000.0,-40347484800.0,0.0,0.0,-54486468019.0,-102530252537.0,0.0,13244184434.0,-3041940049.0,-8379788.0,10193864597.0,33403642885.0,37362893361.0,-4215343687.0,66551192559.0,0.3977646625,0.3408619789,0.8583458305750866,0.7791008150860655,0.5542426856,0.7964366558,13.331493225138644,96.4311045339,2.5202114329,112.28280919193864,3.7850857539,0.30455174665523443,0.44937255646553226,0.18376982136144374,0.1259685255,0.2043984468,0.0901124514,187883688997.0,47280848475,0.0932463035,1.5122771693,0.6094247801,0.8497901217,-18.93683418501832,1.3434329532870217,549512400000.0,73200000.0,6.8029476012,0.9700339123,1.1060683365,3.3545157834,389.75103670765026,7738.9046965437,3.6128158358
28,DRI,2023,1,117420591981,50808818177,15000000000,9829727894,41258589888,523456022,605138090721,70000000000,479751102040,3000000000,14696842486,722558682702,138538539762,54532485630,84006054132,584020142940,584020142940,107724824216,4635475615,722558682702,3032305067,0,41258589888,0,38731219629,732000000000,732000000000,84006054132,0,10846017065,14696842486,3000000000,70000000000,-0.057683871181441665,126471539616,14775170368,-0.2940343073328341,5865087625,-1817746839,126471539616,0,126471539616,-92108949385,34362590231,-2630178569,-9054858418,-5310953267,23231687602,95183061,-5269028192,-5173845131,18057842471,-3329693893,0,14728148578,-47021790,14775170368,18057842471.0,13193725647.0,-4768338377.0,7496207515.0,1817746839.0,0.0,35797184095.0,10895502814.0,31087176994.0,-8250237967.0,-1174574335.0,-2065011392.0,-6666666667.0,0.0,-412742588.0,59210630954.0,-9782099558.0,0.0,-20000000000.0,0.0,0.0,0.0,260000000.0,-29522099558.0,0.0,3004249144.0,-48456345170.0,-8996916.0,-45461092942.0,-15772561546.0,66551192559.0,30187164.0,50808818177.0,0.3062533501,0.2372153451,0.8214632797165144,0.7978417253278689,0.6549745645,0.9744647181,7.54534221665164,75.432729583,6.9851477724,89.96321957205164,4.8387484056,0.15811287351063602,0.27170215793477037,0.11682604966193345,0.0959279785,0.1917930387,0.070480109,178668540514.0,19996778546,0.0569865512,2.1532228107,0.931716528,1.3966354406,-11.000860030102354,1.2372153451156442,642256800000.0,73200000.0,11.9443410378,1.1085153547,1.2852994656,3.625274161,201.84658972677596,7915.0910836749,3.8671359079
29,DRI,2023,2,188216252354,24884293050,15000000000,57564030958,86875033005,3892895341,530392700838,43000000000,429830814279,3000000000,12662272320,718608953192,180319858692,136982289653,43337569039,538289094500,538289094500,89021329114,4597691806,718608953192,3093574987,30000000000,86875033005,0,43922918427,732000000000,732000000000,43337569039,1333951709,74121498114,12662272320,3000000000,43000000000,-0.2974668100351036,76042516488,16975239972,0.040085180476821254,1755097996,-1563561523,76042516488,0,76042516488,-41442888245,34599628243,-8860652107,-5510614232,-4470040070,17513419830,105600000,4800442076,4906042076,22419461906,-5482005742,0,16937456164,-37783808,16975239972,11844211799.0,10950559975.0,12217356088.0,-11318453221.0,1984132780.0,0.0,25677807421.0,-51103742384.0,-39493771847.0,17976490675.0,2231115274.0,-1660171600.0,-1390403332.0,1208077606.0,412742588.0,-46141855599.0,-4306268295.0,0.0,-3000000000.0,0.0,0.0,0.0,3562451276.0,-3743817019.0,0.0,37514916559.0,-13139563456.0,-10739105.0,24364613998.0,-25521058620.0,50808818177.0,-403466507.0,24884293050.0,0.29871798969999996,0.3349870182,0.7985129527438346,0.7353676154371585,0.636287904,0.9796429978,10.402440178299775,79.3223245925,7.7953245858,97.52008935659977,4.6014788633,0.3237527514608888,0.4550037247709976,0.22323353771016774,0.0985011626,0.1759544312,0.0740721077,162620183556.0,24618973941,0.0664540138,1.3740188811,0.1816606593,0.7398125671,-15.745446264093056,1.334987018192322,550756800000.0,73200000.0,10.1195492416,1.0319761518,1.1780458756,4.1228798999,231.90218540983608,7290.8661570219,3.9843102605
30,DRI,2023,3,127247811997,29400090890,10000000000,31801093641,52314387029,3732240437,462628432903,53000000000,353410949795,3000000000,10617223877,589876244900,108482565281,89354267737,19128297544,481393679619,481393679619,99964860102,4509334691,589876244900,2071489856,20000000000,52314387029,0,43023891175,732000000000,732000000000,19128297544,3807754428,59543837691,10617223877,3000000000,53000000000,-0.14721779194627677,93613983442,10943530988,2.869042585575709,4465847655,-1103402772,93613983442,-150278855,93463704587,-69229906883,24233797704,-4255444318,-7810575822,-3238473259,13395151960,0,-110681584,-110681584,13284470376,-2429296504,0,10855173872,-88357116,10943530988,13284470376.0,6294348716.0,-550147011.0,-2089042200.0,1103402772.0,0.0,18043032653.0,-3552740889.0,36559029958.0,1122119941.0,2045048443.0,-2058777509.0,-2235702366.0,0.0,2866915785.0,52788926016.0,-10311807033.0,0.0,-30000000000.0,35000000000.0,0.0,0.0,2891081601.0,-2420725432.0,0.0,18334230990.0,-38666584596.0,-21902430807.0,-42234784413.0,8133416171.0,24884293050.0,-3617618331.0,29400090890.0,0.2031610237,0.2253510378,0.7341412335839304,0.6576416388237705,0.6452511299,1.029895062,9.124032219376911,79.5247986025,8.3330000704,96.98183089227692,4.589763274,0.14106811495714974,0.25928565330343983,0.11708856434011017,0.1321662586,0.1876232164,0.1018497951,147560392013.0,13184748623,0.0694251597,1.4240820861,0.3290283904,0.8386104756,-11.949171198021968,1.225351037776106,527186400000.0,73200000.0,7.4018377672,1.1054806173,1.1683445791,2.7515273483,149.5017894535519,6514.8134553005,3.9371525862
31,DRI,2023,4,180145166345,60334618849,10000000000,38308117704,65399095899,6103333893,462719363717,43000000000,358532083781,3000000000,11236337174,642864530062,105239017328,105239017328,0,537625512734,537625512734,132597473756,4687218993,642864530062,1944472582,30000000000,65399095899,0,43186847037,732000000000,732000000000,0,3600674264,45322271775,11236337174,3000000000,43000000000,-0.0494375538325591,147589965924,31412138064,0.10102996211454257,5031083712,-1383174216,147589965924,-59041474,147530924450,-81437059186,66093865264,-2493173908,-12045658512,-9944049669,46642066887,603597798,-6929237514,-6325639716,40316427171,-8726404805,0,31590022366,177884302,31412138064,40316427171.0,12528218565.0,-1527553788.0,-2581330153.0,1383174216.0,0.0,56632375647.0,20155215648.0,-15083092852.0,30106315507.0,-619113297.0,-1018059457.0,-5737852452.0,0.0,-7165042584.0,77270746160.0,-7611850895.0,5243289.0,10000000000.0,-5000000000.0,-10000000000.0,5000000000.0,644976238.0,-6961631368.0,0.0,34096326623.0,-71729976491.0,0.0,-37633649868.0,32675464924.0,29400090890.0,-1740936965.0,60334618849.0,0.0843595009,0.1958841827,0.6668807102507992,0.7344610829699454,0.6298268351,1.0459515329,7.4018907402340774,88.4474817644,1.7613930404,97.61076554503407,4.1267427033,0.2989485577171139,0.4480000753089567,0.21291900786974294,0.1340636602,0.1683621155,0.1046208892,140199085129.0,44104157083,0.0405022276,1.7117712341,0.5733100244,1.0903376695,-31.886190888191052,1.1957478111349766,903654000000.0,73200000.0,12.2659954827,1.6967978592,2.0375113955,7.0926869776,429.1275691803279,7275.4688680191,6.8291128873
32,DRI,2024,1,142260005354,28443328250,10000000000,57453267888,42326084509,4037324707,446218014947,40000000000,340689704866,3000000000,12146857419,588478020301,62112495419,62112495419,0,526365524882,526365524882,133237351932,4651813634,588478020301,3096693259,40000000000,42326084509,0,43186847037,732000000000,732000000000,0,50000000,26340025929,12146857419,3000000000,40000000000,-0.06888851052539716,117759103628,20941686481,0.4173566841811458,5356528317,-841946045,117759103628,0,117759103628,-85255338179,32503765449,-924378724,-7653162112,-4800194255,24482558675,0,0,0,24482558675,-3576277553,0,20906281122,-35405359,20941686481,24482558675.0,10246500858.0,-57840939.0,-4722204749.0,841946045.0,0.0,30790959890.0,-7079079498.0,23073011389.0,-20014997100.0,-910520245.0,-947646082.0,-7337853610.0,0.0,-296396290.0,17277478454.0,-9425484235.0,0.0,-7000000000.0,0.0,0.0,0.0,3625031423.0,-12800452812.0,0.0,17938533456.0,-32158571119.0,-21526981968.0,-35747019631.0,-31269993989.0,60334618849.0,-621296610.0,28443328250.0,0.0500413205,0.1180025904,0.647249275952059,0.7190785859043716,0.6847649403,1.1731721791,9.423205738636481,81.2321008553,7.7826860208,98.43799261473649,4.493297553,0.17026631881760132,0.27601913098522823,0.17783496847220073,0.1554745628,0.1844712588,0.1264221096,141977916843.0,20050409082,0.045882083,2.2903604886,0.4579324669,1.6089181439,-23.814363403773694,1.1180025903727724,957236400000.0,73200000.0,11.9248218396,1.8347924913,2.2015746499,9.4592974872,286.0886131284153,7127.236492459,6.7600999695
33,DRI,2024,2,179838541797,31000542563,10000000000,53977771838,80301570537,4558656859,427957822542,40000000000,346721309094,3000000000,10354444447,607796364339,115707189999,115707189999,0,492089174340,492089174340,104280134637,4607540380,607796364339,3745767003,40000000000,80301570537,0,48728373290,732000000000,732000000000,0,0,37162475459,10354444447,3000000000,40000000000,-0.1784699146449426,62471215061,9465981268,-0.44236539314826956,5044061934,-611412928,62471215061,0,62471215061,-42516729530,19954485531,-1191908953,-4739395003,-5551583734,13515659775,0,0,0,13515659775,-4093951761,0,9421708014,-44273254,9465981268,13515659775.0,9722295637.0,3444585890.0,76538047.0,611412928.0,0.0,27370492277.0,4389548837.0,-37975486028.0,7670531396.0,1120330541.0,-505712891.0,-5163774085.0,0.0,-571729314.0,-3665799267.0,-3084247697.0,0.0,0.0,0.0,0.0,0.0,257332771.0,-2826914926.0,0.0,18723023807.0,-10179591690.0,-405213355.0,8138218762.0,1645504569.0,28443328250.0,911709744.0,31000542563.0,0.0755197988,0.2351345976,0.7045904018494812,0.6722529704098361,0.6936555271,1.2040553953,6.558784759942638,78.7645630807,11.0877239324,96.41107177304264,4.6340636668,0.15468735135956732,0.31941887974350186,0.1515254867182741,0.1441558963,0.1643883805,0.1198236026,125794185358.0,9663506794,0.0506414585,1.5542555463,0.2679223526,0.8602487992,-15.805205208222224,1.2351345976147288,867273600000.0,73200000.0,11.9191015438,1.7790897945,2.0589321803,6.0365103535,129.31668398907104,6659.585163388,6.979997293
34,DRI,2024,3,191121112377,50436415071,10000000000,46523755449,76790941494,7370000363,461795531057,40000000000,375182587500,3000000000,10951616159,652916643434,81273206312,81273206312,0,571643437122,571643437122,144028541390,6416570975,652916643434,1314075004,40000000000,76790941494,0,49863720771,732000000000,732000000000,0,1500000000,36885676299,10951616159,3000000000,40000000000,0.5295467072791931,143186960129,39921169262,2.647923993249993,7180559813,-931303074,143186960129,0,143186960129,-85003386862,58183573267,-1826851975,-8314529650,-6780929441,48441822014,3000000,-256883541,-253883541,48187938473,-6457738616,0,41730199857,1809030595,39921169262,48187716656.0,12997131114.0,-8743135661.0,-2175378127.0,931303074.0,0.0,51197637056.0,2801277988.0,3510629043.0,-3280305263.0,480920677.0,-1367677708.0,-1714161922.0,0.0,-3728088475.0,47900231396.0,-9828939190.0,0.0,0.0,0.0,0.0,0.0,3900410858.0,-5928528332.0,0.0,44230230571.0,-44498490527.0,-21895203825.0,-22163463781.0,19808239283.0,31000542563.0,-372366775.0,50436415071.0,0.0645256709,0.1421746512,0.6563227409535162,0.7809336572704918,0.7559192679,1.3255638348,5.091486797655942,82.1331972814,10.9325041144,98.15718819345595,4.4440008679,0.3009220541953056,0.4063468713532381,0.278804503049958,0.1931154633,0.1921127265,0.1633045054,162400333309.0,43088114176,0.0508646999,2.3515881931,0.6205786305,1.4067387774,-46.266479064580004,1.1421746512496997,863467200000.0,73200000.0,8.4869168923,1.5276471302,1.8334653238,6.221722658,545.3711647814208,7721.678499276,5.2729758293
35,DRI,2024,4,222807571471,81129688423,10000000000,6476927852,115992121938,9208833258,506262228352,80000000000,375452097992,3000000000,11044247659,729069799823,138475201502,138475201502,0,590594598321,590594598321,152881999866,6040678230,729069799823,245950000,0,115992121938,0,50211220806,732000000000,732000000000,0,19772017650,30541552646,11044247659,3000000000,80000000000,0.0004412416155278087,147655088759,38432408466,0.22348909799443445,5623917019,-1123267905,147655088759,0,147655088759,-68717699151,78937389608,-2986253484,-9824405177,-17099522499,54651125467,48000000,-1208671846,-1160671846,53490453621,-15401679835,0,38088773786,-343634680,38432408466,53490453621.0,13273453523.0,3140328230.0,-7443098502.0,1123267905.0,0.0,63584404777.0,-1186978427.0,-39185890444.0,51454609944.0,-1213376517.0,-686893271.0,-971626079.0,0.0,-243469594.0,71550780389.0,-7738033402.0,349019048.0,-40000000000.0,40000000000.0,0.0,0.0,7489941817.0,100927463.0,0.0,36877087066.0,-48496664672.0,-29164210200.0,-40783787806.0,30867920046.0,50436415071.0,-174646694.0,81129688423.0,0.0517132272,0.2344674365,0.6357188146646987,0.80682322175,0.6869134064,1.2836015581,3.1698314221893114,117.6012939748,3.7724512611,124.54357665808931,3.1037073459,0.3522632532963049,0.5346066313829535,0.2602850249795907,0.1951756943,0.2009467167,0.1589680814,171054651298.0,52013461932,0.0591774337,1.6090070211,0.5858788255,0.7713687965,-46.305482156547505,1.2344674365388217,742174800000.0,73200000.0,6.8078710874,1.2696430124,1.5755031061,5.5776325774,525.0329025409836,7985.7092908607,4.2971098805
36,DRI,2025,1,205532016635,103515195384,10000000000,14273622142,71220436232,6522762877,517611507528,80000000000,381472897175,3000000000,12853171295,723143524163,47693342266,47693342266,0,675450181897,675450181897,206230714968,5446284728,723143524163,3035129985,0,71220436232,0,50773727343,732000000000,732000000000,0,253616019,5413907455,12853171295,3000000000,80000000000,0.7416180883465445,205091384946,55948715102,1.6716432390849334,4095844643,-302686892,205091384946,0,205091384946,-124087148776,81004236170,-1217094305,-7457461646,-7786232067,68639292795,0,-1711693812,-1711693812,66927598983,-11073277383,0,55854321600,-94393502,55948715102,66927598983.0,26504723070.0,0.0,-853022368.0,804834634.0,0.0,93384134319.0,-5632718922.0,44771685706.0,-58805782526.0,-1286828623.0,-969593101.0,-18701510349.0,0.0,-705427786.0,52053958718.0,-9543400027.0,1837822710.0,0.0,0.0,0.0,0.0,5188168561.0,-2517408756.0,0.0,21399450201.0,-47994710247.0,-555782955.0,-27151043001.0,22385506961.0,81129688423.0,0.0,103515195384.0,0.008015258,0.0706097112,0.5647683684141359,0.9227461501325137,0.8233244557,1.5103969148,3.615900033588414,98.0811399531,8.4786218266,110.17566181328843,3.7214086233,0.3206401988767815,0.3949665471873828,0.2727989530946468,0.2492443512,0.2504547207,0.211975198,233023228703.0,65760542457,0.0696001856,4.3094488008,2.1704328207,2.816149467,-217.25599685697654,1.0706097111885489,946549200000.0,73200000.0,6.5838531202,1.4127517825,1.6950954865,5.6396203165,764.3267090437158,9153.0587044945,3.6644166401
37,DRI,2025,2,293927229396,115287927296,10000000000,12960602732,150786877225,4891822143,528643165285,80000000000,381096393645,3000000000,13545097272,822570394681,169088549671,169088549671,0,653481845010,653481845010,159143352104,5262534340,822570394681,4674547705,0,150786877225,0,61832642159,732000000000,732000000000,0,602261050,36806315254,13545097272,3000000000,80000000000,0.8139531998272941,113319860457,21020021587,1.2205855887396206,6270359774,-351759185,113319860457,0,113319860457,-74666415222,38653445235,-962851688,-6482300378,-11655070336,25823582607,0,71111236,71111236,25894693843,-4983387080,0,20911306763,-108714824,21020021587,25894693843.0,-3198085850.0,-1830454151.0,-2636707774.0,280418787.0,0.0,18509864855.0,1821656098.0,-79566440993.0,85162118543.0,430378069.0,-115660320.0,-9053269844.0,206140212.0,-19557145901.0,-2162359281.0,-16074325363.0,-215019238.0,0.0,0.0,0.0,0.0,-701339835.0,-16990684436.0,0.0,28949492410.0,1993909841.0,-17626622.0,30925775629.0,11772731912.0,103515195384.0,0.0,115287927296.0,0.0563233937,0.2587501871,0.5831782421425468,0.8927347609426229,0.8323984273,1.6104987928,3.2033259381197436,107.3825362758,9.78247784,120.36834005391975,3.399062945,0.1810457093598784,0.3411003603350475,0.18549282978490952,0.2517375414,0.2627572129,0.2122106708,230955414943.0,20516074521,0.0716845878,1.7383035692,0.6818198365,0.8465407767,-58.324204159729334,1.2587501871125624,919026000000.0,73200000.0,5.9168961231,1.4177701665,1.508446501,5.4270215474,287.15876484972677,8855.4550637978,3.662208667
