,ticker,yearReport,lengthReport,CURRENT ASSETS (Bn. VND),Cash and cash equivalents (Bn. VND),Short-term investments (Bn. VND),Accounts receivable (Bn. VND),Net Inventories,Other current assets,LONG-TERM ASSETS (Bn. VND),Long-term loans receivables (Bn. VND),Fixed assets (Bn. VND),Investment in properties,Long-term investments (Bn. VND),Other non-current assets,TOTAL ASSETS (Bn. VND),LIABILITIES (Bn. VND),Current liabilities (Bn. VND),Long-term liabilities (Bn. VND),OWNER'S EQUITY(Bn.VND),Capital and reserves (Bn. VND),Other Reserves,Undistributed earnings (Bn. VND),Budget sources and other funds,MINORITY INTERESTS,TOTAL RESOURCES (Bn. VND),Prepayments to suppliers (Bn. VND),Short-term loans receivables (Bn. VND),"Inventories, Net (Bn. VND)",Other current assets (Bn. VND),Investment and development funds (Bn. VND),Common shares (Bn. VND),Paid-in capital (Bn. VND),Long-term borrowings (Bn. VND),Advances from customers (Bn. VND),Short-term borrowings (Bn. VND),Good will (Bn. VND),Long-term prepayments (Bn. VND),Other long-term assets (Bn. VND),Other long-term receivables (Bn. VND),Long-term trade receivables (Bn. VND),Revenue YoY (%),Revenue (Bn. VND),Attribute to parent company (Bn. VND),Attribute to parent company YoY (%),Financial Income,Interest Expenses,Sales,Sales deductions,Net Sales,Cost of Sales,Gross Profit,Financial Expenses,Gain/(loss) from joint ventures,Selling Expenses,General & Admin Expenses,Operating Profit/Loss,Other income,Other Income/Expenses,Net other income/expenses,Profit before tax,Business income tax - current,Business income tax - deferred,Net Profit For the Year,Minority Interest,Attributable to parent company,Net Profit/Loss before tax,Depreciation and Amortisation,Provision for credit losses,Unrealized foreign exchange gain/loss,Profit/Loss from investing activities,Interest Expense,Operating profit before changes in working capital,Increase/Decrease in receivables,Increase/Decrease in inventories,Increase/Decrease in payables,Increase/Decrease in prepaid expenses,Interest paid,Business Income Tax paid,Other receipts from operating activities,Other payments on operating activities,Net cash inflows/outflows from operating activities,Purchase of fixed assets,Proceeds from disposal of fixed assets,"Loans granted, purchases of debt instruments (Bn. VND)","Collection of loans, proceeds from sales of debts instruments (Bn. VND)",Investment in other entities,Proceeds from divestment in other entities,Gain on Dividend,Net Cash Flows from Investing Activities,Proceeds from borrowings,Repayment of borrowings,Dividends paid,Cash flows from financial activities,Net increase/decrease in cash and cash equivalents,Cash and cash equivalents,Foreign exchange differences Adjustment,Cash and Cash Equivalents at the end of period,Chỉ tiêu cơ cấu nguồn vốn_(ST+LT borrowings)/Equity,Chỉ tiêu cơ cấu nguồn vốn_Debt/Equity,Chỉ tiêu cơ cấu nguồn vốn_Fixed Asset-To-Equity,Chỉ tiêu cơ cấu nguồn vốn_Owners' Equity/Charter Capital,Chỉ tiêu hiệu quả hoạt động_Asset Turnover,Chỉ tiêu hiệu quả hoạt động_Fixed Asset Turnover,Chỉ tiêu hiệu quả hoạt động_Days Sales Outstanding,Chỉ tiêu hiệu quả hoạt động_Days Inventory Outstanding,Chỉ tiêu hiệu quả hoạt động_Days Payable Outstanding,Chỉ tiêu hiệu quả hoạt động_Cash Cycle,Chỉ tiêu hiệu quả hoạt động_Inventory Turnover,Chỉ tiêu khả năng sinh lợi_EBIT Margin (%),Chỉ tiêu khả năng sinh lợi_Gross Profit Margin (%),Chỉ tiêu khả năng sinh lợi_Net Profit Margin (%),Chỉ tiêu khả năng sinh lợi_ROE (%),Chỉ tiêu khả năng sinh lợi_ROIC (%),Chỉ tiêu khả năng sinh lợi_ROA (%),Chỉ tiêu khả năng sinh lợi_EBITDA (Bn. VND),Chỉ tiêu khả năng sinh lợi_EBIT (Bn. VND),Chỉ tiêu khả năng sinh lợi_Dividend yield (%),Chỉ tiêu thanh khoản_Current Ratio,Chỉ tiêu thanh khoản_Cash Ratio,Chỉ tiêu thanh khoản_Quick Ratio,Chỉ tiêu thanh khoản_Interest Coverage,Chỉ tiêu thanh khoản_Financial Leverage,Chỉ tiêu định giá_Market Capital (Bn. VND),Chỉ tiêu định giá_Outstanding Share (Mil. Shares),Chỉ tiêu định giá_P/E,Chỉ tiêu định giá_P/B,Chỉ tiêu định giá_P/S,Chỉ tiêu định giá_P/Cash Flow,Chỉ tiêu định giá_EPS (VND),Chỉ tiêu định giá_BVPS (VND),Chỉ tiêu định giá_EV/EBITDA
0,GVR,2018,3,16751086815333,3759431541373,5482399403351,2416778199651,4123883173476,968594497482,58251412504692,1043517932636,24695759362960,1167558321282,3369991353066,2166943294023,75002499320025,27032009042622,9648273971198,17383735071424,47970490277403,47855320913097,33306738051,1016108402071,115169364306,4499887733780,75002499320025,697968977025,14384311047,4128110820763,0,2396480599853,40000000000000,40000000000000,10202030502536,968898491227,3380778959626,34029376949,2115894306055,320037486307,269575628205,1360094000747,0.0,4850815747566,456057090941,0.0,170978115909,-138939933017,4850815747566,-3541846177,4847273901389,-3879465727083,967808174306,-186338530770,62093508468,-115392946229,-317469585940,581678735744,56833944891,-22595708097,34238236794,615916972538,-114971114604,-12452827406,488493030528,32435939587,456057090941,615916972537,439207551169,-6136083838,-83735769804,1206211703,138939933017,1040024767302,-255046936892,-163623741767,82978404549,-51401772989,-49308125678,-203487734929,2078620844,-385495959599,16717520841,-150885742507,77443630409,-2691871604829,1792503181398,50377879889,0,124722424192,-797710231448,2912423187324,-3093513687056,-8287220594,-189377720326,-970370430933,4646066202502,83735769804,3759431541373,0.0,0.0,0.5148114855643491,1.199262256935075,0.0,0.0,0.0,0.0,0.0,0.0,0.0,0.1103601019912883,0.19966030267624693,0.09408527354113733,0.0,0.0,0.0,0.0,534945642137,0.0,0.0,0.0,0.0,-3.850193609000421,1.563513295075821,0.0,0.0,0.0,0.0,0.0,0.0,0.0,0.0,0.0
1,GVR,2018,4,18388278941767,5161965287049,5599664645929,3085560311445,3560236485633,980852211711,59311190435847,1026550052046,25307053760665,1184471049064,3396393883779,2357857796259,77699469377614,27615036501202,9735353452059,17879683049143,50084432876412,50005466640341,10591031002,2903069173695,78966236071,4679871292188,77699469377614,570363103773,15964743263,3598406314819,0,2429277669456,40000000000000,40000000000000,10304465034084,748320039049,3090489257876,31555035362,2252041373938,409543100671,452585135271,1527628577344,0.0,7812961364518,1464310626142,0.0,334252610523,-232463549322,7812961364518,-7456375476,7805504989042,-6008254130527,1797250858515,-417680411531,67356480193,-180235133604,-561519025085,1039425379011,1402607815512,-82796084463,1319811731049,2359237110060,-514297023953,18549515573,1863489601680,399178975538,1464310626142,2359237110060,1100154036526,685984535033,-332571956,-35340124776,232463549322,4271944642434,-810814135050,-109345849333,594671027877,-119444818818,-199157393504,-223625032784,9964336998,-842926829678,2571265948142,-606618579867,175969889065,-3880783362924,2872411230210,0,17415848990,713150871566,-708454102960,2068196924662,-2528807596124,0,-460610671462,1402201173720,3759431541373,332571956,5161965287049,0.4727031834,0.5596298034,0.5052878171369637,1.2521108219103,0.2549961924,0.7753412767,32.56273807305358,80.2689814679,25.8059134808,138.63763302175357,4.5472110562,0.13522465251227073,0.23025427067667323,0.18759972970329503,0.0523645871,0.0330126213,0.0335750105,3747297416918.0,1055496699826,0.0410032119,1.8328696258,0.5147604838,1.5058518506,-4.540482595677676,1.5513696555044294,58532000000000.0,4000000000.0,22.5502639065,1.3022958924,2.9691633487,54.7899846076,366.0776565355,11236.3097244435,19.287364933
2,GVR,2019,1,17374191422927,4149218330411,5712270528605,3354291212794,3146562104976,1011849246141,59192234138685,1017210200218,27639324356192,1186641645678,3872766420002,2410025173761,76566425561612,26477275713444,7887306508807,18589969204637,50089149848168,49974848777133,10591031002,2793457445337,114301071035,4712555880656,76566425561612,610550137302,11821132823,3200716763589,0,2461843143095,40000000000000,40000000000000,10226854628762,855524743752,2953300613643,29080693777,2229158559197,269236164253,336855996957,936923707069,0.0,3416222217281,209004912384,0.0,101589792578,-130116801415,3416222217281,-2190811789,3414031405492,-2781237828788,632793576704,-135482264546,44893729602,-80234869457,-283463951900,280096012981,143710778190,-14614012144,129096766046,409192779027,-108732128581,14373727689,314834378135,105829465751,209004912384,409192779027,522411807693,-7782805025,-1064311047,36345330555,130116801415,1044325873016,120028338352,141720835506,-351999705458,-18894811753,-142569215442,-404071727886,973087901515,-1581278815813,-219651327963,-360809419912,419340810449,-1764303404648,1399166295333,-343845052756,3080000000,208563038191,-438807733343,1325606481023,-1562332453167,-116401298283,-353127270427,-1011586331733,5159740351097,1064311047,4149218330411,0.0,0.0,0.5518026247195909,1.2522287462042,0.0,0.0,0.0,0.0,0.0,0.0,0.0,0.0788202343171534,0.1853508364586375,0.06121938774429055,0.0,0.0,0.0,0.0,269094755347,0.0,0.0,0.0,0.0,-2.068101524327653,1.5286030166952893,0.0,0.0,0.0,0.0,0.0,0.0,0.0,0.0,0.0
3,GVR,2019,2,17680521701940,4802038719373,6076432111864,2634544073651,3076476440175,1091030356877,58087882106270,1004013540877,27950654044707,1234807074046,3710579219757,2726870953807,75768403808210,26010504652643,7781035997669,18229468654974,49757899155567,49665142878789,10591031002,3038086907423,92756276778,4035837466529,75768403808210,569363562090,10763264139,3128026847051,0,2670302555528,40000000000000,40000000000000,9663099844547,792224565253,2893043960657,26606352190,2619073943168,268595885067,392871922099,994877097288,0.0,4202230400107,664906696812,0.0,220482455065,-159279385124,4202230400107,-2139719262,4200090680845,-3411447780052,788642900793,-181059691564,134659210008,-92726807558,-352669428552,517328638192,405674843373,-26616570246,379058273127,896386911319,-169787520895,48077435995,774676826419,109770129607,664906696812,896386911319,337661275215,13497862449,-13164641132,-720515123741,134065665081,692826746857,633104552118,72689916538,-153992854161,-440886870535,-219283471829,-124890850464,1664481788824,-942299795337,1181749162011,-339037668057,193753989584,-1482577663361,1515840731776,269388088084,0,10154623997,167522102023,1404071700542,-2010650974108,-103036242638,-709615516204,639655747830,4149218330411,13164641132,4802038719373,0.4465470614,0.5227412148,0.5617330015746823,1.243947478889175,0.2657633585,0.7677380505,23.35546909310589,79.758097255,18.5513348992,121.66490124730588,4.5763378586,0.08172363188452482,0.18776806519671047,0.15830770031808694,0.0564780491,0.0353497167,0.0366418654,4163010881427.0,343246664683,0.0418672807,2.2722580524,0.6186684379,1.8768767123,-2.154997424279233,1.522741214843531,57324000000000.0,4000000000.0,20.5147708251,1.2537492379,2.8284541413,16.2236337761,166.226674203,11430.5154222595,16.601912539
4,GVR,2019,3,18115408131005,4458357044277,6459994961264,2852285870480,3302192327000,1042577927984,57905178050787,992374139754,27699259464189,1258118185400,3904727507448,2509453448152,76020586181792,26287253590309,7819901727608,18467351862701,49733332591483,49653279418392,10591031002,2910080319266,80053173091,4038921321903,76020586181792,526990654169,2429676855,3346889108728,0,2987831408633,40000000000000,40000000000000,9662028427333,474850285210,2563346438304,24132010602,2407460765182,263867385267,311873384255,954293372591,0.10014786754408471,5336614600534,980399375748,1.1497294861156628,147059657977,-147316452051,5336614600534,-2600605962,5334013994572,-3941851574727,1392162419845,-186865575737,102873701969,-117534180865,-391357922899,946338100290,523513325167,-53104420018,470408905149,1416747005439,-242717637416,45447194237,1219476562260,239077186512,980399375748,1416747005439,430039924534,-10851313868,17351521768,-151202184435,172530172094,1878923449876,-176028000069,-218862261677,691807494809,136921333358,69952466,-114632283744,-846603344654,-1575044803939,-218365219574,-147195789183,-41840556512,410338666395,-263838306436,-11551647161,53123674675,-52151486420,-53115444642,874044555836,-869703534170,-59190510778,-54849489112,-326330153328,4802038719373,-17351521768,4458357044277,0.440095247,0.5285640881,0.556955627560993,1.243333314787075,0.2712407753,0.7644327724,22.27637149993321,75.0338673345,19.9239033553,117.2341421897332,4.8644700449,0.16559205074824207,0.2609971442260355,0.18380142548288664,0.0664838544,0.0411743327,0.0433728952,4941375479905.0,883270316081,0.0502554653,2.3165774663,0.5709939361,1.894296926,-5.9957343785011705,1.528564088118454,47756000000000.0,4000000000.0,14.3903118814,1.0451168682,2.3010901961,14.406039429,245.099843937,11423.602817395,12.0537164977
5,GVR,2019,4,20681042568027,6242486393867,7440729415960,2791591516053,3195523257081,1010711985066,57489749570795,937738532589,27676971710448,1345341202759,3854945733913,2369092019115,78170792138822,27414033098425,9192780917504,18221252180921,50756759040397,50689529464729,10591031002,3908493142393,67229575668,4400480514623,78170792138822,694270576774,10536458059,3246864920364,0,2938336520141,40000000000000,40000000000000,9180249588506,598324142414,2627894912000,15489229631,2278342944178,262223400907,202105491583,707510863266,-0.0871849407407153,7131788790943,1462732685638,-0.001077599571996127,261322422859,-193818998376,7131788790943,-6710899719,7125077891224,-5266669335986,1858408555238,-230754215135,75694887137,-137773992086,-580544719011,1246352939002,905904865886,-167361839525,738543026361,1984895965363,-339928925254,36960361175,1681927401284,219194715646,1462732685638,1984895965363,447955272534,41575786137,-7907692488,-672851479902,193818998376,2000047053152,330847529899,100465203620,890822951011,311000550843,-347272343963,-266515847376,722951402448,-1000442762272,2741903737362,-658620720,-23638785184,30993002825,-842408219006,31735745994,-6066350372,-53124961594,-863168188057,1749627148503,-2020282728680,168141687974,-102513892203,1776221657102,4458357044277,7907692488,6242486393867,0.4138357715,0.551825969,0.5452864255659047,1.268918976009925,0.2540761393,0.7455269666,29.0261626622198,83.1499408758,24.250367322,136.4264708600198,4.3896603672,0.16001086044901422,0.26082641952967456,0.20529357123795888,0.0650432625,0.0410608803,0.0416983096,4378757526701.0,1140089844141,0.0555555556,2.1657565963,0.7320203025,1.8052927695,-5.882239892341605,1.54010605910843,43200000000000.0,4000000000.0,13.2915729404,0.9226797803,2.1813780898,11.5155146549,365.6831714095,11705.035951636,12.5619970523
6,GVR,2020,1,19871402319693,4819557673497,8046885100262,2715330187983,3312818953898,976810404053,57054985774474,937907164216,30170940360283,1363593702331,3066597827171,2481950373262,76926388094167,26327585753431,7697355360692,18630230392739,50598802340736,50537387528524,10591031002,4083923774224,61414812212,3891654285740,76926388094167,623846868850,8038609789,3391845661146,0,2917855228063,40000000000000,40000000000000,9181948699790,650617731677,2616053820392,13014888044,2340583345202,268307930283,195734462615,720089130316,-0.19429074892419515,2752481844194,226189777980,0.08222230472950146,239897945433,-154519031067,2752481844194,-7886416626,2744595427568,-2231783161685,512812265883,-152128522572,69622223355,-62657282630,-257539485349,350007144120,70861949465,-18650769165,52211180300,402218324420,-125537872582,59854977711,336535429549,110345651569,226189777980,402218324420,452920033584,-19496546784,-3874599926,-246892077066,154519031067,739394165295,227110018329,181987563268,-1151690556394,-27693700750,-160243548915,-339170731903,933915028731,-2603504068837,-2199895831176,-219216394257,131039138963,-1652421646353,1455553960949,-20627612000,0,338137975346,32465422648,1231361220637,-1296225908931,-66809781404,-131674469698,-2299104878226,7114787951797,3874599926,4819557673497,0.4146333559,0.5203203344,0.5962777568747517,1.2649700585184,0.2529117292,0.6838466868,19.725639053678922,80.5708601528,21.1379535837,121.43445279017891,4.5301738036,0.07017992377648082,0.1868443927043213,0.08241279414373576,0.0664034209,0.0410152784,0.0434588308,4227798828676.0,192615497904,0.0585365854,2.5815882714,0.6270097806,2.151204224,-1.2465487038970704,1.52032033438537,41000000000000.0,4000000000.0,12.2966975884,0.877809965,2.1129905739,27.2354337759,56.547444495,11676.787013749,12.2688191265
7,GVR,2020,2,20757910270148,4182369900678,9514527918108,2568756707558,3543512219646,948743524158,57029519483815,896938474828,31021870436641,1397959408988,3271975024506,2664804582642,77787429753963,27487343237819,8723208769436,18764134468383,50300086516144,50228904036050,10591031002,3770508383126,71182480094,3853400669870,77787429753963,577861273042,7997589489,3585060015643,0,3165336424713,40000000000000,40000000000000,9232367293485,795746168819,2779839013450,10540546457,2483546878780,269787526131,220115572578,750312074614,-0.23559344494861384,3212212463678,402350356706,-0.39487696749764706,207924103705,-142470146433,3212212463678,-4305928433,3207906535245,-2535209976028,672696559217,-194999418146,110397560915,-63022644634,-281887216653,451108944404,158855432752,-42026813449,116828619303,567937563707,-172445947218,109571035309,505062651798,102712295092,402350356706,567937563707,467601103875,-77593809878,61316253,-334562021546,142470146433,765914298844,160791984559,-193214354497,852118763907,-164869800633,11177862123,-8887766899,370675582765,-1238470185903,555236384266,-173373405701,106570204785,-1844028132177,645805033874,-23952981000,0,-62911503831,-1351890784050,1248493035567,-1034289248814,-54675843535,159527943218,-637126456566,4819557673497,-61316253,4182369900678,0.4223566016,0.5464671165,0.61673592602439,1.2575021629036,0.238410931,0.6317833118,20.841330852045374,88.6065939235,23.5987696742,133.04669444974536,4.119332251,0.10218087538668445,0.20969955072759738,0.12542458836796222,0.0610097372,0.0408228014,0.0397749502,4342278690583.0,327786697930,0.0437956204,2.3796186494,0.4802280255,1.973402048,-2.300739531310509,1.546467116492868,54800000000000.0,4000000000.0,17.8404453672,1.179847367,2.9763854477,62.3521503877,100.5875891765,11611.6714615685,15.3106794413
8,GVR,2020,3,21815947894808,6130627169973,9421538771094,2574059423476,2796658762779,893063767486,57428054316162,892090646208,30532592520043,1378532313096,3576384640905,2961216025814,79244002210970,30219647484448,11396379762958,18823267721490,49024354726522,48961422653805,10591031002,2281281910389,62932072717,4049984244023,79244002210970,638435663218,6826904176,2831598589153,0,3310362216657,40000000000000,40000000000000,9283172557088,758712663082,2464132032161,8066204869,2736164202175,269787526131,204785216755,718634867310,0.15579233560501202,6168018253375,982616408910,0.0022613571742724796,924322145643,-191494522550,6168018253375,-3835912583,6164182340792,-4913699876937,1250482463855,-340319825941,42799648545,-135753963067,-363331677019,1378198792016,115865302122,-30991173610,84874128512,1463072920528,-293033128841,21304014732,1191343806419,208727397509,982616408910,1463072920528,530313388170,-7563754335,3414302805,-271056237243,191494522550,1909675142475,27886749398,753461426490,3086490026236,-203429662364,-272590026024,-87189495710,6698789740,-2332389220003,2888613730238,-156847754197,2409255571,-491052453384,54839725462,-17925991000,0,24724444223,-583852773325,896518326857,-1161420044543,-88187667127,-353089384813,1951671572100,4182369900678,-3414302805,6130627169973,0.4289801929,0.6164211167,0.6228045772426042,1.22560886816305,0.2465876109,0.6446023269,19.569365057865205,79.6998433774,20.2247320919,119.4939405271652,4.5796827764,0.12189724155247124,0.20286266607978581,0.15940742090113924,0.0612694676,0.0396877244,0.0393925979,4310678661907.0,751396823769,0.0256410256,1.91428755,0.5385382657,1.6688886758,-3.923855438595155,1.616421116667942,93600000000000.0,4000000000.0,30.4500237386,2.0811853284,4.8644193319,23.4830241103,245.6541022275,11243.5926206248,23.9560101234
9,GVR,2020,4,23096805659510,6218511805791,9776216621332,2924493801010,2289866131801,1887717299576,56548375456682,884665421089,30202759930943,1475441018450,2795982196541,3194317638145,79645181116192,28473658964086,10564859042532,17908799921554,51171522152106,51134722899880,10591031002,4451862684772,36799252226,3748061098342,79645181116192,511842691955,10547546309,2304594947007,0,3378662079613,40000000000000,40000000000000,8745109099694,591527387974,3380707672413,5591863282,2868947749590,264342926131,193888583091,682824599050,0.2708303486477208,9063293635676,2667672106086,0.8237591408729898,1634637418240,-262816256119,9063293635676,-8882673546,9054410962130,-6684033305103,2370377657027,-482673836108,98498056935,-180388607498,-680506993991,2759943694605,1150401650629,-257752426003,892649224626,3652592919231,-520576313220,65256609066,3197273215077,529601108991,2667672106086,3652592919231,976808199329,49288645008,11594340881,-1604445401110,262816256119,3348654959458,-388542136625,527003642146,-2599772278528,-147374705717,-210434680628,-619327826520,-249096022233,334557974173,1264714125,-305436944977,-122601238457,1070988014506,-895117100959,5697624141,47509209936,-199002970517,-397963406327,3216107413342,-2837595230484,117665486043,496177668901,99478976699,6130627169973,-11594340881,6218511805791,0.3974806226,0.5609014448,0.5902259432730199,1.27928805380265,0.2659565506,0.7248856644,23.134543903374137,62.6268897084,19.8538639717,105.61529758347413,5.8281674485,0.16671234184657582,0.261792585618334,0.29462679761759397,0.0739161679,0.0374928109,0.0474917307,4448740084736.0,1509482055538,0.0,2.0124121043,0.5019907393,1.8236431112,-5.743488161000684,1.5564356455813215,100000000000000.0,4000000000.0,26.5200645305,2.1014006936,4.735674907,-117.3568413277,666.9180265215,11896.826757348,24.6511730455
10,GVR,2021,1,21914093708161,4658542926895,11291352543248,2623980112520,2488453524415,851764601083,57131184425467,879888597580,32803121333964,1450519146522,2859011278870,3911739992742,79045278133628,26908121460323,8878789240407,18029332219916,52137156673305,52092395355056,10591031002,5074278558197,44761318249,4292348113605,79045278133628,530901180661,10550937700,2502400977776,0,3374540390564,40000000000000,40000000000000,8181369127415,708713699094,3387528067048,4614471497,3660618282358,354526105622,295424210006,786992152934,0.7637449526721868,4854675960019,817931255109,2.616128290206477,186493312156,-147115291428,4854675960019,-5029040743,4849646919276,-3453444417865,1396202501411,-46942365300,114774094991,-94345889159,-309551664395,1246629989704,117222504860,-59875392562,57347112298,1303977102002,-137326346889,49589316085,1216240071198,398308816089,817931255109,1303977102002,547177896021,-7428157247,1013878657,-221232892878,147115291428,1770623117983,277214662836,-408202436275,-982864763850,77595808463,-132082842620,-358297903688,184597007783,-933422767674,-504840117042,-186909554163,127228207801,-1317507142683,1323210816474,-17693819782,0,307541951744,235870459391,1426580579687,-1965156998592,-61180732722,-599757151627,-868726809278,5528283614830,-1013878657,4658542926895,0.37881363928318024,0.5161026120185852,0.6291697404887383,1.303428916832625,0.2948943078517914,0.7474657297134399,16.224074794239286,58.235862731933594,16.317392349243164,90.77732987541604,6.26761531829834,0.20461385424016404,0.2878977634147927,0.16865789793024938,0.09614558517932892,0.05621083453297615,0.06170709431171417,6102871179264.0,992304947857,0.0204081633,2.468139886856079,0.5248132944107056,2.187870502471924,-6.745083656668322,1.5161025874297507,117600000000000.0,4000000000.0,24.1450173056,2.4579469234,5.0523826484,39.9962627766,204.48281377725,11961.202139925,21.1052634092
11,GVR,2021,2,21933579524870,6557563381869,8856546888260,2460422770871,3177458660105,881587823765,57069162754256,882879010565,32603063192107,1455194781176,3136777933765,4069082988825,79002742279126,26209858439388,8651728133707,17558130305681,52792883839738,52672140827411,10591031002,5372882518185,120743012327,4376513866972,79002742279126,585622722752,10542940099,3190020240163,0,3559398137970,40000000000000,40000000000000,7686188065702,669395695231,2362567270250,3637079712,3813918188671,354526105622,189543651672,692297668783,0.7733041698072447,5696229756147,759864697255,0.8885647411274399,186296914396,-137984451533,5696229756147,-2373108647,5693856647500,-4046675631316,1647181016184,-251534117243,85581012187,-106698177164,-572688169111,988138479249,314620177715,-38287471832,276332705883,1264471185132,-186537345864,-11941462469,1065992376799,306127679544,759864697255,1264471185132,547996917869,-5420332125,6372128374,-332341604919,129519085126,1610597379457,256077037501,-687619262387,644357858223,-110427623677,-102084457002,309050558348,1789501603047,933422767674,4642875861184,-198316488418,-5169221656,-1752264548137,727585862471,-821180218,0,-33681441507,-1262667017465,527694385413,-2047836243924,45325598140,-1474816260371,1905392583348,4658542926895,-6372128374,6557563381869,0.3359343554,0.4964657456,0.6175654902861394,1.31982209599345,0.3251381859,0.8169266837,14.335829704979256,51.7393805654,15.2147082085,81.28991847887926,7.0545877436,0.16997173090649012,0.2892909179417482,0.13345342959918627,0.1019487841,0.0671684977,0.0659825909,6823274898462.0,967794669909,0.016,2.535167447,0.7580828841,2.1679045591,-7.013795099062627,1.4964657456287593,150000000000000.0,4000000000.0,28.691196735,3.0981256977,5.8225074131,21.3434592365,189.96617431375,12104.0924931915,23.136647456
12,GVR,2021,3,23213058170121,7325879254255,8879988352636,2567273942566,3610527286106,829389334558,56154498223434,856285842212,32341210012246,1424082864132,3083539761815,3753233204603,79367556393555,25946205997138,8797935424571,17148270572567,53421350396417,53304357809391,10591031002,5884146488361,116992587026,4246441965032,79367556393555,587994956365,10518925510,3623088866164,0,4129633225959,40000000000000,40000000000000,7506876359903,494099758991,1969919088082,2659687927,3491208682313,354526105622,268108306538,715675849454,-0.0011641855472899864,6160837535669,1240537299054,0.2624838012120186,175462631625,-147071860353,6160837535669,-9793316372,6151044219297,-4061708499728,2089335719569,-176023070976,30166426046,-116240605132,-421390700946,1581310400186,130995783566,-42343368457,88652415109,1669962815295,-175465028038,38985586667,1533483373924,292946074870,1240537299054,1669962815295,628177457934,23402796260,10453230199,344105429468,155537227760,2831638956916,-153737083616,-433068626001,337108042739,308421360583,0,-677824946650,-14600001151,0,2197937702820,-75711482463,214756940535,-891256994985,142795602558,-52200400000,0,5240617483,-656375716872,-173929772214,-398030115753,-190832995396,-762792883363,778769102585,6557563381869,-10453230199,7325879254255,0.317919178,0.4856898189,0.6053985863752172,1.335533759910425,0.3248457351,0.8049684302,14.797335341826358,58.1137023054,15.4466449461,88.35768259332634,6.2807906831,0.2522668279026522,0.33967171183948813,0.20167913850500338,0.1047332777,0.0798320208,0.0692107771,7721446557948.0,1551704413491,0.0192926045,2.6384665322,0.8328138972,2.2280830602,-10.550654691975874,1.4856898188571104,124400000000000.0,4000000000.0,22.675880152,2.5297454325,4.8312633228,19.6300023508,310.1343247635,12293.7271078463,16.9394888868
13,GVR,2021,4,22843448425201,5328589465301,10226655555684,2824495970807,3573202832375,890504601034,56179823898716,849802959862,32528495671021,1477791601086,2776672493645,3938712815201,79023272323917,27106526328677,10989788426109,16116737902568,51916745995240,51822292118669,10591031002,4543817016712,94453876571,4101110880302,79023272323917,527186556053,10520019690,3587634901824,0,4131150754337,40000000000000,40000000000000,6473720085941,582379354693,2510083462718,1682296142,3658713139544,354526105622,258911544001,702628474348,0.0678307140039104,9678063314211,1437516575306,-0.46113445800686514,264161298537,-149982084060,9678063314211,-22203725728,9655859588483,-7091410915286,2564448673197,-225410616240,51309348929,-192881557496,-462476619558,1999150527369,590452602219,-491497271396,98955330823,2098105858192,-368409127784,56952330419,1786649060827,349132485521,1437516575306,2098105858192,542448743340,8429755382,3285047238,-142920169962,149982084060,2659331318250,-245017308802,35453964340,1011214620421,-144587780189,0,-455618181691,135722744703,-5269358187792,-2272858810760,-500559019719,-179668786432,1373982814659,-489781723973,38661998686,40575341676,388974497667,672185122564,1655206659248,-2148198558574,99660845806,-393331053520,-1994004741716,7325879254255,-3285047238,5328589465301,0.2955136579,0.5212579462,0.6265511261819718,1.297918649881,0.3288241851,0.8298174539,18.058818336819012,55.1705184184,16.7303613691,89.959698124319,6.6158522788,0.1977131583831296,0.26558471047525783,0.1488750496144946,0.0804521321,0.0883775908,0.0522083523,7689733444087.0,1909090496143,0.0,2.0953036304,0.4881619377,1.7759244135,-12.728790295908095,1.5221152791656525,115000000000000.0,4000000000.0,27.6562222445,2.4013742547,4.3910571651,29.3287177202,359.3791438265,11972.3112480003,15.7869396958
14,GVR,2022,1,22789797795690,5051844990062,9858579071192,3066416310484,3966074208104,846883215848,56550365432932,826571043802,33934540748650,1450480544843,3386406819523,4425823018837,79340163228622,25422226449429,9396758834705,16025467614724,53917936779193,53826596542377,10591031002,6618969398715,91340236816,4228474925665,79340163228622,664533205595,10526936760,4002121071946,0,4136138802827,40000000000000,40000000000000,6080779499732,598573957156,2684600480773,1490294512,4144443387338,354526105622,311219578414,641731511701,0.010343911055353623,4904892296352,1055094302936,0.2899547441739403,178205420457,-126126544553,4904892296352,-11396181001,4893496115351,-3423294894497,1470201220854,-145263525945,52812359809,-113335568582,-345319078963,1097300827630,450733668271,-48759314329,401974353942,1499275181572,-194988025568,11309783383,1315596939387,260502636451,1055094302936,1499275181572,625064296389,64401954126,3668062137,-237802988592,126126544553,2080733050185,-260060811753,-469136867113,-975676106782,-469471326174,-101290928107,-220548962032,432692488123,-454509179521,-437268643174,-171446392936,128401222238,-1197806592158,1525707090947,-18895494577,0,222018028924,487977862438,1368139598326,-1608206888161,-58748217998,-298815507833,-248106288569,5303619340768,-3668062137,5051844990062,0.2753473216,0.4714985025,0.6293738739970737,1.347948419479825,0.3333305388,0.803433436,15.9764642254864,70.5716099066,15.080131408,101.6282055400864,5.1720514876,0.2067124504576099,0.30043984631804405,0.21561155420684755,0.0847542716,0.0867876244,0.0567418294,7783823568384.0,1011546573309,0.022172949,2.4252828232,0.5377395241,2.0032145039,-8.02009265293029,1.4714985025027787,90200000000000.0,4000000000.0,20.0756157435,1.8152742379,3.4174101384,21.836566032,263.773575734,12422.365463382,12.6084576627
15,GVR,2022,2,24144910782611,5973065064261,10172765257467,2475087487158,4618678244312,905314729413,55128881769430,826474111486,34093430789237,1434957273831,2863819225948,3979601821101,79273792552041,25419673561573,9648366408962,15771307152611,53854118990468,53778173058969,10591031002,6335574485027,75945931499,4318424587876,79273792552041,551565341224,10522955389,4654162680569,0,4325638504284,40000000000000,40000000000000,5656364602418,700351988777,2845764096401,1298292881,3688543017658,385554666875,207429589042,534426872865,-0.020914073630797843,5577098387609,1017118249950,0.33855178905445227,238723156130,-114189185275,5577098387609,-15352689966,5561745697643,-4090895607642,1470850090001,-169129656932,69804078439,-128243760539,-400251485039,1081752422060,371360995101,-55314825690,316046169411,1397798591471,-229888750576,9642040593,1177551881488,160433631538,1017118249950,1397798591471,569119901788,-2334906675,-18290663171,-468318045435,114189185275,1592164063253,701280215369,-652041608623,129726643754,391826861894,-99714328148,-167319501169,284861174345,454509179521,2635292700196,-216633983893,6500997551,-1808824684328,497858530058,-25977600638,0,32386936157,-1514689805093,1214414872582,-1477666154268,45577797611,-217673484075,902929411028,5051844990062,18290663171,5973065064261,0.2629045571,0.4720098302,0.6330700683316614,1.3463529747617,0.3313785394,0.7904470919,16.040330979849095,77.5614934702,14.811808546,108.41363299604909,4.705943422,0.16943508309313,0.2644583499429556,0.18287751818301262,0.0891607721,0.0868348646,0.0599393657,7779506726817.0,942354844423,0.03125,2.5024869246,0.6191958768,2.0237863811,-8.252575251794132,1.4720098302243547,64000000000000.0,4000000000.0,13.4729285147,1.2919976347,2.4369676768,30.1445580054,254.2795624875,12383.923600648,9.1069383587
16,GVR,2022,3,24433688440694,5139700491513,10426562898343,2628383165640,5447463247923,791578637275,55153412452692,824024195747,33652508089147,1401282892090,3174692920554,3835520750234,79587100893386,24741370772008,9081808482046,15659562289962,54845730121378,54762143116927,10591031002,7103442052161,83587004451,4452305789258,79587100893386,603450610207,10574924689,5484641363041,0,4402037665573,40000000000000,40000000000000,5607412210599,490645406408,2152044452069,39106291250,3522282291327,384554666875,241293423069,511112818204,-0.049862471954089924,5853642946833,835095017470,-0.32682796550589754,231814732990,-125792619081,5853642946833,-6465603794,5847177343039,-4266681857870,1580495485169,-153519352788,47458614237,-131585763036,-445507383006,1129156333566,123080055083,-71585147054,51494908029,1180651241595,-159557439210,-27237607207,993856195178,158761177708,835095017470,1180651241595,613604521544,-9149506663,39130372827,499921912213,125792619081,2449951160597,-122663390208,-830478682472,106268266851,230660177981,-115991385166,-136634166008,-515362790490,0,1065749191085,-125770094972,178235789621,-1187014846643,30176910105,4939126727,0,-18402508776,-1117835623938,918668359303,-1661340395454,524269083,-742147767068,-794234199921,5973065064261,-39130372827,5139700491513,0.2437175847,0.4511084221,0.6135848317575735,1.37114325303445,0.3273176282,0.7736674447,16.119494158056774,85.7199459116,14.8339755996,116.67341566925677,4.2580521502,0.17160456751350964,0.27030058991635725,0.1428201965627349,0.0810093202,0.0777314868,0.0547855098,7216631716063.0,1003402339127,0.0343642612,2.6903989981,0.5660617195,2.0905775794,-7.976639221422778,1.4511084220640944,58200000000000.0,4000000000.0,13.3952487026,1.1549125857,2.2420592896,58.7336280576,208.7737543675,12598.35608303,9.0446713271
17,GVR,2022,4,23314794279463,4164223932575,11317923768584,2942282328412,4003321638204,887042611688,54749194490671,810955860977,33951993981736,1416738057039,2875731622366,3846374486021,78063988770134,24860731509715,10232094054157,14628637455558,53203257260419,53134590282853,10591031002,4783426942044,68666977566,4336454139154,78063988770134,528587126041,10547295649,4083998435318,0,5089722683259,40000000000000,40000000000000,4822312436135,542146113766,2589347002150,36914289619,3525350510981,386554666875,248737053262,512609082150,-0.06625095120079529,9036882413863,911627228169,-0.36583184929541107,267533421785,-135190692016,9036882413863,-24102713725,9012779700138,-7324787264121,1687992436017,-230959874440,128604218270,-219507914427,-555652948896,1078009338309,833842761419,-252373844986,581468916433,1659478254742,-370688742166,22094675906,1310884188482,399256960313,911627228169,1659478254742,584973101940,56239016946,7164045883,-1051866752194,135190692016,1391178359333,-314799145484,1400642927723,59585804163,-43488623819,-114874895306,-236792513733,1145380500625,-4522634468266,-1235802054764,38228010695,22861315499,672857372545,25463487753,-6576350801,0,18723211434,771557047125,724939951435,-1059857526849,-169149930002,-504067505416,-968312513055,5139700491513,-7164045883,4164223932575,0.22460006780000003,0.4659197143,0.6381563033922524,1.330081431510475,0.3230924638,0.7646598598,19.774835117336618,74.105696596,16.918057823,110.79858953633662,4.925397328,0.10128191335687736,0.18728877129784435,0.10114828704345692,0.0728386996,0.0655082264,0.048780654,6446828222529.0,912831572694,0.0326797386,2.2565323138,0.4216267629,1.859586805,-6.752177676448059,1.4672783733527222,61200000000000.0,4000000000.0,15.9423945131,1.2481338409,2.4069903141,45.5798741123,227.90680704225,12258.3007519923,10.5900234354
18,GVR,2023,1,22405646236419,3576550266966,11012622373894,2766076859077,4023529913018,1026866823464,54637413898152,776620229704,34465532226718,1382551370764,2864045176792,4123899294976,77043060134571,22752098029391,8400935606025,14351162423366,54290962105180,54217117956567,10591031002,5645849416240,73844148613,4587719173661,77043060134571,572938037550,10502954779,4110426873594,0,5089827339070,40000000000000,40000000000000,4444022457743,546809333849,2622337650639,35722287988,3851812720286,393731440114,248688759931,607398922226,-0.1555321711087074,4142023748446,549814288419,-0.4788955955036081,231072827584,-121115173422,4142023748446,-6854580947,4135169167499,-3129291450388,1005877717111,-142846700070,-11140062495,-109152371012,-362073524376,611737886742,378139278109,-41997613302,336141664807,947879551549,-145629176857,-46567135545,755683239147,205868950728,549814288419,947879551549,561275832426,-12375576579,8511415383,-1254614300775,490848598668,741525520672,41084881790,105742659041,-1197226420176,-187424190313,-216656362298,-376674835535,892218594273,-626160670607,-823570823153,-160012048879,112837847728,-1126629040539,1380997168922,-9276649127,0,226032618567,423949896672,1197387906781,-1543789451299,-39208391174,-385609935692,-785230862173,4370292544522,-8511415383,3576550266966,0.2120128677,0.4190770829,0.6348300138786743,1.3572740526295,0.3128583348,0.7213938597,17.000097858017273,88.9292873742,15.2975169143,121.22690214651728,4.1043846271,0.12929382089738395,0.24324947211757408,0.13296053103228525,0.0667741809,0.0553029444,0.0422164729,5722213935665.0,534651821723,0.0138888889,2.6670417781,0.4258708874,2.1881034667,-4.414408257998523,1.4190770829463746,86400000000000.0,4000000000.0,26.0739291301,1.74090362,3.5183634268,52.6293663928,137.45357210475,12407.3496957265,16.5106600482
19,GVR,2023,2,22626045992294,4301260517988,10747900270165,2614569106945,3877530690305,1084785406891,54038229045025,810341097810,34182966884302,1398528792969,2929097204978,3923365776070,76664275037319,22489684502495,8284461756962,14205222745533,54174590534824,54112634459305,10591031002,5653558407657,61956075519,4521994898703,76664275037319,451061921699,10537685848,3923953702411,0,5277474729282,40000000000000,40000000000000,4287832466126,545180678712,2419784366540,34530286357,3688959753142,393731440114,239453110317,635323666895,-0.25387704828639757,4161201110960,558183613131,-0.45121069928846574,319053663908,-113444877018,4161201110960,-2981908324,4158219202636,-3252382538692,905836663944,-139233847550,-6521379034,-104714440628,-387665267276,586755393364,345538833117,-50376801577,295162031540,881917424904,-139646722768,-37801592813,704469109323,146285496192,558183613131,881917424904,578798942573,-35053624043,27982542854,412105897251,-248251457417,1617499726122,121988672917,186473171183,36455641291,52897842907,-38854522131,349201491158,-851329509088,626160670607,2100493184966,-339354428341,65460358457,-1467200087986,703206971579,2362265834,0,18805272113,-1016719648344,1126238050659,-1484981326375,27662532970,-331080742746,752692793876,3576550266966,-27982542854,4301260517988,0.2029632193,0.4151334469,0.6309778541349349,1.3543647633706,0.2974494161,0.6797162694,18.508155120829137,89.3708796082,15.6995190881,123.57855381712915,4.0841043705,0.09943125551868434,0.21784245125167218,0.13423621649795503,0.0574922302,0.0470472871,0.0366743909,5202995088067.0,413456956040,0.0143884892,2.7311425481,0.519336594,2.2630939525,-3.644562600869124,1.4151334468885075,83400000000000.0,4000000000.0,29.2147726222,1.6817689939,3.6020712563,75.3476359594,139.54590328275,12397.6598901505,17.3608373032
20,GVR,2023,3,23730999678314,5534414228098,10770292321605,2836796871547,3672301677288,917194579776,54065795210252,772842749161,33962554909540,1365753313719,2928608144933,4045555386774,77796794888566,22506774133864,8306811598579,14199962535285,55290020754702,55220662555330,10591031002,6109271911903,69358199372,4844801504600,77796794888566,572362989371,10384605161,3704567042343,0,5293783975398,40000000000000,40000000000000,4319183656589,585690246105,1904993877879,195284539098,3653902761826,393731440114,214823334138,571019056981,0.05908312247488826,6199494449985,312834952228,-0.6253899907393013,284534445967,-93463305967,6199494449985,-4170346730,6195324103255,-4960823962572,1234500140683,-117057555695,-268869885910,-158520644698,-452076047623,522510452724,184328233063,-84652323324,99675909739,622186362463,-129484297157,907463482,493609528788,180774576560,312834952228,622186362463,618961558110,-26162130156,5220356537,-385693644838,85426215156,919938717272,-145918443339,219386660068,572779725724,189228650381,-188638878257,-568019244039,2532953158476,-273362106067,3258348240219,5897257670,120513777208,-1512937551524,-1746739556,-133061085356,0,-15923403287,-1537257744845,817057630156,-1300496928354,722869471,-482716428727,1238374066647,4301260517988,-5220356537,5534414228098,0.1906919376,0.4070675653,0.6142619309227106,1.38225051886755,0.3036681201,0.6883704638,18.68190753498794,77.3462134803,15.3646956576,111.39281667288793,4.7190416127,0.1007055382355547,0.19926320562218824,0.05049533277260469,0.0469620012,0.0403946384,0.0301382467,4828853233868.0,623903448362,0.0147058824,2.8568120748,0.6663902024,2.414728896,-6.675383905019235,1.4070675652974858,81600000000000.0,4000000000.0,34.9845215494,1.6198234293,3.4721199572,24.731255604,78.208738057,12593.9652626825,18.0445668135
21,GVR,2023,4,24185726014345,5677906729771,11227060440101,2866845285207,3377456367626,1036457191640,54199547941965,797194496407,34459023548806,1341008011103,2987697634094,3975532840708,78385273956310,23531697324997,10016576475416,13515120849581,54853576631313,54808664357252,10591031002,5029895583820,44912274061,5148584061396,78385273956310,467989242853,8048249001,3404947290691,0,5404929018666,40000000000000,40000000000000,3734959296104,690442983815,2844186256376,200593675098,3549289448786,360702878861,220987584478,653269031929,-0.1582498888869221,7606796775985,1164396441326,0.277272557627185,351474636629,-114630440966,7606796775985,-15619726151,7591177049834,-5988029282265,1603147767569,-131307660080,85074962616,-217989967254,-667488455333,1022911284147,753365609689,-104451969413,648913640276,1671824924423,-285778100229,30139670720,1416186494914,251790053588,1164396441326,1671824924423,683467977203,29170250592,-16409245598,-529304168171,114630440966,1953380179415,-126569368418,314264774029,236954201982,45141308076,-97601831027,-204690621063,1091815502102,-4903038120825,-1690343975729,-267151872374,244871197934,1846672782824,-395450013454,-3009652887,3000001000,123144023634,1552076466677,1431160369940,-1076192351928,-89617252885,265350765127,127083256075,5534414228098,16409245598,5677906729771,0.1847526647,0.4198993306,0.6282001223077069,1.371339415782825,0.2829008725,0.6471422675,23.679685056001407,80.9559189207,19.6308742252,124.2664782019014,4.508626483,0.09453992974616415,0.211185664231617,0.1533881285711104,0.0530314095,0.0407263624,0.0335208707,4995423049836.0,717669344982,0.009375,2.4700503514,0.5765586247,2.1219303915,-6.2607221863070786,1.4289911209101358,128000000000000.0,4000000000.0,48.7958259417,2.5693482312,5.7818081602,39.4026385235,291.0991103315,12454.5204157295,26.7313826034
22,GVR,2024,1,22975130468831,4611568941115,11744350615207,2454746188981,3084556347796,1079908375732,53938010906979,798112022174,34903338236744,1309174252697,2957340451796,3994883009959,76913141375810,20894964292176,7722616816853,13172347475323,56018177083634,55977984306224,10591031002,5896872645138,40192777410,5218299091470,76913141375810,575808308010,8048249000,3109857890052,0,5409348757982,40000000000000,40000000000000,3482095088312,782401117340,2445346526602,185042242203,3607806111230,360702878861,237710570559,671448951487,0.10823430707373324,4590332818742,475562877828,-0.13504816472578612,227012695063,-94023493348,4590332818742,-4967613103,4585365205639,-3509404184202,1075961021437,-111295000759,-6409732518,-113258877553,-363421903579,708588202091,122678725833,-52773821657,69904904176,778493106267,-133961665064,5500170840,650031612043,174468734215,475562877828,778493106267,601889514729,-8028161027,-11483011088,-1715813263683,94023493348,-260918321454,88429981288,278279684859,-1022588605245,-41615952388,-84866499246,-621751502843,746101659235,-111456752090,-1030386307884,-122680364250,100530666849,-1063865271389,1614607160704,-3395082000,0,222365098554,747562208468,1082319356392,-1734782415322,-28715922141,-681178981071,-964003080487,5564089010514,11483011088,4611568941115,0.1679729186,0.3730032889,0.6230716537711326,1.40045442709085,0.2909365057,0.6553830944,18.825308109833703,72.8702346755,17.0507037943,108.74624657963369,5.0089038635,0.1306941134302707,0.2346511069857211,0.1037131954600173,0.0500686794,0.0380060776,0.0324248716,4837427982304.0,599280240305,0.0079155673,2.9750447308,0.5973017547,2.575626189,-6.373728724234297,1.3730032889320951,151600000000000.0,4000000000.0,60.3748845958,2.9866221463,6.7287804828,57.4653575473,118.890719457,12689.9213036885,32.6897211377
23,GVR,2024,2,23473488226859,4203672262643,12675291563441,2013875917471,3330519579799,1250128903505,53576924039821,790462442623,35232552854736,1288760258691,2862290664111,4087985649114,77050412266680,20328646393869,7484408036558,12844238357311,56721765872811,56663744625409,10591031002,6124575908197,58021247402,5294463325527,77050412266680,344387288736,8048249000,3356409234795,0,5643782194241,40000000000000,40000000000000,3244347853358,591204668655,2018969058184,179449856167,3717612378433,360702878861,173864240509,606073679712,0.11834727975269299,4653667942946,820840325114,0.47055611416051574,234405066325,-90526866806,4653667942946,-1063029505,4652604913441,-3491737411504,1160867501937,-134915657596,59414053400,-101739540249,-431769766424,786261657393,416544681170,-78607413080,337937268090,1124198925483,-181480600404,-8069543277,934648781802,113808456688,820840325114,1124198925483,584859211765,4907309805,-166422324469,953855927362,90526866806,2591925916752,500808317187,-246551344743,135476222293,-198282544330,-115696432322,225129313553,-708714405447,-1140131974262,1043963068681,-129217467173,67213980531,-1251393193209,392575450987,-3375000000,0,-44744374370,-968940603234,882916587772,-1547041291144,14783234984,-649341468388,-574319002941,4611568941115,166422324469,4203672262643,0.14998941999999998,0.3583923399,0.621146967351811,1.418044146820275,0.2969504594,0.6646908708,18.692407717735964,69.0133935434,17.7036194187,105.40942067983596,5.2888284615,0.1348402039149322,0.24950915100986706,0.17642596790083306,0.0548210364,0.0414327305,0.0357720296,5057389490720.0,627358195264,0.0082644628,3.1363186123,0.5618127548,2.6913242235,-6.930077416778767,1.3583923398903441,145200000000000.0,4000000000.0,52.3500825175,2.8265920084,6.3063337387,91.8068677346,205.2100812785,12842.3203249705,29.9668649711
24,GVR,2024,3,25448905246384,5861455764689,13025350128653,2401342222827,3116181266626,1044575863589,52731800384625,788468239876,34413278440175,1261934656925,2664126960020,4039997498760,78180705631009,20767835117782,7954369754813,12813465362969,57412870513227,57356025203944,10591031002,6975903144863,56845309283,5327662731407,78180705631009,480584001294,8048249000,3143420461317,203781556,5645277086332,40000000000000,40000000000000,2973756020455,583949642274,1758973053821,173857470131,3625388400697,360702878861,213770320830,645583730135,0.244789325794085,7717064516661,943784293874,2.0168761103975115,226341384691,-81287573713,7717064516661,-1290963428,7715773553233,-6120216246593,1595557306640,-90611538741,4625687111,-149742398163,-511327965650,1074842475888,323619551153,-92055256751,231564294402,1306406770290,-240800187573,55113764819,1120720347536,176936053662,943784293874,1306406770290,710091590295,87492810,181628121143,-379667246346,81287573713,1899834301905,-424350889374,212988773478,931494820344,204700462648,-42467261366,-55880251741,2318645377395,-1024474582119,4020490751170,-189860737886,222642572708,-1728046263663,-29114930392,-1720000000,0,68591038677,-1657508320556,966020341136,-1492899531211,3308382650,-523570807425,1839411623189,4203672262643,-181628121143,5861455764689,0.1342292246,0.3617278658,0.5994000671373283,1.435321762830675,0.3161685842,0.7062870232,17.400431051046468,62.14670438,17.4604582704,97.00759370144647,5.8731996112,0.12111383730739984,0.20679161922415967,0.12231881707810661,0.0667508606,0.046323388,0.0438552031,5459103017370.0,934486942827,0.0108108108,3.1993616127,0.7370312897,2.8076044574,-11.496061453702255,1.3617278657578604,111000000000000.0,4000000000.0,32.6031027629,2.1334517314,4.5223205753,47.3605347575,235.9460734685,13007.0906181343,21.102172953
25,GVR,2024,4,27670285917606,5778855663194,13952353795617,2539074723889,4351510470326,1048491264580,55713396594398,787511137957,35337155884690,1286697181872,2687592909120,6727043802283,83383682512004,24986520299896,11594062718132,13392457581764,58397162212108,58343704981056,10591031002,6240538555065,53457231052,5415074532442,83383682512004,354480392462,8048249000,4373924132656,0,6577606883132,40000000000000,40000000000000,2963853299554,618985484125,4074933861713,168265084097,6204462521120,358702878861,214871963977,607786542911,0.22337321853086806,9305951454547,1748529121666,0.5016613411105904,269448617904,-87067268582,9305951454547,-17751012015,9288200442532,-6155538225416,3132662217116,-128176245825,104255138843,-189539361387,-1018582774495,2170067592156,515374385110,-288149340142,227225044968,2397292637124,-386958194150,110930842596,2121265285570,372736163904,1748529121666,2397292637124,806888111774,72079255329,-30819005580,-417296695695,87067268582,2915211571534,-181049642649,-1230503671339,1170600706105,-2539794532681,-100038514273,-343426052428,-1015120270750,-2275955547021,-3600075953502,-154541205196,-38049069218,1882541486680,-538685187257,-2395724298,0,112708265252,1261578565963,3646566669817,-1344217230017,-77271159336,2225078280464,-113419107075,5861455764689,30819005580,5778855663194,0.1712864133,0.4278721663,0.6051176897319034,1.4599290553027,0.3250867845,0.7521832886,20.72434750019361,73.4857031264,18.1904311309,112.40048175749361,4.9669525428,0.20720268615449505,0.3372733218343449,0.18825273339916684,0.0775704967,0.0624376279,0.0494124617,6789393888193.0,1924540081234,0.012295082,2.3865910156,0.4985326919,2.0112686997,-22.104059454000986,1.4278721662730955,97600000000000.0,4000000000.0,24.4690233314,1.8439925457,3.7192366378,224.8891668428,437.1322804165,13232.1576121535,14.9938179633
26,GVR,2025,1,28554103345917,5298973931543,14273203266850,3164076304720,4701331603203,1116518239601,54685700198074,784975910614,35476360174088,1251265993481,2427467261090,6686062580189,83239803543991,23156601748820,10057698229837,13098903518983,60083201795171,60015271786468,305236086924,7420330348248,67930008703,5707338928253,83239803543991,676827100155,8048249000,4721932952355,0,6476263111418,40000000000000,40000000000000,2605099283215,882578578247,4227926096389,161730929550,6032454647207,354526105622,218219539808,601251360721,0.237817058938261,5681992269243,1184647986486,1.4910438592190949,236898888858,-69400548964,5681992269243,-5030532730,5676961736513,-4039982227934,1636979508579,-84194141544,10698257498,-93937970474,-420642417847,1285802125070,363061987228,-84624664789,278437322439,1564239447509,-235276891787,26816755324,1355779311046,171131324560,1184647986486,1564239447509,648915608703,8680881023,-3602775722,-536750036402,-69400548964,1584049766965,-504926903359,-345921249943,-212401042745,80784987909,-80388356193,-509837285864,28898373964,-595521482458,-555263191724,-185150286941,435279599915,-3120293323295,2907360134897,0,0,214447987054,251644111630,1153893978387,-1359655760050,-519824350,-206281606013,-509900686107,5778855663194,30018954456,5298973931543,0.1570842495,0.3854089173,0.5904538891757147,1.502080044879275,0.3397004773,0.7784043187,16.98965723864318,71.8469407442,16.4660553904,105.30265337324317,5.0802441443,0.1977112357546766,0.2883548603208472,0.20867640852088157,0.0891125615,0.0688739419,0.0583841482,7359538862120.0,1122399120258,0.013050571,2.8390296361,0.5269732144,2.3715934996,-16.17277005748499,1.3854089172504975,122600000000000.0,4000000000.0,26.0973125562,2.2574970828,4.4853318342,134.8564745702,296.1619966215,13576.9832145538,17.6425986477
27,GVR,2025,2,29120097136404,5700308461228,13656194716592,3336528104937,5086043282912,1341022570735,54388503277524,770224712384,35673649897389,1223223718585,2199306177023,6777226614009,83508600413928,21457384730228,8793301694359,12664083035869,62051215683700,61972720003606,304346224796,8616472545310,78495680094,5727584739407,83508600413928,751258079768,7748249000,5109949679387,0,6863004639871,40000000000000,40000000000000,2396676124748,623991061573,2313109809264,155068641500,6153881992833,329068105622,116952250332,492694525993,0.29314326154207726,6017859341875,1403971688666,0.710407792734858,323776399477,-67716140218,6017859341875,-1187814894,6016671526981,-4390193562999,1626477963982,-77390392036,55786378976,-108981569246,-532606563355,1287062217798,614656783824,-64271562528,550385221296,1837447439094,-301650655447,-12146713254,1523650070393,119678381727,1403971688666,1837447439094,641352404654,-17840927316,-23285560254,-775417484369,206870906463,2153629503824,137432550419,-407310592489,68819918604,-329132079506,-69616823675,-98338180543,122694786928,-247518561426,1330660522136,-235499838669,279052819990,-4184256878106,4705551835756,0,0,563266879611,1128114818582,691881104651,-2815120550243,-57968959036,-2181208404628,277566936090,5298973931543,123767593595,5700308461228,0.11452575070000001,0.3458011982,0.5749065429955786,1.5512803920925,0.349637394,0.8146917459,17.039468245359068,76.4571774483,15.748119862,109.24476555565907,4.7739141331,0.16369346855057426,0.27032852910255545,0.2333469065695322,0.0979007587,0.0743894767,0.064340266,7773563691126.0,984889831381,0.0125984252,3.3116226588,0.6483880906,2.7332229336,-14.544388209521738,1.3458011981522637,127000000000000.0,4000000000.0,24.0487803612,2.2579730568,4.4254560616,106.2039738666,350.9929221665,14061.2838160498,16.9468042518
