ticker,yearReport,lengthReport,CURRENT ASSETS (Bn. VND),Cash and cash equivalents (Bn. VND),Short-term investments (Bn. VND),Accounts receivable (Bn. VND),Net Inventories,Other current assets,LONG-TERM ASSETS (Bn. VND),Long-term loans receivables (Bn. VND),Fixed assets (Bn. VND),Investment in properties,Long-term investments (Bn. VND),Goodwill,Other non-current assets,TOTAL ASSETS (Bn. VND),LIABILITIES (Bn. VND),Current liabilities (Bn. VND),Long-term liabilities (Bn. VND),OWNER'S EQUITY(Bn.VND),Capital and reserves (Bn. VND),Undistributed earnings (Bn. VND),MINORITY INTERESTS,TOTAL RESOURCES (Bn. VND),Prepayments to suppliers (Bn. VND),Short-term loans receivables (Bn. VND),"Inventories, Net (Bn. VND)",Other current assets (Bn. VND),Common shares (Bn. VND),Paid-in capital (Bn. VND),Long-term borrowings (Bn. VND),Advances from customers (Bn. VND),Short-term borrowings (Bn. VND),Good will (Bn. VND),Long-term prepayments (Bn. VND),Other long-term assets (Bn. VND),Other long-term receivables (Bn. VND),Long-term trade receivables (Bn. VND),Revenue YoY (%),Revenue (Bn. VND),Attribute to parent company (Bn. VND),Attribute to parent company YoY (%),Financial Income,Interest Expenses,Sales,Sales deductions,Net Sales,Cost of Sales,Gross Profit,Financial Expenses,Gain/(loss) from joint ventures,Selling Expenses,General & Admin Expenses,Operating Profit/Loss,Other income,Other Income/Expenses,Net other income/expenses,Profit before tax,Business income tax - current,Business income tax - deferred,Net Profit For the Year,Minority Interest,Attributable to parent company,Net Profit/Loss before tax,Depreciation and Amortisation,Provision for credit losses,Unrealized foreign exchange gain/loss,Profit/Loss from investing activities,Interest Expense,Operating profit before changes in working capital,Increase/Decrease in receivables,Increase/Decrease in inventories,Increase/Decrease in payables,Increase/Decrease in prepaid expenses,Interest paid,Business Income Tax paid,Other receipts from operating activities,Other payments on operating activities,Net cash inflows/outflows from operating activities,Purchase of fixed assets,Proceeds from disposal of fixed assets,"Loans granted, purchases of debt instruments (Bn. VND)","Collection of loans, proceeds from sales of debts instruments (Bn. VND)",Investment in other entities,Proceeds from divestment in other entities,Gain on Dividend,Net Cash Flows from Investing Activities,Increase in charter captial,Payments for share repurchases,Proceeds from borrowings,Repayment of borrowings,Dividends paid,Cash flows from financial activities,Net increase/decrease in cash and cash equivalents,Cash and cash equivalents,Foreign exchange differences Adjustment,Cash and Cash Equivalents at the end of period,Chỉ tiêu cơ cấu nguồn vốn_(ST+LT borrowings)/Equity,Chỉ tiêu cơ cấu nguồn vốn_Debt/Equity,Chỉ tiêu cơ cấu nguồn vốn_Fixed Asset-To-Equity,Chỉ tiêu cơ cấu nguồn vốn_Owners' Equity/Charter Capital,Chỉ tiêu hiệu quả hoạt động_Asset Turnover,Chỉ tiêu hiệu quả hoạt động_Fixed Asset Turnover,Chỉ tiêu hiệu quả hoạt động_Days Sales Outstanding,Chỉ tiêu hiệu quả hoạt động_Days Inventory Outstanding,Chỉ tiêu hiệu quả hoạt động_Days Payable Outstanding,Chỉ tiêu hiệu quả hoạt động_Cash Cycle,Chỉ tiêu hiệu quả hoạt động_Inventory Turnover,Chỉ tiêu khả năng sinh lợi_EBIT Margin (%),Chỉ tiêu khả năng sinh lợi_Gross Profit Margin (%),Chỉ tiêu khả năng sinh lợi_Net Profit Margin (%),Chỉ tiêu khả năng sinh lợi_ROE (%),Chỉ tiêu khả năng sinh lợi_ROIC (%),Chỉ tiêu khả năng sinh lợi_ROA (%),Chỉ tiêu khả năng sinh lợi_EBITDA (Bn. VND),Chỉ tiêu khả năng sinh lợi_EBIT (Bn. VND),Chỉ tiêu khả năng sinh lợi_Dividend yield (%),Chỉ tiêu thanh khoản_Current Ratio,Chỉ tiêu thanh khoản_Cash Ratio,Chỉ tiêu thanh khoản_Quick Ratio,Chỉ tiêu thanh khoản_Interest Coverage,Chỉ tiêu thanh khoản_Financial Leverage,Chỉ tiêu định giá_Market Capital (Bn. VND),Chỉ tiêu định giá_Outstanding Share (Mil. Shares),Chỉ tiêu định giá_P/E,Chỉ tiêu định giá_P/B,Chỉ tiêu định giá_P/S,Chỉ tiêu định giá_P/Cash Flow,Chỉ tiêu định giá_EPS (VND),Chỉ tiêu định giá_BVPS (VND),Chỉ tiêu định giá_EV/EBITDA
NVL,2015,4,18133289908529,3859710163282,818888056357,6058945996358,7158828473488,236917219044,8437118726515,0,87792452983,1082785523673,1581877669261,1119884733917,186263593828,26570408635044,20475199219618,13354623721526,7120575498092,6095209415426,6095209415426,550370777697,979282422321,26570408635044,283928585866,1267616016535,7201718027433,0,3504657610000,3682957610000,5480587851378,8146870114590,2513142521645,0,160651074570,55643750000,3309216386210,3309363386210,0.0,4368696237591,472073240288,0.0,57163690709,0,4368696237591,-19192626026,4349503611565,-3342618740091,1006884871474,-122454923890,992746135,-91416631466,-176325210071,674844542891,10265035508,-21165576290,-10900540782,663944002109,-170562251165,37879802792,531261553736,59188313448,472073240288,663944002109,81271945354,59155432742,17798236991,-56091012170,213932004726,980010609752,-6024438243392,1603774397078,-1730234152192,-70064597569,-435008801021,18271113479,-74966215032,392986214112,-5339669674785,94770320604,4053369703,-3236402353214,3881501152509,-275410321120,-2589627195,113116649409,579039190696,338689480000,0,2591143214810,843384350920,0,3773217045730,-987413438359,4847123601641,0,3859710163282,0.0,0.0,0.014403517090128413,0.3125580858181665,0.0,0.0,0.0,0.0,0.0,0.0,0.0,0.16993732985338253,0.231494202877949,0.10853496914746619,0.0,0.0,0.0,0.0,739143029937,0.0328407225,0.0,0.0,0.0,0.0,4.359228178083356,35892586350600.0,589369234.0,53.9913052126,4.3841931042,5.3784274831,-9.7121129111,800.9804602185936,13890.8115021856,53.7715362636
NVL,2016,2,25002490481056,3373940292154,136591798449,6632935482540,14504950004631,354072903282,6892220998723,780000000000,88039356925,1472871800861,232524027251,0,2928075623462,31894711479779,22558478652519,14756039537753,7802439114766,9336232827260,9336232827260,1860038604577,1893598437283,31894711479779,1172395806627,1394889408814,14524400855744,0,4521697180000,4699997180000,4607849468539,5923786865174,5316195130401,2773464128249,127135160542,50583750000,1124481270050,1904481270050,0.0,2771820889685,1396394545300,0.0,1355318546072,-132880597750,2771820889685,0,2771820889685,-1971710622747,800110266938,-142855708278,521333251,-73078136841,-165811506185,1774204794957,21332033898,-18876753723,2455280175,1776660075132,-177596135513,-214987697563,1384076242056,-12318303244,1396394545300,1776660075232,68464846593,-8577291500,-6005044533,-1347318698950,172636714269,655860601111,5231164041315,406540214259,-2380102755935,62270172077,-144082579074,-32731090019,0,0,3798918603734,-17513582646,7567746213,-2789702665057,4577313769532,-3049923303350,3000000000,-14712603870,-1283970639178,309020000000,0,-202232276356,-2692832338995,-33000000000,-2619044615351,-104096650795,3478031898417,5044532,3373940292154,0.0,0.0,0.009429858761441987,0.47875550491437296,0.0,0.0,0.0,0.0,0.0,0.0,0.0,0.2024736251900386,0.2886587188643807,0.5037823874177857,0.0,0.0,0.0,0.0,561220623912,0.0,0.0,0.0,0.0,-4.2234956300232325,3.416229229700934,0.0,360000000.0,0.0,0.0,0.0,0.0,3878.8737369444443,0.0,0.0
NVL,2016,3,24464171862762,3317908760347,6186675000,6820478332306,13909521617105,410076478004,8016273636259,1170000000000,88380010572,1843267537164,642308576410,0,2679010909939,32480445499021,24862361813597,12225603423089,12636758390508,7618083685424,7618083685424,788626333029,1246861566995,32480445499021,1069139588588,1560708593511,13919125352570,6225719,5041692340000,5219992340000,8577946301829,5569907544663,3472587828858,2495794699821,128259831885,0,1303191257492,2474309745883,0.0,2218562775248,11720072216,0.0,461702482824,-268180013076,2218562775248,-8586360388,2209976414860,-2038106739040,171869675820,-362232270124,1849073328,-26767167526,-228033376610,18388417712,14716058744,-16254942127,-1538883383,16849534329,-41980774404,46949378578,21818138503,10098066287,11720072216,16849534329,62880914831,-19165275436,6913872314,-332576137142,284950013084,19852921980,-2460488684975,729764809520,275053523179,-16936434312,-409142536602,-210876247925,0,0,-2072772649135,-332165561828,6251671142,-1900553253638,267618996396,-1170260672131,1280185244758,106183630807,-1742739944494,-309020000000,0,8846697103109,-4759575077640,-17762743932,3760339281537,-55173312092,3373940292154,-858219715,3317908760347,0.0,0.0,0.011601344146573395,0.39065001578002584,0.0,0.0,0.0,0.0,0.0,0.0,0.0,-0.03752568025539476,0.07776991404267443,0.00530325669414099,0.0,0.0,0.0,0.0,-82930868316,0.0,0.0,0.0,0.0,0.3092358276994269,4.2635978863250354,0.0,360000000.0,0.0,0.0,0.0,0.0,32.55575615555556,0.0,0.0
NVL,2016,4,27267744945837,3336969432791,964822616829,6762177825133,15636281555418,567493515666,9124846262027,1170000000000,148768215155,1940783531384,350498434891,0,2466789875204,36392591207864,26349803078956,13627959141611,12721843937345,10042788128908,10042788128908,952887369322,953881974186,36392591207864,882436602406,2143658593511,15641814417970,0,5893692340000,5961992340000,9090293558081,5954806119381,4405269743653,2217606029052,189523509827,0,2770055055507,3941008805597,-0.9578962612215337,183938445190,96361096108,-0.7958768091806845,630325329977,-275542998454,183938445190,-887416113,183051029077,-4687482179,178363546898,-435774197157,9867102479,-26443270867,-169293398930,187045112400,10255151933,-5778759116,4476392817,191521505217,-44539036128,-52603991209,94378477880,-1982618228,96361096108,191521505217,55681001784,1384361544,-82064008,-425709063826,306087456221,128883196932,2819763251363,-1618086134779,-1462454279407,-37058875729,-308349989283,-77913341317,0,0,-555216172220,-57423506874,-505669220,-3784608571829,1455931913600,208288704457,1065100979670,19797502538,-1093418647658,2553423000000,0,3514925318520,-4396802761608,-3876476000,1667669080912,19034261034,3317908760347,26411410,3336969432791,2.1310830086,2.6356599122,0.014813437587792293,0.5149871677755155,0.2332638455,62.2036653678,18.70226424981144,726.5987221429,73.568041953,818.8690283457115,0.5023405476,-0.09490863278180225,0.974392483873837,0.5264165768085681,0.2063024766,0.0329506789,0.052777938,1002324620538.0,-17373122899,0.03003003,2.0177388392,0.2222982922,0.965883103,0.06305049664290535,3.623753756500003,41480397280800.0,622828788.0,23.8468585496,4.368928437,5.6365508237,194.1109900319,154.71522505796568,15244.0125676411,51.5794592876
NVL,2017,1,31343570283811,3209346228643,1000561637904,9884432462871,16764423126619,484806827774,6318563712437,0,270612498268,1943904395213,241634029471,0,2747643059007,37662133996248,26949081556326,14624289614299,12324791942027,10713052439922,10713052439922,1355616327704,1221417326818,37662133996248,1250130452137,3518758593511,16767417771448,0,5893692340000,5961992340000,8216101031574,6469979033611,5212209874256,2374086305577,311557134353,3115200000,814301877750,815255627840,0.0,1931332409706,403351147948,0.0,464513301660,-201824840222,1931332409706,-21445972157,1909886437549,-1451352518821,458533918728,-240511026776,135634596,-35832425204,-83929949244,562909453760,5718684643,-16258642413,-10539957770,552369495990,-134278200777,-9590087604,408501207609,5150059661,403351147948,552369495990,79895925443,-10202519336,137843347,-425163353716,217775655487,414813047215,137317096333,12029193644,194922044158,43205471781,-173938442134,-50809519581,0,-425939394,577112952022,-21877473685,287948296,-388489021075,644150000000,-934888079760,14880614018,82178072537,-603757939669,0,0,3759695480566,-3860672752341,-10000000,-100987271775,-127632259422,3336969432791,9055274,3209346228643,0.0,0.0,0.025260074081180386,0.5493578539594168,0.0,0.0,0.0,0.0,0.0,0.0,0.0,0.17737784698589362,0.24008438916213617,0.21119116823806003,0.0,0.0,0.0,0.0,338771544280,0.0,0.0,0.0,0.0,-1.6785423633055456,3.5155371643566986,0.0,0.0,0.0,0.0,0.0,0.0,0.0,0.0,0.0
NVL,2017,2,35408167859009,4712594963976,1013170069469,8992276846230,20030245875398,659880103936,6547852817228,0,274171421074,1901761539916,649529895750,0,2655752739733,41956020676237,29669498308921,16942971784201,12726526524720,12286522367316,12286522367316,1690401520398,1092702061518,41956020676237,1091694148592,3167991193511,20033092002328,0,6228287880000,6296587880000,8772293177711,6905035338336,6348331054221,2312542952652,283401756547,561335240000,659012182099,659965932189,-0.4795795158875029,1442512369283,430955767494,-0.6913796541639928,754283093312,-255696497513,1442512369283,-19127924034,1423384445249,-1072309926637,351074518612,-299051715361,1335176898,-48687995005,-295599781441,463353297015,4627974369,-2665220291,1962754078,465316051093,-100847524141,68199534018,432668060970,1712293476,430955767494,465316051093,230442847155,-148517899,37799109,-769348182826,265274599891,191574596523,789850138811,-1646388112224,1933232185400,15568311909,-266549008549,-138682893311,0,425939394,879031157953,-21675624032,734545454,-258601031565,451010000000,-2829813905760,109440392949,144976297341,-2403929325613,0,0,6364897494707,-3336499432599,-235160000,3028162902108,1503264734448,3209346228643,-15999115,4712594963976,1.9446444401,2.4148003334,0.022314810723279784,0.6300442939288211,0.1542528758,29.2930703148,30.781548767107783,1326.0789958017,116.0675917357,1472.928136304508,0.275247554,0.004768031706861009,0.2466477133312952,0.3027683553325684,0.0927080898,0.0089485527,0.0253856966,674154984444.0,6786742166,0.0327868852,2.0898439961,0.2781445324,0.9076283771,-0.026542178840971226,3.414800333399981,37992556068000.0,622828788.0,36.628987387,3.4312848535,6.6347496935,-29.4567368003,691.9329610274855,17777.5971988785,71.794448536
NVL,2017,3,40410416346203,4452270397492,1003072616829,7613118592223,26541882667547,800072072112,7469159002925,0,271067680229,2591961926829,1040656645654,0,2897490678472,47879575349128,35416291167573,19981870578335,15434420589238,12463284181555,12463284181555,2315985038179,643880357976,47879575349128,1822664815375,3210218184697,26544557431835,0,6228287880000,6296587880000,10661411370669,9443967951296,6246953137355,2518902163941,318764852352,3115200000,261559912466,262513662556,0.09965764334222407,2439659513036,488003508161,40.63826802148776,222982117060,-309507252110,2439659513036,-36221248957,2403438264079,-1552519555488,850918708591,-348440193898,-6153210096,-41859397768,-120440209193,557007814696,4565006018,-3482943795,1082062223,558089876919,-218767987404,163453057973,502774947488,14771439327,488003508161,558089876919,88462813426,-171362642,-1468307881,-203962935401,319415335444,760365419865,1223866837642,-780037379548,-1110042712338,-25014768798,-276245594888,-112464576717,0,0,-319572774782,-952704772026,1592727273,-386500000000,702726861454,-1811820278347,1655908855516,118927867318,-671868738812,85748000000,-405000000000,5345116682982,-4272629206966,-22119501000,731115975016,-260325538578,4712594963976,972094,4452270397492,2.2120795351,2.8416499738,0.021749297880101763,0.6391085164253384,0.1444810195,24.547537115,27.308671482579697,1766.1807068214,129.9027658515,1923.3921441554796,0.2066606201,0.2865141626152314,0.3540422574228562,0.20304391232116936,0.1247028982,0.0346185628,0.0346249006,1471286852985.0,688619101630,0.025,2.0223540228,0.2228154957,0.6940558255,-2.2248884216298177,3.841649973767527,51426303040000.0,642828788.0,33.5621850504,4.2618649631,8.6872274402,81.9012526297,759.1500525035602,18771.1250106129,43.4194032394
NVL,2017,4,40923465853502,6650160994741,512509850676,5998164901016,26886296867411,876333239658,8300996138739,449644400000,326609439362,2944616534199,1042972935246,0,2971362895384,49224461992241,35968071488821,22415696187952,13552375300869,13256390503420,13256390503420,2907218106652,645753611368,49224461992241,1771344474280,625605206171,26893818547663,0,6428287880000,6496587880000,10200873745673,8848256383261,7748878980646,2406227189374,449352171677,0,203803366742,654401516832,31.325431793126054,5945889664123,711171386719,6.380274980703108,254745613557,-438359407275,5945889664123,-50262781827,5895626882296,-4299323073955,1596303808341,-575306566060,16761825195,-131912579053,-176223813880,984368288100,47510950988,-19155638971,28355312017,1012723600117,-356753819197,61729235269,717699016189,6527629470,711171386719,1012723600117,86032142713,4833303955,-3791248976,-65939495755,448694782279,1482553084333,-231984040793,693660736027,-641385089817,-152447950266,-387602471089,-350500058011,0,0,412294210384,-133393271883,5738290118,-432856413073,3120597216829,-791472696462,13225200000,140532881777,1922371207306,201123900000,0,1737616000000,-2029699463839,-45800436000,-136759999839,2197905417851,4452270397492,-14820602,6650160994741,2.1235513893999998,2.7315558846,0.024637886103139345,0.6797784552112047,0.2705381987,48.9336856384,11.357902608754578,935.4626890537,90.5158910953,1037.3364827577545,0.3901812486,0.2184954104331539,0.2707606570447236,0.12062693262604172,0.174523222,0.0744194752,0.0472935535,2807178532221.0,1288167415408,0.0,1.8168244953,0.2934991356,0.6195183796,-2.9386101770136808,3.7132628206404785,52579789572000.0,854955928.0,19.6480810692,3.168278954,4.5201401885,25.7956641725,831.8222769478241,19411.16956314,23.1677048453
NVL,2018,1,42158468449390,5765709949403,114334482780,6695148901795,28598522641785,984752473627,8460711456069,274644400000,371656058859,2950297582481,1409552304213,0,2940276113090,50619179905459,37147829575711,24824107783872,12323721791839,13471350329748,13471350329748,3002392874296,667439050052,50619179905459,1864740850742,672420206171,28605711851139,0,8549559280000,8617859280000,9208042704012,10401233427481,9524124861840,2377954564951,441688200265,0,207549934795,483148084885,-0.0036602124256155896,1924263322822,125869663324,-0.6879402377696292,126312762436,-388141861952,1924263322822,-17216363501,1907046959321,-1356333538150,550713421171,-477969598589,235579368967,-61545696343,-138752220180,234338037462,4048989304,-8390122815,-4341133511,229996903951,-133514104837,31920585393,128403384507,2533721183,125869663324,229996903951,91515944144,-332470898,17217415965,-312817231738,396331820291,421912381715,-245939323914,-178869739566,-169157198563,-18575066199,-421429882402,-245873729761,0,0,-857932558690,-3424339272,264545455,-36193351186,662353719082,-1382624918430,0,132024312352,-627600031999,98209620000,0,4404458256047,-3927073374853,-4620091000,570974410194,-914558180495,6650160994741,107135157,5735709949403,2.0740467426,2.7575431316,0.027588626957335785,0.6908014451145286,0.2452455351,37.4087769531,12.25274252607079,1124.8787273791,83.0783529207,1220.2098228258706,0.3244794226,0.18374770633480608,0.288778112400064,0.06600239323357597,0.1364478624,0.072476205,0.0370309443,2830442511290.0,350415504648,0.0330033003,1.6982873591,0.2322625248,0.546241014,-0.9028026579914087,3.757543131639863,55405727236800.0,914285928.0,29.0309006477,4.0787714079,4.7642412545,447.8848653768,137.66991208028304,14857.4151232787,24.156005494
NVL,2018,2,50630008750611,8840789438874,104352906511,9246326543226,31447674729824,990865132176,8126155668102,0,362817925021,3414304366829,431404428838,0,3396679514518,58756164418713,41289592997732,25403726716267,15885866281465,17466571420981,17466571420981,3635837409310,705279178321,58756164418713,1719714141764,486605206171,31453728725800,0,9074559280000,9142859280000,12795379024940,11278136672701,9406837446380,2830291161328,460391141851,0,207549934795,208503684885,0.6669009347477332,2404525216743,596922458913,0.38511305321215056,777391517087,-325206062421,2404525216743,-21838009254,2382687207489,-1523576910685,859110296804,-450696264025,4851953775,-74731322044,-185455324523,930470857074,9232244677,-3095915911,6136328766,936607185840,-212658748433,-107034577160,616913860247,19991401334,596922458913,936607185840,105701246531,-1135213378,66143230202,-726310070615,338601314582,719607693162,1189152132192,-456340994795,315310647384,-52391815416,-422256858970,-132165221926,0,0,1160915581631,-54045952073,0,-31121107087,1293852083356,-5038170643994,133919017717,98119197537,-3597447404544,3324148227950,-69582000,5599908505987,-3382797719433,0,5541189432504,3104657609591,5735709949403,421879880,8840789438874,0.0,0.0,0.020772131878450964,0.8956735949599128,0.0,0.0,0.0,0.0,0.0,0.0,0.0,0.251364781896058,0.36056360822509104,0.2505248935054585,0.0,0.0,0.0,0.0,598923650237,0.0284900285,0.0,0.0,0.0,-1.8416743088314729,3.363920886507502,64182872145600.0,914285928.0,31.1264222705,3.8292317332,5.0984109405,151.1834291304,652.8837868245085,18332.6591051503,23.513678792
NVL,2018,3,43766617918031,4869248099742,80577276622,4784753561738,32988506945333,1043532034596,18628626643647,0,351541715917,3456193077942,7896289908556,0,6358919216096,62395244561678,44021809101577,28472873084288,15548936017289,18373435460101,18373435460101,4292322598413,960869340662,62395244561678,1699002823232,709773622349,32993525545641,0,9074559280000,9142859280000,12500325751504,11352044026307,9710540641608,5824981428262,434325398908,600000000,209210856990,209210856990,0.007474435698327269,2457894591192,657259561851,0.346833682257382,85853754076,-310284104503,2457894591192,-14481152845,2443413438347,-1782335243929,661078194418,-471627580596,814508774570,-89104529492,-173208477599,827500135377,9713757158,-34112712504,-24398955346,803101180031,-119071601718,-16879385756,667150192557,9890630706,657259561851,803101180031,135522026171,-1035395668,93923281931,-860932658258,338942033843,509520468050,1652151925194,-1382827457951,-2518377741719,4877598718,-451500969824,-196499299539,0,0,-2382655477071,-33985110943,146331969,-512356669849,603516465953,-1286691129631,699916757000,81635244610,-447818110891,-4601312324,-49785900000,2948523202995,-4035698710543,0,-1141562719872,-3972036307834,8840789438874,494968702,4869248099742,1.8892053269,2.3959487161,0.019133151047358216,0.942176950110815,0.2285802227,35.7597331022,14.864298050899526,1221.3424218544,87.952416275,1324.1591361802996,0.2988514879,0.16320004673329852,0.27055519301114583,0.2689923659811106,0.1336933597,0.0649579189,0.0378510395,3055043147179.0,398765187327,0.0350262697,1.5371338814,0.1710135849,0.3785396346,-1.285161506954168,3.3959487161327537,53518498085400.0,937276674.0,23.9186263611,3.0735560582,4.2378219786,-29.998702558,701.2439123722394,18577.8293672109,23.508992266
NVL,2018,4,50785405901013,12326942295680,95691805879,4664101758381,32758236767177,940433273896,19102647351452,0,344564833776,3499360081191,7556238420121,0,7016900664685,69888053252465,49415450816838,27907618098761,21507832718077,20472602435627,20472602435627,6120274490063,982721424538,69888053252465,1493719267200,430653870350,32765815815103,0,9304466740000,9372766740000,16266146196964,7779244490508,11645389730077,6481348532606,465806857437,7939750000,255403896052,255403896052,0.4881800855349599,8848554588936,1847108050562,1.597275544343342,307123692696,-359705869054,8848554588936,-291491854700,8557062734236,-5469998099544,3087064634692,-532142616352,264063573953,-198835761247,-242356255619,2684917268123,48080196098,-28882788720,19197407378,2704114675501,-520927072231,-328425662006,1854761941264,7653890702,1847108050562,2748773023344,184313467731,12824093396,-39749833096,-568744225176,367864310985,2705280837184,230161973596,1881459996481,-1667846553163,79718298855,-498101168457,-79192676674,0,0,2651480707822,-79243610359,44444654818,-119982474760,437904919724,-1524754801159,270000000,52882635815,-1188478675921,226590000000,-191000000,9211319523980,-3433993363648,-8288670912,5995436489420,7458438521321,4869248099742,-744325383,12326942295680,2.158870433,2.416998092,0.01683053411794773,1.0498207678970592,0.2561651794,27.4574391928,13.722968895128876,1080.1458954575,93.1434643334,1187.012328686029,0.3379173143,0.3092033680248847,0.3607621833063051,0.21585771986594127,0.1914198145,0.082492406,0.0540631096,4507058707583.0,2645872617826,0.0,1.8184499612,0.4407296792,0.6448084736,-7.355655955195979,3.413735672942285,55393051433400.0,937276674.0,17.1654696352,2.843979821,3.6227354092,96.2908192446,1970.7180406817636,20780.7381629216,16.3511380368
NVL,2019,1,51909519546558,8615715051750,398649722895,6260105826127,35706271348636,928777597150,17751039966453,0,801361690648,3028064513853,5653956430644,0,7606133127137,69660559513011,48911228870843,26809399441512,22101829429331,20749330642168,20749330642168,6397992739762,981731381380,69660559513011,1503094483085,431165705931,35712018716880,0,9304466740000,9372766740000,16424627249594,4839151827688,9635979057699,7175953828981,365558435256,44689750000,214537106874,214537106874,1.57185556070581,4948927327062,293982782796,1.335612688811771,133796573356,-379735662065,4948927327062,-39057700055,4909869627007,-3628655585693,1281214041314,-469115184621,-70872840,-70964583835,-262738201381,612121771993,8289103478,-38631669805,-30342566327,581779205666,-281508602651,-14713646629,285556956386,-8425826410,293982782796,581779205666,225190900703,-1831679682,-2147901988,-125979811322,398844309492,1075855022869,-846157739417,2234029197383,-347088350910,70076648009,-474270048737,-519148667123,0,0,1193296062074,-20198640985,807500000,-221181987976,294162235379,-2630174711147,0,109029803058,-2467555801671,653500000,0,1617297059596,-4051651467291,0,-2433700907695,-3707960647292,12315170763611,3850449,8607213966768,2.0475471854,2.3572436969,0.0386210863602234,1.0640111972380837,0.2806748382,39.3336991817,14.10153120452311,977.6606963676,66.5391481414,1058.3013757135232,0.3733401592,0.19298094004088495,0.2609466520794389,0.05987588370553304,0.1766810544,0.0988238081,0.0522262511,5281913637733.0,947511256098,0.0,1.9362432814,0.3213691926,0.6043868395,-2.4951863908315595,3.357243696885467,54080864089800.0,937276674.0,15.5089043001,2.7358336931,2.9563718953,20.1509702831,313.65635244220323,21090.4632635593,13.7275032687
NVL,2019,2,56921652870416,7325834929936,397288986526,6540079686524,41677158225432,981291041998,17875625539780,0,854751569604,3064386356212,5687560135930,0,7587951594219,74797278410196,52604001069764,22772024752637,29831976317127,22193277340432,22193277340432,6914017912690,1909652906716,74797278410196,1062272922067,462870529599,41682749274174,0,9304466740000,9372766740000,18636462537997,2681972252635,9203554856800,7179352315054,344824625486,44905057485,214972287675,214972287675,0.3165373041007081,3165647146493,519582619267,-0.12956429849672,95500116736,-234422202386,3165647146493,-31135353543,3134511792950,-2252707932975,881803859975,-743088810589,998692167,-79595188118,-311800118042,-156181447871,955231231645,-50098468936,905132762709,748951314838,-182606588694,-57196115547,509148610597,-10434008670,519582619267,748951314838,-719586999648,-156319502,37176742700,-95791465054,239747280647,210340553981,2817597271516,793429370288,-2168923510211,30213118352,-964562074529,-219034875020,0,0,499059854377,-66227680253,3702500000,-190346051490,-251448035809,-3713899214258,0,85435809453,-4132782672357,708000000,0,4352365451956,-2006846477780,0,2346226974176,-1287495843804,8607213966768,147072599,7319865195563,2.0941692937000003,2.370267368,0.038513985856735204,1.1380557763940755,0.2752756599,32.3864710432,15.789351421468107,994.4345192357,62.6426397189,1072.8665103760682,0.3670427695,0.15645452504533702,0.2813209578468688,0.1657618964572478,0.1625215646,0.0902163431,0.0480319583,4349776916651.0,490408553815,0.0,2.4996307306,0.3217032745,0.6694395782,-2.0919885097209883,3.370267368034434,55580506768200.0,937276674.0,16.5366322418,2.7401664308,2.9183740988,28.1055360318,554.3535155415593,21641.0212655266,17.9329523409
NVL,2019,3,56823768158008,4300966912717,420864681735,7758582757738,43341218066969,1002135738849,17754953962143,0,847872114997,3064125997592,5602942679681,0,7369080572527,74578722120151,52088736460447,18360394834802,33728341625645,22489985659704,22489985659704,7214535437753,1905843700925,74578722120151,813634887029,472688727270,43343292365090,0,9304466740000,9372766740000,18773392884834,1996044485426,7615742915192,6968396879298,339028632555,45058837485,219814441748,219814441748,-0.37969913149180196,1524634149618,300610545832,-0.542630395539003,359693103198,-141373644505,1524634149618,-18492107248,1506142042370,-984330461983,521811580387,-256267271666,-10223974166,-57955501342,-286579272607,270478663804,300997852235,-14556141351,286441710884,556920374688,-127683866155,-142683956370,286552552163,-14057993669,300610545832,556920374688,-1802668303,-3516750621,-20937061379,-343017098256,142420234298,330067030427,1437452962751,267488960801,1246085416850,15608026843,-549357719641,-103446778050,0,0,2643897899981,-137486966366,13620107831,-136234474947,137840582067,-4608010166327,432259820000,83285865696,-4214725232046,397000000,0,4302178791499,-5756553132057,0,-1453977340558,-3024804672623,7325834928936,-63343596,4300966912717,2.0081172735,2.3160858014,0.03769998468768073,1.1532707719745843,0.250691737,25.4273254334,18.909598168862754,1135.2994600744,61.3192393683,1215.5282976115627,0.3215010778,0.11770258146372761,0.34645575630164327,0.1995897713332351,0.1381269475,0.0878152542,0.0410689223,3990963811288.0,177276806438,0.0,3.0949099227,0.2342524195,0.734327895,-1.2539593716969657,3.316085801414093,53421697914700.0,969540797.0,17.4072729415,2.5952841766,2.9502112739,7.3960841438,310.05456063547166,21230.8156835395,19.3977480537
NVL,2019,4,71272427321769,6513219516007,419222941609,5979742308954,57197687821323,1162554733876,18700071842539,0,841693296275,3798443216145,5744314191185,0,7180782732217,89972499164308,65516622861558,17992941950319,47523680911239,24455876302750,24455876302750,8717663866997,2182614684727,89972499164308,834794221001,768720953764,57201331751293,0,9695407970000,9695407970000,26960862630493,1254023590387,7629419828326,6841446546457,262799716897,7939750000,284856191748,284856191748,-0.843248480818065,1387024374380,2308315872954,0.2496918478871191,440103405621,-397474385034,1387024374380,-6564824644,1380459549736,-912877200170,467582349566,-625501745194,-226226606,-86353859292,-339961869656,-144357945561,2582616557840,-63983607201,2518632950639,2374275005078,-100689912225,23650721206,2297235814059,-11080058895,2308315872954,2384947657548,-2264747829477,158593612160,-9898244127,-409168917588,413633297714,261588044161,-1500625074532,-823272061253,1550925655192,3198871280,-661485036913,-129617460752,0,0,-1299287062817,-159329828249,-6681039640,-514574330533,280109919532,-3446258982923,1284175430550,18711498046,-2543847333217,203581230000,-82000000,10188571426913,-4335144448675,0,6056926208238,2213791812204,4300966912717,-1539208914,6513219516007,2.4829624131,2.6784665799,0.03441681197006847,1.2540802724264006,0.1374090386,13.6988751865,30.648635113767938,2072.4204205464,118.7699093792,2221.8389650393674,0.1761225649,0.029893393562956522,0.3387149950575667,1.6721358285329286,0.1544615665,0.0281038368,0.0431351556,-1090852839015.0,41266620618,0.0,3.7850189546,0.3437716821,0.7437161181,-0.10382208809372721,3.6789726138004233,51579570400400.0,969540797.0,15.0315037542,2.3152250212,4.7186579535,16.7658623687,2380.8341846949634,22978.3280296713,-69.2793567434
NVL,2020,1,73347312297126,3874954562514,426977254806,9349255360069,58551131052312,1144994067425,18922477840278,0,828654809116,3799486977624,5738078356359,0,6956910949737,92269790137404,67573678945993,20375937613700,47197741332293,24696111191411,24696111191411,9068943423256,2071570017129,92269790137404,975502001675,739227764603,58554250606882,0,9695407970000,9695407970000,23853909643020,1138295211990,10743864426923,6629533618782,251750940686,7939750000,761894588586,761894588586,-0.7842750141463888,1067607277621,321910478960,0.09499772707226714,857700413794,-133734673587,1067607277621,-113389664023,954217613598,-588621360751,365596252847,-386560715933,-1015384826,-9817764441,-264139357473,561763443968,4990593665,-77462937843,-72472344178,489291099790,-40517625031,-146216744673,302556730086,-19353748874,321910478960,489291099790,243766175156,-2824562071,63228124153,-854915040495,136884802464,75430598997,-1221046111754,-642428102098,1837882721718,28157080689,-649373670532,-100659189370,0,0,-672036672350,-53075701304,0,-85131273842,113471572946,-3594791526864,1061699108384,56380803185,-2501447017495,46637290000,0,4728954504466,-4194004393084,0,581587401382,-2591896288463,6466219516377,631334600,3874954562514,2.3668375665,2.7362072685,0.0335540605034284,1.2663993498901853,0.0841394726,8.272286201,62.99770043501792,3866.2713870207,155.0352097235,4084.304297179218,0.0944062026,0.09603588282914093,0.383137187615383,0.33735541492070686,0.1469391432,0.0134413669,0.0415781389,324634240528.0,91639130933,0.0,3.5997024376,0.1901730677,0.7261595282,-0.6852309014190319,3.7362072685149834,62147565087700.0,969540797.0,17.6165518885,2.7469094117,8.9093464784,24.6018605835,332.0236548643141,23335.3163108638,292.4582276282
NVL,2020,2,76671001797081,5879568292345,437829773071,9890462206274,59188053649717,1275087875674,22108720995397,0,917678801889,3807552000681,6544868870817,0,6515017780586,98779722792478,74212578643838,21798416851570,52414161792268,24567144148640,24567144148640,9341638947505,1669907450109,98779722792478,1056623326519,709663991401,59191173204287,0,9695407970000,9695407970000,25694421005705,1119296723699,12393765576232,6265378021008,165568713557,7939750000,3689471409429,3689471409429,-0.7496715300159394,792451606691,890813961956,0.71447990930242,1807101946465,-168683445214,792451606691,-82825095932,709626510759,-492499813877,217126696882,-364880767717,-544973874,-15906456329,-350272134242,1292624311185,8572671903,-303677269184,-295104597281,997519713904,-27559264969,-95410391536,874550057399,-16263904557,890813961956,997519713904,246150803653,2217322862,-54564062176,-1759879330431,172679428765,-395876123423,794535953902,-1116283691321,3221346667722,21122634822,-777980275724,-78240044664,0,0,1668625121314,-86997262335,12832609199,-70236066220,79365080609,-5361592147174,2390891221110,28674679396,-3007061885415,280000000000,-1506000000,7231128786318,-4165007084291,0,3344615702027,2006178937926,3874954562514,-1565208095,5879568292345,2.5962564961999997,3.0208060894,0.037353906353002016,1.2597860099251765,0.0511860104,5.2975313733,101.09002888843054,6687.9676372196,237.5752117335,7026.63287784153,0.0545756229,-0.21004273576191165,0.3059732036360456,1.255327906229442,0.158889343,0.0025716992,0.0429881099,-1615502854671.0,-149051893689,0.0,3.5172738607,0.2697245553,0.802028343,0.883618979324886,4.020806089418672,61104977424000.0,985564152.0,15.5310804081,2.6686616481,13.4283499313,25.3521206612,903.8619760553141,23232.6192587928,-58.7950079377
NVL,2020,3,103086310873329,9697718598051,509200840534,12158856883275,79380083398071,1340451153398,26302209567490,331900000000,1262684017186,2868818967467,1697575533242,0,6835288468328,129388520440819,98188831139278,25268019195144,72920811944134,31199689301541,31199689301541,11473144745050,5936701005465,129388520440819,1759728935169,4243324256181,79383120039735,0,9855641520000,9855641520000,31622164016778,2181591716458,12773535835275,6550932526582,198153215982,7939750000,13012196050003,13344096050003,0.4089735858528604,2148169244901,2131427408827,6.090328128468837,2391099212416,-262769521207,2148169244901,-8623905582,2139545339319,-1342965170790,796580168529,-542168794833,-3484405491,-68087803692,-264077872154,2309860504775,252474886911,-199782136062,52692750849,2362553255624,-104343973215,-137676841079,2120532441330,-10894967497,2131427408827,2362553255624,7502082710,6791991249,-13943864166,-2381776211914,270439461378,251566714881,-7155275654941,-2026717848313,13893323618245,-29675746785,-822776196290,-2895221428,0,0,4107549665369,-22871248145,13386363637,-4179587401492,374863901949,-2534506628125,927374904873,104133839679,-5317206267624,292646537000,-2355000,9333117237699,-4548483037046,-49460850941,5027817531712,3818160929457,5879568292345,-10623751,9697718598051,2.4364942591,3.1471092609,0.040471044598627916,1.5998982974286582,0.0505235475,5.3848228185,98.7402912716225,6954.7062266786,224.489561864,7277.9360798142225,0.0524824469,0.21706223474133968,0.37231282454736153,0.996205768420601,0.2154987131,0.0059298372,0.0550908641,-1319060417413.0,464414492683,0.0,4.0797147603,0.3837941757,0.9381909714,-1.7673834109441926,4.147109260938323,85328934199600.0,1063951798.0,13.7106465953,2.8575525494,16.4605361728,20.3684681182,2003.3120042032206,28065.975555855,-95.4949559521
NVL,2020,4,114312818131574,11558787555672,822810253961,13820066316803,86847371313369,1263782691769,30206570652590,175500000000,1201956760790,2824247750920,1790108746968,0,6470106925477,144519388784164,112609909290945,31432855702786,81177053588159,31909479493219,31909479493219,12028594841288,6047772400905,144519388784164,1466929395223,3215397229338,86850373043777,0,9862852970000,9862852970000,34357216078896,4087250768389,14511573895801,0,419763171833,9649750000,17442396103338,17617896103338,-0.11068331686501447,1233503916051,552092588585,-0.7608245062758783,1154296041040,-338753898,1233503916051,-10534970289,1222968945762,-794538481587,428430464175,-242766571729,2539092029,-69397542454,-411205932134,861895550927,59478521669,-144764309803,-85285788134,776609762793,-108078887819,-82360283678,586170591296,34078002711,552092588585,776609762793,238758080021,-686202115,-22589012376,-1095640201684,-2510229261,-106057802622,-6655557573374,-10286622000894,9908636363416,-235345824811,-882265376685,-136439140306,0,0,-8393651355276,-36426453264,1567404305,-1910221488818,2609525342782,-1334885860063,6290290066204,99235962532,5719084973678,49043033000,0,8969586583257,-4482915265467,-56405641,4535657945149,1861091563551,9697718598051,-22605930,11558787555672,2.6073582162999998,3.5263584936,0.0376677018829287,1.636295843193356,0.042865879,4.8835484279,84.57360616954196,8233.6886815642,305.2549504919,8623.517238225642,0.0443300705,-0.042660944575736846,0.35031998617761806,0.4514363103807231,0.1389908774,0.0046846262,0.0334226962,1114852060293.0,-52173010413,0.0,3.6338916509,0.3677939724,0.8699002855,154.01449465535006,4.529042500203597,141216865749000.0,1074709785.0,33.0685172729,5.4317523238,28.0952638562,-37.1819609848,513.7131868442046,24191.0882835081,163.1172013627
NVL,2021,1,121615274984872,12556238887122,1011977986695,16818356520514,90041733042123,1186968548418,32050979249120,175500000000,1207262870464,2735086273700,1785629241980,0,6337015379549,153666254233992,115907333665946,35418652059614,80488681606332,37758920568046,37758920568046,12588298117556,6207961405864,153666254233992,1805529740671,3927093447664,90043823280147,0,10728120350000,10728120350000,28537305159101,5373051850224,16608633013789,0,487633399414,25349750000,19545644918117,19721144918117,3.254246498843519,4541864522959,536826506237,0.6676266891693982,572360705599,-30569377519,4541864522959,-35247735476,4506616787483,-2789464202494,1717152584989,-454286766798,-937604049,-138891794212,-319528269149,1375868856380,17117073703,-131963042916,-114845969213,1261022887167,-462260225337,-97537691091,701224970739,164398464502,536826506237,1261022887167,243553669763,-1026712133,-27447596179,-129367902323,30569377519,1377303723814,-2925079441282,-2188827751894,7327049988603,-113962268838,-1479808218729,-182481364220,0,0,1814194667454,-11631704545,0,-3030409014329,1952737103269,-1272991100000,211000000000,58039809847,-2093254905758,4592143993600,0,5230651711233,-8570487906919,-55330000,1252252467914,973192229610,11558787555672,24259101840,12556238887122,1.9514129161834717,3.0696675777435303,0.03197291798340397,1.936251099993389,0.06519383937120438,7.47672176361084,66.53894354694089,5311.68408203125,152.97393798828125,5531.196963566472,0.06871643662452698,0.27930764495532295,0.38102919905645016,0.11911962599704957,0.13110065460205078,0.018357453867793083,0.031242558732628822,2257886642176.0,1258732521628,0.0,3.433650493621826,0.35450923442840576,0.8914382457733154,-41.176256233730996,4.069667562584778,154875950556900.0,1473605619.0,34.9757614944,4.7877365571,18.0534242928,-179.0043665946,364.29455704796686,21951.9179359087,85.7764950173
NVL,2021,2,136602950265651,12132219928054,834521746983,19088675471543,103241366912067,1306166207004,34920038968112,175500000000,1202617832457,2721999539457,1725941423705,0,6234473106481,171522989233763,131607515507702,41943258000762,89664257506940,39915473726061,39915473726061,13908854587017,6246447634418,171522989233763,1941573131623,4536672683319,103243457150091,0,14736056190000,14736056190000,33117917991872,6838217097014,18185174780010,5539815081132,584825674679,25349750000,22581479122157,22756979122157,2.2241931322391473,2555017027925,1320536576524,0.48239321892130976,1333606795581,-117946562121,2555017027925,-11371084509,2543645943416,-1685449745386,858196198030,-1829133018135,-1136308952,-183260207620,-291962171644,-113688712740,1691456401521,-81155425805,1610300975716,1496612262976,-226816261833,43132546287,1312928547430,-7608029094,1320536576524,1496612262976,-1416282833316,-658187587,-45784168882,-903798470807,124910672403,-745000725213,-1887271039668,-4550158475661,6600576575573,-111518281891,-688128830396,-41347822713,0,0,-1422848599969,-4069610224,3977684,-2662785576996,2351742581053,-6226499082394,1908588889920,136786660635,-4496232160322,0,0,11563334011763,-6043950167048,0,5519383844715,-399696915576,12556238887122,-24322043492,12132219928054,2.1149945843999998,3.297155294,0.03012911335364674,2.046837641175778,0.0695231281,8.5446557631,65.04687003536141,4961.3125737634,151.1512162529,5177.510660051661,0.0735692409,0.15056097715065003,0.33738822820501574,0.5191510948849194,0.1290174217,0.0225167737,0.030318175,1127478821842.0,382973818766,0.0,3.2568512027,0.2892531603,0.7953979959,-3.2470112895118692,4.297155293982515,151191936509400.0,1473605619.0,31.4912499577,4.4905348939,14.5198477099,-36.7155472563,896.126181589974,22848.0576197118,174.3795565636
NVL,2021,3,144695276879439,15223064990931,1027113432337,21267412435805,105857503278553,1320182741813,39366809167912,175500000000,785285884475,2723637181580,1619391026676,0,6178455219669,184062086047351,143577289616015,40250937702153,103326351913862,40484796431336,40484796431336,14463571309814,6261553616896,184062086047351,1970944879243,4526845352779,105859593516577,0,14736056190000,14736056190000,40331088966600,7641714217767,15731188061193,5308723206447,732167353716,25349750000,27628830540142,27804330540142,0.519826507861797,3264844561774,555634319964,-0.739313514660213,1059230998737,-155013501331,3264844561774,-2949873013,3261894688761,-1760528824836,1501365863925,-799668751905,-4109497029,-434366403720,-418488203624,903964006384,60721919135,-69221589485,-8499670350,895464336034,-208689062361,-151071421254,535703852419,-19930467545,555634319964,895464336034,183714841270,8817876440,-158228463832,-577093043143,167876935867,520552482636,-4063818989608,-1465965579801,6463834343983,-164774495412,-1371678753859,-226233741666,0,0,-308084733727,-31777349902,0,-1254872457749,1179549002935,-3031525694993,937518197518,254248291278,-1946860010913,-500000000,0,13141603573296,-7795220830006,0,5345882743290,3090937998650,12132219928054,-92935773,15223064990931,2.380976922,3.5464495878,0.019397056517423263,2.0760321122505894,0.0705759744,10.4933388964,70.5594109089445,5010.2905703102,159.5518182551,5240.401799474244,0.0728500663,0.19881428386252742,0.46027416798525755,0.1703409744889871,0.0790328851,0.0231808641,0.0181414671,1487788344300.0,648511256581,0.0,3.5948299627,0.3782039838,0.9648911508,-4.183579178669317,4.546449587798432,154626747651900.0,1930421319.0,50.7879159519,4.5181793114,13.4048594487,-18.1207790343,287.8305966139198,17728.3800575557,135.588851787
NVL,2021,4,155626883884917,17249164003763,837023156881,26409547442437,109765089883212,1366059398624,45892872003267,234500000000,1571733526201,2724096455086,1624040896080,0,6097960547553,201519755888184,160341077332232,48634885981219,111706191351013,41178678555952,41178678555952,10713045031954,6138195019372,201519755888184,2332779900869,6303352180537,109767180121236,0,19304213190000,19304213190000,41430753323566,8305600061137,19087653178619,5104024245116,836308291680,25349750000,33347755804142,33582150374634,2.7337612772861095,4605609157132,817210383792,0.4802053146311754,679444076445,-210785926179,4605609157132,-15006691079,4590602466053,-2532750998958,2057851467095,-766178702472,6467628856,-532996373315,-398027932539,1046560164070,612251420313,-218558802283,393692618030,1440252782100,-426764714496,-103027375297,910460692307,93250308515,817210383792,1440252782100,-277834310442,-13735772592,47527824971,-179655137319,264769634341,1281325021059,-6543783831286,-780122271848,11496289772614,-114390992840,-951256849272,-630016734730,0,0,3758044113697,-848402256514,2011461428,-3975968947468,3159765154618,-3064607251341,46500000000,82435106960,-4598266732317,-390000000,-196049500000,6088242998012,-3025053981043,-412144000,2866337372969,2026114754349,15223064990931,-15741517,17249164003763,2.4761100528,3.9020715378,0.03816862466981278,2.111613903436391,0.0860511274,11.204368731,44.308930115629096,4101.3792141818,159.7998791221,4305.488023419529,0.0889944531,0.24546389489696893,0.44827481410394066,0.17801811196573453,0.0882203826,0.0346035812,0.0186199037,2250894444704.0,1126827161241,0.0,3.1707661093,0.3504869566,0.932478658,-5.345836800717403,4.893788799326495,159877492558000.0,1949725519.0,48.480628991,4.5383635424,10.7280459314,40.6984493632,419.1412462053332,18068.1867447205,91.9537825058
NVL,2022,1,177218519798787,17724337297580,788045407828,36650048190370,120456910438623,1599178464386,46914377795825,338500000000,2255730784688,2737439146109,1609855411000,0,6468331210889,224132897594612,180681385934495,56292222451012,124389163483483,43451511660117,43451511660117,11786573676044,7336528779447,224132897594612,4465150528380,7343958179910,120459000676647,0,19305183890000,19305183890000,44327662735318,10318619222497,25319358399954,5304945640812,1002483182582,25349750000,33230993048545,33569387619037,-0.5672511355205514,1965486714930,1079019984336,1.0099975910273524,880744593103,-214043512504,1965486714930,-9056686856,1956430028074,-1236882919459,719547108615,-911099904000,-612315080,-202483408690,-362418240889,123677833059,1285622542229,-57901774887,1227720767342,1351398600401,-103837571572,-202004448635,1045556580194,-33463404142,1079019984336,1351398600401,-1016477290937,-1072474947,32919124581,-308789067559,238375331415,296354222954,706783324196,-290291723349,797503282896,-160918196898,-1670159599159,-528193725890,0,0,-848922415250,-108782456173,1770284100,-2005022014471,2739920356503,-7455138947294,1289044266554,26167219953,-5512041290828,970700000,0,10205474262303,-3370320840033,0,6836124122270,475160416192,17249156145556,20735832,17724337297580,2.6230315015,4.158230152,0.05191374703675675,2.228163199121636,0.0632461678,8.496503105,75.97950200148667,5555.8405380361,193.7696988056,5825.589738843186,0.06569663,0.0790447175809503,0.3677857619693945,0.5515249555836337,0.0914352722,0.0204508196,0.0193149979,-213921897801.0,154645459036,0.0,3.1481883657,0.3148629869,1.0083383972,-0.7224954273403171,5.158230151986581,143507768342400.0,1949833809.0,37.7116835189,3.9515064942,11.6176416747,120.7477571956,553.3907450755461,18625.8076780891,-947.855189412
NVL,2022,2,189030009521950,17004752901103,684885163998,44212498109419,125506208001144,1621665346286,50247361346867,234500000000,2128617001449,2809189165262,1708130597936,0,6264781770833,239277370868817,194813243059387,60750465410210,134062777649177,44464127809430,44464127809430,12561446791893,7372995712911,239277370868817,6081632087227,4550812458500,125508298239168,0,19498338090000,19498338090000,45234978926414,12561612210356,23332266219270,4932578425419,1188085345814,24839750000,36818307785545,37052702356037,0.04225405261845834,2662976851864,749009084165,-0.4327994411661136,1650947713313,-218275520285,2662976851864,-4817726391,2658159125473,-1530501361990,1127657763483,-1152387239340,-526010764,-182715294290,-394229727031,1048747205371,275794578421,-35042315514,240752262907,1289499468278,-247763351240,-269410211813,772325905225,23316821060,749009084165,1289499468278,256270595338,3868794278,261221759396,-1161518757634,241437974624,890779834280,-6074528432036,-3287877735219,14468541202631,-203560303704,-1523274147267,-38454003414,0,0,4231626415271,-66544295262,112022742912,-1284325476983,4174631442223,-8693145536218,1852631535000,157348292264,-3747381296064,241071300000,0,8366915720123,-9811864989038,-1041000,-1203879009915,-719633890708,17724337297580,49494231,17004752901103,2.5594165382,4.381357572,0.04787268088496185,2.280089448693442,0.0587382905,7.3973637361,77.77933560221433,5965.5095459422,214.573543306,6257.862424850414,0.06118505,0.20717824485545225,0.4242250784299234,0.2817773687764909,0.0755016037,0.0219469741,0.0150808175,1626370454249.0,550712742162,0.0,3.111581257,0.2799114836,1.0456512735,-2.5230165134548312,5.381357571981223,147212452579500.0,1949833809.0,45.6233923756,3.9689393194,11.8080880278,21.373030096,384.1399614201684,19022.7146156327,126.7533728238
NVL,2022,3,205124839309776,21167861688403,998612553083,51618081635732,129636377850587,1703905581971,54465333323304,234500000000,2126227203080,2797989764497,1613345897122,0,6385927817648,259590172633080,214922588804997,76074246920058,138848341884939,44667583828083,44667583828083,12750272510896,7387626012561,259590172633080,7388027626863,3951038956936,129638468088611,0,19498338090000,19498338090000,41622298213997,14864259326511,30120391538157,4721614311030,1521313715809,33839750000,41024735167081,41259129737573,0.004519222469195562,3279599120676,196849574876,-0.6457209934606738,1573129662475,-207948106070,3279599120676,-281277183,3279317843493,-1868961441298,1410356402195,-1414859614150,-526232387,-307534706099,-423585114674,836980397360,11619493861,-111948313274,-100328819413,736651577947,-231305765639,-269216531579,236129280729,39279705853,196849574876,736651577947,252870437664,-1848940356,420848955470,-933762993211,245280089999,720039127513,-11923667131487,-4804298429447,16814984807879,-425075330974,-1784397724816,-25229021775,0,0,-1427643703107,-12013348141,0,-3852278890707,3665772257186,-2641705000000,4566284376326,383321089963,2109380484627,8899290000,0,8873269423778,-5400684571941,11200,3481484153037,4163220934557,17004752901103,-112147257,21167861688403,2.5379700054,4.8116009505,0.0476011241454976,2.290522531366111,0.0540150859,6.1786849335,75.45480191043895,6177.944466996,247.3781592887,6500.777428195139,0.0590811397,0.2071274008311753,0.43007615287841205,0.06002759850393873,0.0654249061,0.0215738858,0.012296493,1726251375484.0,679236581422,0.0,2.6963768636,0.2782526616,0.9922998191,-3.266375415765286,5.811600950528083,27886494893400.0,1950104538.0,9.7572796123,0.7475676878,2.2336876732,4.8539384769,100.94308845508671,19128.7026354902,49.7314297262
NVL,2022,4,198276179843700,8599941962436,326704693300,52982482611498,134484843415093,1882207161373,59089178358467,234500000000,3938493710882,3144676858547,1615960182173,0,6306062999090,257365358202167,212435663936292,74420660718325,138015003217967,44929694265875,44929694265875,12990646935412,7386400025837,257365358202167,8142513081979,3579326766847,134486933653117,0,19501045380000,19501045380000,39060194817382,15962589533396,25516580125032,4544317395119,1602455833412,33839750000,43276992127081,43511386697573,-0.2959310943255833,3242666199226,137192579331,-0.8321208564502053,899973312992,-204042733178,3242666199226,-2342718541,3240323480685,-2246395800596,993927680089,-670175469105,5287087088,-267397869877,-355977313081,605637428106,95747399981,-96868126681,-1120726700,604516701406,-195802477751,-281195779207,127518444448,-9674134883,137192579331,736273806487,279538848257,-2303574776,-222701230887,-215840831283,226650444291,801617462089,-2634282836173,-1716637836339,-366712828479,-1551506495,-1197827861422,-101721373419,0,0,-5217116780238,-22422277674,1704545455,-2279035448058,3363321259194,-1313133524878,0,-58618914586,-308184360547,0,0,2411969180173,-9454585467757,-52050,-7042616339634,-12567917480419,21167861688403,-2245548,8599941962436,2.3066475625000002,4.7281796017,0.08765903652884112,2.3039633717254087,0.0484984412,4.1393148411,86.80688379708201,6578.1551525019,412.2636679166,7077.2257042155825,0.0554866815,0.1143566373356853,0.3067371779433839,0.0423391615524749,0.0525869599,0.016919815,0.0098604,1625031795216.0,370552497131,0.0,2.6642625573,0.1155585274,0.857172401,-1.8160533892071642,5.7281796016502415,27691484439600.0,1950104538.0,12.1944092831,0.73758803,2.4868386542,-8.4632013363,70.35139740339397,19251.9393234897,52.7090846887
NVL,2023,1,197806114574434,5363772012819,117301505367,53544029965964,136904559607783,1876451482501,58388099948960,98000000000,3888110325991,3109377774467,1616762473961,0,6101823223761,256194214523394,211786752376697,78867723855637,132919028521060,44407462146697,44407462146697,12519760437240,7335054404831,256194214523394,7922447474878,4470948784227,136906649845807,0,19501045380000,19501045380000,32840144305558,16617138818324,29889010184727,4332432361197,1614604528738,33839750000,42993619705081,43091514275573,-0.6926449165577215,604102333272,-377221180946,-1.3495961024096619,920013458049,-158270818220,604102333272,0,604102333272,-455105324592,148997008680,-823069956271,847261872,-37356873821,-303532089225,-94101190716,11649678335,-4568750001,7080928334,-87020262382,-40432728861,-282815242225,-410268233468,-33047052522,-377221180946,-87020262382,272923678405,1112784000,-63438244503,-190568535043,175183988105,108193408582,-123701996063,-279822773700,452822586481,-52762489719,-1508911924032,-8149168308,0,0,-1412332356759,-3203338269,3618000000,-163234568713,368515739266,0,23960000000,115961907375,345617739659,0,0,57915000000,-2227598147843,0,-2169683147843,-3236397764943,8600170523502,-745740,5363772012819,2.152099989,4.7691703632,0.08755533727973228,2.2771836730476345,0.0386512281,3.2389785245,106.83048519613416,8000.4425105823,481.3353369443,8588.608332722733,0.0456224764,-0.31764809337294797,0.2466420016505935,-0.6244325839677801,0.0216851782,0.0140595423,0.0031911484,2567895351156.0,-191891954366,0.0,2.5080743415,0.0680097225,0.7721987144,1.2124278911559416,5.769170363239269,28471526254800.0,1950104538.0,35.2337885335,0.7679977641,2.9103396351,-7.4391911961,-193.4363894834442,19010.4720128937,36.283395698
NVL,2023,2,198376122922216,4035618643443,51116258055,53503523273401,138854034579050,1931830168267,58443806554115,98000000000,3860778140925,3090199087848,1619905264986,0,5987120157272,256819929476331,213096525906259,73857726750797,139238799155462,43723403570072,43723403570072,11876600930477,7294155334969,256819929476331,7700526188632,4478688355753,139014980007950,0,19501045380000,19501045380000,37052751064637,17154953161157,24536619823823,4120547327277,1709980917972,33839750000,43218699084479,43316593654971,-0.6011494309191826,1062129832815,-634774114774,-1.8474852017070662,765889064469,-200029450633,1062129832815,-8157100000,1053972732815,-726068033730,327904699085,-882114810530,3142791025,-43370267976,-448100578240,-276649102167,15063535205,-28167941461,-13104406256,-289753508423,-100611944418,-293692623784,-684058076625,-49283961851,-634774114774,-289753508423,272286089904,165348674549,94901067884,-160245873333,209035591374,291572041955,-168348294133,-621194449496,941577721260,-152221107084,-533888078666,-24804309993,0,0,-267306476157,605156451,26285087450,-396105785685,454551461471,0,0,151691349184,237027268871,0,0,456531780333,-1754406716332,0,-1297874935999,-1328154143285,5363772012819,773909,4035618643443,2.2560485667,4.8737405716,0.08830003672375687,2.2421056265483137,0.0317628826,2.3683025143,129.5747134790162,9474.8092616638,656.0987328731,10260.482708015918,0.0385232029,-0.15519011264564675,0.3111130761506673,-0.6022680616021397,-0.0155356757,0.0075205777,-0.0022372772,1869631956429.0,-163566147131,0.0,2.6859224031,0.0546404394,0.8059019816,0.817710325221558,5.873740571562465,28959052389300.0,1950104538.0,-50.2676846303,0.7949396101,3.5407885397,-3.4787259777,-325.50773684420807,18680.6643055476,50.174024704
NVL,2023,3,199429637838952,3434802946356,49327428761,56499099726933,137594490409415,1851917327487,49891873086709,0,3829313254296,3094862721871,1885575456035,0,5799530112938,249321510925661,205462075638229,88100954471632,117361121166597,43859435287432,43859435287432,12047138535525,7259649447281,249321510925661,7795046519463,3825496506025,137755435838315,0,19501045380000,19501045380000,28836061936681,17777975830135,30108173734110,3908662293355,1733573033854,304914914598,34712932647109,34712827217601,-0.672559474355009,1073873659979,170505519957,-0.13382835566495238,2229856807798,-170254553522,1073873659979,-789630018,1073084029961,-731352157310,341731872651,-1900331425587,1995026451,-62721635807,-284169096971,326361548535,251868612803,-93801429391,158067183412,484428731947,-78189466128,-269483830388,136755435431,-33750084526,170505519957,484428731947,271871506561,10376312402,548288546372,-1346674011299,174570753081,142861839064,5801162703542,-397664353213,-9644245019808,-34978710181,-1309125031543,-238509985289,0,0,-5680498557428,-10925269793,6396701340,-95707212728,848687891750,0,3219306049208,200342442997,4168100602774,0,0,1146232278610,-234653236348,0,911579042262,-600818912392,4035618643443,3215305,3434802946356,2.0014005432,4.6845581639,0.08730876786717992,2.2490812380967857,0.0234283091,1.539623606,178.40420843030597,12309.6492123959,928.7645770055,13416.817997831706,0.0296515355,-0.004807508063639241,0.31845770052455247,0.15889298060208465,-0.0163209604,0.0010468251,-0.0023631475,1204237583777.0,-5158860127,0.0,2.263649004,0.0389871252,0.7018669412,0.030300864325096485,5.684558163864561,31786703969400.0,1950104538.0,-52.7634342643,0.8684942614,5.322206141,-2.5272657103,87.43404091140061,18768.1147994698,78.5192120018
NVL,2023,4,191577252376491,3412094527252,43507843256,47747113308548,138598044960062,1776491737373,49799018985733,700000000,2384751305470,5542850059038,1884208288661,0,5591421211330,241376271362224,195874494506295,90526016066958,105348478439337,45501776855929,45501776855929,13693619321880,7255510229423,241376271362224,7429413235105,6777902331194,138758990388962,0,19501045380000,19501045380000,30772270678514,19194979319783,26932529196714,3696777259435,1710784356812,304914914598,33857102994247,33857697564739,-0.3734032619018924,2031844063176,1646480003153,11.00123221811139,1825381746803,-142635261188,2031844063176,-4101386443,2027742676733,-1473300062861,554442613872,-250513733980,-1367167374,-149306956729,-495678415694,1482958086898,798536444219,-226674146227,571862297992,2054820384890,-196980949645,-215477222159,1642362213086,-4117790067,1646480003153,2054820384890,288544762506,28722840640,-27778248411,-333875374273,-203481765197,1806952600155,10683501123512,-214230239839,-7283760256885,69640177459,-739342186397,-144616061586,0,0,4178145156419,757081336,53481508105,-3517347128472,570060888808,0,557528102267,295663151252,-2039856396704,0,-15000000,3208101402289,-5369403824414,-25239053,-2161342661178,-23053901463,3434802946356,345482359,3412094527252,1.8649454098999998,4.3304897885,0.052410069897287116,2.333299367765945,0.0190572904,1.5009895725,228.24487208128673,14561.6611928803,1084.8882867954,15874.794351756986,0.0250658215,-0.04465199632572614,0.27342848786182816,0.8119767966839502,0.0160442982,-0.0044652949,0.0024260915,646465888848.0,-90542758551,0.0,2.1900664198,0.0390973935,0.5982808982,0.6347852403176826,5.304765836430672,34516850322600.0,1950104538.0,56.9981699741,0.9072195438,7.25616142,-4.5259158336,844.3034571067698,19510.1617033912,150.4888876158
NVL,2024,1,189060198977043,3138663556178,35042157555,43250560624883,140881592865862,1754339772565,47420013816850,176200000000,2369414527632,5504322150324,1729052043899,0,5369912686380,236480212793893,191778245064512,92659036689617,99119208374895,44701967729381,44701967729381,12927168640579,7222151784176,236480212793893,7719061757715,4952499631939,141042538294762,0,19501045380000,19501045380000,23214457908853,19530596850057,35018705168553,3484892225513,1706235321054,304914914598,31657872843659,31920047414151,0.15517167432093545,697841903787,-567038929692,-0.5032001338577348,640076972457,-75467036000,697841903787,-621075136,697220828651,-507524805760,189696022891,-773131680839,1001091950,-53978555966,-324869642558,-321205792065,331151418722,-223711852941,107439565781,-213766226284,-133701050195,-253415036543,-600882313022,-33843383330,-567038929692,-213766226284,280509380799,-17474178,452461101182,-172156375276,77234499228,424264905471,5572041630622,-412440216481,-7311802319724,-38477189033,-554046981357,-187019794798,0,0,-2507479965300,-2783875522,0,-88665163563,1747033548519,0,350343399752,70955252308,2076883161494,0,0,702083735003,-545342993982,0,156740741021,-273856062785,3412524436724,-4817761,3138663556178,1.8220142227,4.290152197,0.05300470310336403,2.292285713832896,0.0197237012,1.5596014062,224.82902319939996,14771.2536649057,1065.892203804,16061.9748919091,0.0247101572,-0.27129449933240846,0.27207452086310807,-0.8132845525988098,0.0165418842,-0.0043563353,0.0025007064,664791798328.0,-189152175633,0.0,2.0403859756,0.0338732591,0.5199558276,2.5064211562913377,5.290152197001902,25838885128500.0,1950104538.0,42.0026675859,0.6894080047,5.3253868905,-6.0411597657,-290.77360656447024,19219.3880968267,132.6062334939
NVL,2024,2,203872418989356,2145098581139,30708279725,56081626778458,143902634219746,1712351130288,34919619336860,176200000000,1682124244089,5784500978094,1724514403989,0,5206152145391,238792038326216,200816681097387,100679786456823,100136894640564,37975357228829,37975357228829,6269921606561,7152788317642,238792038326216,7718936302884,5058550183848,144325129433861,0,19501045380000,19501045380000,28464201313493,19632916964385,30751091219623,3273007191593,1744026708203,304914914598,19733770074863,19996050074863,0.4955353638764368,1588452726003,-6657250193992,-9.4875892684474,804637428739,-73986194029,1588452726003,-1128144633,1587324581370,-4180315763883,-2592991182513,-2363784624433,1102382935,-87851889855,-375389333924,-4614277219051,-142161798420,-1711593105766,-1853754904186,-6468032123237,-9372032588,-249014735999,-6726418891824,-69168697832,-6657250193992,-6468032123237,301121532385,299981473220,381312680807,671155018398,73986194029,-4740475224398,-3809870965784,-2564683653183,10142793049148,-60073721761,-464907815818,-122066514068,0,0,-1619284845864,0,4077272727,-974351934603,311765922474,0,642264955571,67332538237,51088754406,0,-3083000,940018384621,-365357371254,-29921306,574628009061,-993568082397,3138663556178,3107358,2145098581139,2.3088523781,5.2880787898,0.044295152615760384,1.9473498209370865,0.0223003693,2.0984142647,197.48516239166057,7438.780516281,514.7976859481,8151.063364620761,0.0490671823,-1.925398524134367,-1.6335607807919297,-4.194006866728046,-0.151096406,-0.0343766217,-0.0223911857,-2199039018352.0,-3056232406292,0.0,2.0249587943,0.0213061495,0.5956487084,41.308144666747744,6.288078789814174,20768613329700.0,1950104538.0,-3.8408446915,0.6738118873,3.8564862148,-3.6894967465,-3413.791447723917,15805.5982695154,-38.6494259038
NVL,2024,3,194988181533732,3819734643584,33008441851,44488907119684,145006171703028,1640359625585,37040877389448,176200000000,1641168643329,5730465600321,1725566782653,0,4960415844189,232029058923180,191405661721355,106077865879476,85327795841879,40623397201825,40623397201825,9361576092423,6709173804776,232029058923180,7840146147875,5564513114376,145428666917143,0,19501045380000,19501045380000,22163192810954,20181398832452,37673561328531,3061122157671,1754826153128,304914914598,22169831161855,22432111161855,0.8738754068130802,2012305441459,3119843436728,17.29760958774119,3897994119538,-82961668059,2012305441459,-2057619033,2010247822426,-1464848703763,545399118663,-319124195699,1052378664,-104456624876,-354801995770,3666062800520,164764233310,-252866540897,-88102307587,3577960492933,-348677918589,-278965409267,2950317165077,-169526271651,3119843436728,3577960492933,288523441692,-3400520983,-591085007316,-1076549858931,82961668059,2278410215454,6911492019369,546760961344,-11407676463960,-7450829874,-187246035956,-38633805665,0,0,-1904343939288,-5666666667,714194994,-952898272905,444635180251,0,1861730000000,1133751612670,2482266048343,0,-274000000,1360802998671,-263810544537,0,1096718454134,1674640563189,2145098581139,-4500744,3819734643584,2.0185398710999998,4.7117098742,0.040399591279265804,2.0831394630509292,0.0266583127,3.1309530029,166.04156559480586,6815.105702057,450.6407115239,7431.787979175705,0.0535574965,0.04285068589853973,0.27130939408495586,1.5519695641122107,-0.0699961662,-0.032349014,-0.0103637557,-2091087725077.0,86140498017,0.0,1.8381608634,0.036008781,0.4711822718,-1.0383168520157924,5.711709874248433,17453435615100.0,1950104538.0,-7.1007645591,0.5146346832,2.7605118999,-9.419200502,1599.8339452753994,17390.9771174785,-38.3435032181
NVL,2024,4,207831078798684,4607601921683,31258216194,54813392824915,146607440687432,1771385148460,29946901858972,176200000000,1937682347954,5737179048000,1709377159826,0,4117663424757,237777980657656,190486956299042,107222351548398,83264604750644,47291024358614,47291024358614,13281118742079,9457258311909,237777980657656,7857833385978,6050897395010,147027941663523,0,19501045380000,19501045380000,24587656403178,18915181304285,36978198251788,2475838484574,1500140582061,302340514598,15741300378910,15900998378910,1.3530445163659512,4781019530967,-2350334217814,-2.427490290385017,598175417798,-58981908355,4781019530967,-2437289453,4778582241514,-2837112144745,1941470096769,-1254827735992,-9311093786,-287684653422,-394876761784,592945269583,52175501293,-96947188637,-44771687344,548173582239,-370069089292,-195762656881,-17658163934,2332676053880,-2350334217814,548173582239,682877785169,44338178577,664074725500,-146746703783,58981908355,1851699476057,2755147085953,294753456789,-4237525021018,108518397453,-491381490892,-221281269543,0,0,59930634799,2783875522,3013267667,-910627081891,425993026914,-3700000000,39275000000,43127324253,-400134587535,0,-136000000,3086318505314,-1958110891510,-3838095,1128067775709,787863822973,3819734643584,3455126,4607601921683,1.8217729945,4.027972726,0.04097357530808177,2.4250507312349017,0.0378637605,4.1821731107,119.06616910628715,5808.544212544,372.3988194847,6300.009201134987,0.0628384646,0.2634481563644993,0.4062857974698963,-0.4918476022857656,-0.1701298652,-0.0174571917,-0.0269361982,-347303262300.0,1258908681563,0.0,1.9383186043,0.0429724013,0.5709969724,-21.343980157201546,5.027972725956507,18038466976500.0,1950104538.0,-2.7945905581,0.4767822203,1.9880657456,-3.0209226098,-1205.2349871584167,19400.891239147,-232.5479459718
NVL,2025,1,203124460510833,6084349341608,42465733952,46465162208877,148638642921937,1893840304459,31682040180706,176200000000,1908518611601,5679834282132,3116172712876,0,3844522961540,234806500691539,185951485093539,100873309199607,85078175893932,48855015598000,48855015598000,13279222279801,11023146013573,234806500691539,8327139461434,6424422904491,149059143898028,0,19501045380000,19501045380000,27093673163213,18273045507280,32163629011232,2217543989711,1484835239594,302340514598,16427855907030,16587553907030,1.5482182459908147,1778253472047,-443346194185,0.21813799552384613,516073103799,-40034933347,1778253472047,-72485130,1778180986917,-1132466282412,645714704505,-633059915441,5295553050,-91032508939,-303463010345,139527926629,6470076257,-268263492772,-261793416515,-122265489886,-138711341189,-215453613274,-476430444349,-33084250164,-443346194185,-122265489886,270407532392,4966144897,160837684523,-159214869161,40034933347,194765936112,1537190238988,-479669244990,-939897598348,-59009095033,-1066857762635,-22137730532,0,0,-835615256438,0,2564005060,-1635421798600,1250688771361,-1401500000000,6088322000000,517635614945,4822288592766,0,-48951000000,6816873665159,-9277848926571,-197028,-2509926458440,1476746877888,4607601921683,542037,6084349341608,1.7674945811999998,3.8061902717,0.03906494733939108,2.505251110697123,0.0430539563,5.6653012606,107.33408064017489,5560.0010379285,332.1525678713,5999.487686439975,0.0656474698,0.1412787489402653,0.36313216104314355,-0.2493256858817679,-0.1803697347,-0.0135041415,-0.0268435435,82966250147.0,251219185221,0.0,2.0136591346,0.0603167418,0.5401410742,-6.274999462184068,4.806190271713912,29739094204500.0,1950104538.0,-4.6973123903,0.7860857666,2.9287090049,-6.9171729043,-227.34483487725723,19399.9187465236,1132.2096983349
NVL,2025,2,203376141981170,4305979590796,44704898517,46872857762031,150112707450262,2039892279564,35242886611958,192750000000,1949586433108,5525507846082,3117335559505,0,3644513624114,238619028593128,186651367093163,103476262105674,83175104987489,51967661499965,51967661499965,14525216597522,12889797597817,238619028593128,8433496189397,7232763134994,150533208426353,0,19501045380000,19501045380000,29510004982030,18436479153779,32321029221030,1986838999566,1474462253514,302340514598,20415261453709,20591509453709,0.21920721127607695,1936653018314,-160571473936,0.9758802104086591,511835140270,-33142528652,1936653018314,-54787729,1936598230585,-1245491923597,691106306988,-1135523079602,1162846629,-154651400992,-314099936582,-400170123289,330684898998,-68989093034,261695805964,-138474317325,126290480065,-177684541655,-189868378915,-29296904979,-160571473936,-138474317325,254999998866,37076969225,479790582988,-185664205636,33142528652,480871556770,-3572829308174,224500513755,-3241015085067,-14718728094,-376825903678,-120326542154,0,0,-6620343496642,-4956770776,-1850000000,-1016617434075,188476239007,-1628248000000,5107498000000,54454149016,2698756183172,430800000,0,2632511366164,-489721297884,0,2143220868280,-1778366445190,6084349341608,-3305622,4305979590796,1.7576515192,3.5916830141,0.03751537738732602,2.664865420664182,0.0445430305,5.6494131366,110.52216347625419,8087.5931641797,463.2931853713,8661.408513027254,0.0451308557,0.11481729452310399,0.3568661253910334,-0.08291419015057924,0.0044556461,0.015981056,0.00070223,3315432092334.0,222354969414,0.0,1.9654376554,0.0416132116,0.5147406125,-6.709052641961943,4.5916830141238645,33931818961200.0,1950104538.0,204.9127434262,0.8683130441,3.2304913532,-3.6484367239,-82.33993142781969,20038.8559385774,31.4730232034
