,ticker,yearReport,lengthReport,CURRENT ASSETS (Bn. VND),Cash and cash equivalents (Bn. VND),Short-term investments (Bn. VND),Accounts receivable (Bn. VND),Net Inventories,Other current assets,LONG-TERM ASSETS (Bn. VND),Fixed assets (Bn. VND),Investment in properties,Long-term investments (Bn. VND),Other non-current assets,TOTAL ASSETS (Bn. VND),LIABILITIES (Bn. VND),Current liabilities (Bn. VND),Long-term liabilities (Bn. VND),OWNER'S EQUITY(Bn.VND),Capital and reserves (Bn. VND),Undistributed earnings (Bn. VND),TOTAL RESOURCES (Bn. VND),Prepayments to suppliers (Bn. VND),"Inventories, Net (Bn. VND)",Other current assets (Bn. VND),Investment and development funds (Bn. VND),Common shares (Bn. VND),Paid-in capital (Bn. VND),Advances from customers (Bn. VND),Short-term borrowings (Bn. VND),Long-term prepayments (Bn. VND),Other long-term assets (Bn. VND),Other long-term receivables (Bn. VND),Long-term trade receivables (Bn. VND),Revenue YoY (%),Revenue (Bn. VND),Attribute to parent company (Bn. VND),Attribute to parent company YoY (%),Financial Income,Interest Expenses,Sales,Sales deductions,Net Sales,Cost of Sales,Gross Profit,Financial Expenses,Selling Expenses,General & Admin Expenses,Operating Profit/Loss,Other income,Other Income/Expenses,Net other income/expenses,Profit before tax,Business income tax - current,Net Profit For the Year,Attributable to parent company,Depreciation and Amortisation,Other payments on operating activities,Net cash inflows/outflows from operating activities,Purchase of fixed assets,Proceeds from disposal of fixed assets,"Loans granted, purchases of debt instruments (Bn. VND)","Collection of loans, proceeds from sales of debts instruments (Bn. VND)",Investment in other entities,Proceeds from divestment in other entities,Gain on Dividend,Net Cash Flows from Investing Activities,Increase in charter captial,Proceeds from borrowings,Repayment of borrowings,Dividends paid,Cash flows from financial activities,Net increase/decrease in cash and cash equivalents,Cash and cash equivalents,Cash and Cash Equivalents at the end of period,Chỉ tiêu cơ cấu nguồn vốn_(ST+LT borrowings)/Equity,Chỉ tiêu cơ cấu nguồn vốn_Debt/Equity,Chỉ tiêu cơ cấu nguồn vốn_Fixed Asset-To-Equity,Chỉ tiêu cơ cấu nguồn vốn_Owners' Equity/Charter Capital,Chỉ tiêu hiệu quả hoạt động_Asset Turnover,Chỉ tiêu hiệu quả hoạt động_Fixed Asset Turnover,Chỉ tiêu hiệu quả hoạt động_Days Sales Outstanding,Chỉ tiêu hiệu quả hoạt động_Days Inventory Outstanding,Chỉ tiêu hiệu quả hoạt động_Days Payable Outstanding,Chỉ tiêu hiệu quả hoạt động_Cash Cycle,Chỉ tiêu hiệu quả hoạt động_Inventory Turnover,Chỉ tiêu khả năng sinh lợi_EBIT Margin (%),Chỉ tiêu khả năng sinh lợi_Gross Profit Margin (%),Chỉ tiêu khả năng sinh lợi_Net Profit Margin (%),Chỉ tiêu khả năng sinh lợi_ROE (%),Chỉ tiêu khả năng sinh lợi_ROIC (%),Chỉ tiêu khả năng sinh lợi_ROA (%),Chỉ tiêu khả năng sinh lợi_EBITDA (Bn. VND),Chỉ tiêu khả năng sinh lợi_EBIT (Bn. VND),Chỉ tiêu khả năng sinh lợi_Dividend yield (%),Chỉ tiêu thanh khoản_Current Ratio,Chỉ tiêu thanh khoản_Cash Ratio,Chỉ tiêu thanh khoản_Quick Ratio,Chỉ tiêu thanh khoản_Interest Coverage,Chỉ tiêu thanh khoản_Financial Leverage,Chỉ tiêu định giá_Market Capital (Bn. VND),Chỉ tiêu định giá_Outstanding Share (Mil. Shares),Chỉ tiêu định giá_P/E,Chỉ tiêu định giá_P/B,Chỉ tiêu định giá_P/S,Chỉ tiêu định giá_P/Cash Flow,Chỉ tiêu định giá_EPS (VND),Chỉ tiêu định giá_BVPS (VND),Chỉ tiêu định giá_EV/EBITDA
0,PXL,2013,1,557019570348,682173298,54100000000,420614349473,80767629302,855418275,421699084070,18384424092,0,338887391454,15602268524,978718654418,136919505388,136861519938,57985450,841799149030,841799149030,6318494369,978718654418,2313271133,80767629302,136790459,3938524280,827222120000,827222120000,0,101620000000,15602268524,147882391454,48825000000,48825000000,0.0,58000000,56821475,0.0,4473465879,-2095912500,58000000,0,58000000,0,58000000,-2095912500,-128220086,-2264139018,43194275,18547200,-4920000,13627200,56821475,0,56821475,56821475,0.0,0.0,8456908745.0,0.0,0.0,-54641729401.0,0.0,-2000000000.0,0.0,476511972.0,-56165217429.0,0.0,0.0,0.0,0.0,0.0,-47708308684.0,48390481982.0,682173298.0,0.1207176321,0.162651038,0.021839442476491285,0.47789988902924,0.0297501443,2.0484610468,381.46590578611745,1078.7673616158,3.391067968,1463.6243353699174,0.3383491315,-40.24757075862069,1.0,0.9796806034482759,0.0002613724,23.2613943609,0.0002253579,7270469326.0,-2334359104,0.0,4.0699501992,0.4002744768,3.479808943,1.1137674421045727,1.1626510380127748,247501236000,82500412,1122.3261919356,0.2948050449,8.5016428269,29.2661590024,0.6887417119807838,10176.2166252276,47.9252503625
1,PXL,2013,2,559535600707,2135081934,24400000000,449076873589,83147407496,776237688,405398643326,18321620232,0,323200191454,15051831640,964934244033,138707751950,138707751950,0,826226492083,826226492083,-13243890502,964934244033,1162148933,83147407496,176610438,3938524280,827222120000,827222120000,0,101620000000,15051831640,147882391454,48825000000,48825000000,0.0,16970777950,-15572384871,0.0,4469261165,-2175176671,16970777950,0,16970777950,-16433765000,537012950,-17862376671,-81880846,-2682994191,-15620977593,57985450,-9392728,48592722,-15572384871,0,-15572384871,-15572384871,0.0,0.0,-17664065049.0,0.0,0.0,23678311257.0,0.0,-624588014.0,0.0,563250442.0,23616973685.0,0.0,0.0,-4500000000.0,0.0,-4500000000.0,1452908636.0,682173298.0,2135081934.0,0.1229929092,0.1678810269,0.02217505781714812,0.46905909721395095,0.0257170486,1.7806566569,311.6148874462569,1222.8068927168,3.1888741815,1537.610654344557,0.2984935742,-0.13127636774011295,0.031643390278405,-0.9175999424940917,-0.018376329,17.0583558646,-0.015806347,-6641800767.0,-2227862087,0.0,4.0339173034,0.1913020834,3.4344741841,1.0242212123283663,1.167881026908619,181500906400,82500412,-11.7740930178,0.2202651066,7.2366546549,-10.2751493439,-188.75523762232848,9987.9642009935,-42.3056689478
2,PXL,2013,3,560813617166,564214243,31300000000,444882988938,83463402879,603011106,404793347913,18265508879,0,323200191454,14502647580,965606965079,139335809643,139335809643,0,826271155436,826271155436,-13198866353,965606965079,1162148933,83463402879,192780186,3938524280,827222120000,827222120000,0,101620000000,14502647580,147882391454,48825000000,48825000000,0.0,4743710029,45024149,0.0,4804881742,-2152488333,4743710029,0,4743710029,-4549277996,194432033,-2152488333,-129608304,-2672151355,45065783,1000,-42634,-41634,45024149,0,45024149,45024149,0.0,0.0,15630935100.0,0.0,0.0,-12530323608.0,0.0,0.0,0.0,328520817.0,-12201802791.0,0.0,0.0,-5000000000.0,0.0,-5000000000.0,-1570867691.0,2135081934.0,564214243.0,0.122986261,0.1686320631,0.02210595003690018,0.46908445315719105,0.0306492733,1.6227336192,132.90338846361405,1042.3588027027,2.7691989656,1178.031390131914,0.3501673311,-0.5496389134370506,0.040987335189412354,0.00949133668052036,-0.0184946625,27.138293421,-0.0158718205,-6060889390.0,-2607327626,0.0,4.0249065807,0.2286864685,3.4258975887,1.2113085985307406,1.1686320631263916,288751442000,82500412,-18.7200195748,0.3494632967,9.694219727,18.4730753568,0.5457445351909272,10015.3579285883,-64.3151858867
3,PXL,2013,4,563279094427,723638343,33900000000,329494619323,188341417438,10819419323,409170176276,18213115852,0,326027391454,16104668970,972449270703,132000235180,132000235180,0,840449035523,840449035523,979285810,972449270703,1162148933,188341417438,167770713,3938524280,827222120000,827222120000,12500000,101620000000,16104668970,147882391454,48825000000,48825000000,0.0,2800224022,6820281991,0.0,5218984853,-1519218999,2800224022,0,2800224022,-2564621728,235602294,4346418999,-115130159,-2851476436,6834399551,0,-14117560,-14117560,6820281991,0,6820281991,6820281991,0.0,0.0,2413826926.0,0.0,0.0,-2601870698.0,0.0,0.0,0.0,347467872.0,-2254402826.0,0.0,0.0,0.0,0.0,0.0,159424100.0,564214243.0,723638343.0,0.1209645294,0.1571279899,0.021670696356580654,0.47713341273152027,0.0252306369,1.3404565118,89.04707421504136,2080.160481649,35.0251253561,2204.2326812201413,0.1754672311,-0.975280648813747,0.08413694481191047,2.435620128038456,-0.0068992658,0.0,-0.0059717379,-3854953198.0,-2731004301,0.0,4.2644699405,0.2622998231,2.8376435626,1.7976370113839,1.1570591786066575,379501895200,82500412,-65.2511738822,0.4517444222,15.4440378898,-25.8162268135,82.6696718920628,10182.748859036,-124.6184407909
4,PXL,2014,1,561296382972,850827864,45100000000,321235948377,192763780796,1345825935,408664446975,18164013253,0,326027391454,15648042268,969960829947,129837822533,129837822533,0,840123007414,840123007414,653432185,969960829947,1190421154,192763780796,214427601,3938524280,827222120000,827222120000,261550000,101620000000,15648042268,147882391454,48825000000,48825000000,38.99531218965517,2319728107,42205735,-0.25722211540619105,2686675628,-310401667,2319728107,0,2319728107,-2011386165,308341942,-310401667,-91805583,-2406159625,186650695,0,-144444960,-144444960,42205735,0,42205735,42205735,0.0,0.0,1741939244.0,0.0,0.0,-66410742.0,0.0,0.0,0.0,351661019.0,285250277.0,0.0,0.0,-1900000000.0,0.0,-1900000000.0,127189521.0,723638343.0,850827864.0,0.1209584776,0.154546205,0.021620659228118302,0.47694832250270375,0.0277147198,1.4711005505,133.01687690237034,1955.4359041978,21.6052449062,2110.0580260063703,0.186659148,-0.9439137541130806,0.13292158726255413,0.018194259436112442,-0.01039867,13.1556291282,-0.0089491163,-2287176487.0,-2189623266,0.0666666666,4.3230575807,0.3539094153,2.8384071373,7.054160781939357,1.1545462050047368,371251854000,82500412,-42.8456197997,0.4419017819,13.8349021818,213.1256042819,0.5115821118566051,10183.2583262008,-206.3771767587
5,PXL,2014,2,780597270008,659762528,53090000000,323574412064,401629010347,1644085069,400139541593,15565453594,0,322892391454,12856696545,1180736811601,340545126030,340545126030,0,840191685571,840191685571,722382418,1180736811601,2103847285,401629010347,214526007,3938524280,827222120000,827222120000,50000,101620000000,12856696545,147882391454,48825000000,48825000000,-0.7633120279556778,4016779017,68950233,1.0044277246915727,5324146949,-282277778,4016779017,0,4016779017,-3156312539,860466478,-3417277778,-126161673,-2673474823,-32300847,101251080,0,101251080,68950233,0,68950233,68950233,0.0,0.0,18678305514.0,0.0,0.0,-94815554221.0,75500000000.0,0.0,0.0,411283886.0,-18904270335.0,0.0,0.0,0.0,0.0,0.0,-225964821.0,850827864.0,624863043.0,0.1209485903,0.4053183718,0.018526074301034784,0.476987311950064,0.0135791408,0.7908171757,145.854128759634,6435.6877086557,51.5436016483,6633.085439063633,0.0567149955,-0.4827674138390372,0.21421802751863958,0.01716555297370993,0.0083374835,13.7403237562,0.0068250252,11447015523.0,-1939170018,0.0638297872,2.2921992133,0.1578344789,1.1128283175,6.869722553930547,1.40531837184102,387751936400,82500412,55.580024717,0.4615041341,27.9351305561,0.0,0.8357562262840579,10184.0907845527,42.6934140947
6,PXL,2014,3,785929118779,806211405,53819000000,315365781432,413796725148,2141400794,397561669827,15516893934,0,320897391454,12322384439,1183490788606,343164936264,343164936264,0,840325852342,840325852342,856821265,1183490788606,2207158183,413796725148,248502263,3938524280,827222120000,827222120000,0,101620000000,12322384439,147882391454,48825000000,48825000000,0.4568762436469744,6910998448,134438847,1.985927551901092,3758415721,-259695556,6910998448,0,6910998448,-5942072698,968925750,-2254695556,-48040935,-2185405633,239199347,280274,-105040774,-104760500,134438847,0,134438847,134438847,0.0,0.0,0.0,0.0,0.0,0.0,0.0,0.0,0.0,0.0,0.0,0.0,0.0,0.0,0.0,0.0,0.0,0.0,0.0,0.1209292796,0.4083712708,0.01846532971793525,0.47706348010139343,0.0149051122,0.9515478266,58.33310986997705,7984.5187033006,51.1760568985,8094.027870069077,0.0457134629,-0.18297223295802426,0.14020054515862337,0.019452883401949797,0.0084090312,11.6962313253,0.006562778,9636085751.0,-1264520818,0.075,2.2902372466,0.1591806319,1.0844126374,4.869243191824199,1.408371270867836,330067648000,82516912,46.7038260634,0.3927853071,20.5678719887,0.0,1.6292277999932911,10183.6803144306,44.7154008099
7,PXL,2014,4,788123037701,587979562,48444000000,318688074723,418139494967,2263488449,394175427637,15470004729,0,318117913303,11762509605,1182298465338,343250878550,343250878550,0,839047586788,839047586788,-486427146,1182298465338,4008660949,418139494967,325167971,3938524280,827222120000,827222120000,52700000,101620000000,11762509605,147882391454,48825000000,48825000000,0.31101951135250994,3671148329,-1343248411,-1.196949101631361,3646263984,-259695556,3671148329,0,3671148329,-2662077969,1009070360,-3039173707,-44978410,-2875080888,-1303898661,44450250,-83800000,-39349750,-1343248411,0,-1343248411,-1343248411,0.0,0.0,-5593648100.0,0.0,0.0,-3033230171.0,8300000000.0,0.0,0.0,108646428.0,5375416257.0,0.0,0.0,0.0,0.0,0.0,-218231843.0,806211405.0,587979562.0,0.1213682373,0.4081522557,0.018437577287149468,0.47633779278380656,0.0143613609,1.0045775812,34.76994835566035,10733.3077459194,68.8111981327,10836.88889240776,0.0340062922,-0.5205425569172092,0.27486504754627145,-0.36589325481324075,-0.0052155354,0.0,-0.0037096709,-3065061439.0,-1910988938,0.09375,2.2917632663,0.099611775,1.0509819527,7.358573891037242,1.4090958414695116,264074918400,82523412,-60.4132163029,0.3161534834,15.6085064417,28.7972833646,-16.277179753546786,10121.666113498,-119.1117138014
8,PXL,2015,1,783188138043,610197494,33431172222,321801294436,424025125538,3320348353,395838890614,15423115524,0,310869765832,20721009258,1179027028657,341740418623,341740418623,0,837286610034,837286610034,-2268543179,1179027028657,4451258269,424025125538,199699386,12264138227,827222120000,827222120000,33500000,101620000000,20721009258,143882391454,48825000000,48825000000,0.009065471913083992,2340757537,1490473490,34.31447775995371,3350316293,-254050000,2340757537,0,2340757537,-1181509090,1159248447,-254050000,-56477273,-2702516375,1496521092,121352398,-127400000,-6047602,1490473490,0,1490473490,1490473490,46889205.0,0.0,-14923069777.0,0.0,0.0,-38179683534.0,52744000000.0,0.0,0.0,380971243.0,14945287709.0,0.0,0.0,0.0,0.0,0.0,22217932.0,587979562.0,610197494.0,0.0,0.0,0.018420353722572617,0.47533806429003295,0.0,0.0,0.0,0.0,0.0,0.0,0.0,-0.6834305457584008,0.4952449917071441,0.636748345969333,0.0,0.0,0.0,0.0,-1599745201,0.0,0.0,0.0,0.0,6.296969891753592,1.4081522557838622,280579600800,82523412,800.0742949967,0.3359130762,16.563450173,-152.5867545952,18.061219887515072,10121.666113498,262.5815853395
9,PXL,2015,2,677286770279,486111080,39096844444,215827486711,419420766607,2455561437,500609543323,15382059633,0,311048624039,20433859651,1177896313602,348545025288,348545025288,0,829351288314,829351288314,-10203562715,1177896313602,2852726081,419420766607,285608880,3938524280,827222120000,827222120000,4444000000,101620000000,20433859651,147882391454,160493396111,153745000000,2.2088787803483987,12889356953,-7935019536,-116.08328820295647,2635497370,-256872778,12889356953,0,12889356953,-11470860991,1418495962,-4078014571,-144488635,-7778071539,-7946581413,88536877,-76975000,11561877,-7935019536,0,-7935019536,-7935019536,41055891.0,0.0,5247047675.0,0.0,0.0,-2867160910.0,-2350000000.0,0.0,0.0,-111380279.0,-5328541189.0,0.0,0.0,0.0,-42592900.0,-42592900.0,-124086414.0,610197494.0,486111080.0,0.1225295016,0.4202622341,0.01854709801472716,0.47083308305576926,0.0218622334,1.6709108254,15.289760656735284,7192.080941003,16.9057370245,7224.276438684235,0.0507502631,-0.5046073466439439,0.11005172462617267,-0.6156257108042247,-0.0091492285,0.0,-0.0064821693,-6535096624.0,-6504064212,0.0,1.9431830069,0.1135662616,0.7398355591,25.320177025531294,1.420262234108977,214612871200,82543412,-28.0321619212,0.2593325099,8.3143769924,-14.9898989063,-96.13147001967886,10025.7387739341,-48.315545781
10,PXL,2015,3,736055018122,637691534,98500000000,216826075834,418015589168,2075661586,420217073600,352670427,0,231048624039,20070779134,1156272091722,326790808820,326790808820,0,829481282902,829481282902,-10142205750,1156272091722,2852726081,418015589168,279854659,12264138227,827222120000,827222120000,391500000,101620000000,20070779134,67882391454,160493396111,153745000000,-0.34925342744050347,4497308553,61356965,-0.5436068787468848,1480332485,-259695556,4497308553,0,4497308553,-3147414415,1349894138,-259695556,-50704545,-2406769833,113056689,65000276,-116700000,-51699724,61356965,0,61356965,61356965,29389206.0,0.0,59575946266.0,0.0,0.0,-90209792808.0,30546844444.0,0.0,0.0,238582552.0,-59424365812.0,0.0,0.0,0.0,0.0,0.0,151580454.0,486111080.0,637691534.0,0.0,0.0,0.0004251698432135287,0.47090688260670865,0.0,0.0,0.0,0.0,0.0,0.0,0.0,-0.24627623987710856,0.3001559982135386,0.013643041004840746,0.0,0.0,0.0,0.0,-1107580240,0.0,0.0,0.0,0.0,4.264917956470537,1.3939700817319214,198178588800,82574412,-25.6340690439,0.2393463396,8.469687557,4.4702477782,0.7430505832726971,10027.3102332177,-45.4735489501
11,PXL,2015,4,784520690166,372110212,82450000000,243507321255,453129459382,5061799317,413145948305,323281221,0,224399968467,19677698617,1197666638471,372071968980,372071968980,0,825594669491,825594669491,-14106977371,1197666638471,1162148933,453129459382,227415604,12264138227,827222120000,827222120000,9524143464,101620000000,19677698617,67882391454,160493396111,153745000000,-0.6009997551913137,1464789082,-3964771621,-1.9516294890297845,4659623579,-259695556,1464789082,0,1464789082,-146478908,1318310174,-6908351128,-52749999,-2930731529,-3913898903,46722282,-97595000,-50872718,-3964771621,0,-3964771621,-3964771621,27919746.0,0.0,-17912974628.0,0.0,0.0,-17705578636.0,35150000000.0,0.0,0.0,202971942.0,17647393306.0,0.0,0.0,0.0,0.0,0.0,-265581322.0,637691534.0,372110212.0,0.0,0.0,0.00039157377457307353,0.4687004036384693,0.0,0.0,0.0,0.0,0.0,0.0,0.0,-1.1367994030419732,0.9000000001365385,-2.706718441392643,0.0,0.0,0.0,0.0,-1665171354,0.0,0.0,0.0,0.0,6.412013280658527,1.4506714768512154,140376500400,82574412,-15.7031582722,0.1743438487,6.623966369,-2.9058098369,-48.014530469802196,9750.8458894329,-29.8840022226
12,PXL,2016,1,783083114755,10156747472,60190000000,256505745141,450734659234,5495962908,406368329199,293892015,0,206713438186,19321345070,1189451443954,381217557017,381217557017,0,808233886937,808233886937,-31467578604,1189451443954,6879253778,450734659234,0,12264138227,827222120000,827222120000,15571348380,101620000000,19321345070,67882391454,168232841921,168232841921,-0.4590989651911137,1266118174,1622527413,0.0885986392149786,3154725564,-256872778,1266118174,0,1266118174,-126611817,1139506357,-256872778,-70973800,-2578103164,1388282179,589596157,-355350923,234245234,1622527413,0,1622527413,1622527413,29389206.0,0.0,-13643192016.0,0.0,0.0,-66440000000.0,79500000000.0,0.0,0.0,1167829276.0,14227829276.0,0.0,0.0,0.0,0.0,0.0,584637260.0,9572110212.0,10156747472.0,0.1257309322,0.4716673765,0.00036362248570618054,0.45884447058653216,0.0170441449,4.9211574696,30.45656778820748,10670.1874690599,23.7869680294,10724.431004877508,0.034207459,-1.192282551502179,0.9000000003159263,1.281497609242911,-0.0124105171,0.0,-0.0086551891,-10658632364.0,-1509570607,0.0,2.0541632995,0.0266429163,0.8718078415,5.876724730247593,1.4716673764592043,156891382800,82574412,-15.3526120342,0.1944637627,7.7987232683,4.7146321456,19.64927601300994,9770.4578661049,-27.4272992591
13,PXL,2016,2,598482526445,13078434755,42355000000,33644831802,501093124971,8311134917,408557576384,321220131,0,208138438186,18964991523,1007040102829,196022456346,196022456346,0,811017646483,811017646483,-28683698848,1007040102829,10848303490,501093124971,0,12264138227,827222120000,827222120000,34318678270,101620000000,18964991523,67882391454,167720683842,167720683842,-0.37290015014141564,8082913810,788879756,1.0994174938600934,2845282416,-256872778,8082913810,0,8082913810,-7307652182,775261628,-826872778,-81818182,-1888782509,823070575,41009181,-75200000,-34190819,788879756,0,788879756,788879756,32725520.0,0.0,-20122368532.0,-60053636.0,459090909.0,66440000000.0,-48605000000.0,0.0,0.0,4810018542.0,23044055815.0,0.0,0.0,0.0,0.0,0.0,2921687283.0,10156747472.0,13078434755.0,0.1252993698,0.2416993726,0.00039607045838395725,0.4604248456435163,0.013459061,47.4372519473,21.094878680919425,15505.577145832,40.2299106526,15566.901935165519,0.0235399171,-0.1478846726685559,0.0959136329080812,0.09759843721505673,-0.0018226735,0.0,-0.0013115309,-5358237586.0,-1195339063,0.0,3.0531324706,0.0667190637,0.4968277783,4.6534283325265395,1.2416993726290133,203958797640,82574412,-136.6782362392,0.2519351638,13.3209503619,25.8217470833,9.55356189517886,9804.1097653796,-54.4450520765
14,PXL,2016,3,574852679288,13849273232,25855000000,115470652590,412581568188,7096185278,408332762792,286826454,0,208138438186,18627537976,983185442080,160761678681,160761678681,0,822423763399,822423763399,-17277341512,983185442080,6745752784,412581568188,0,12264138227,827222120000,827222120000,0,101620000000,18627537976,67882391454,167720683842,167720683842,28.299047476318442,131766856810,11406357336,184.90158975431723,3626541245,-259695556,131766856810,0,131766856810,-122303212931,9463643879,-259695556,-23192799,-1432841705,11374455064,45002272,-13100000,31902272,11406357336,0,11406357336,11406357336,34393677.0,0.0,-16214386618.0,0.0,0.0,-57500000000.0,74000002600.0,0.0,0.0,485222495.0,16985225095.0,0.0,0.0,0.0,0.0,0.0,770838477.0,13078434755.0,13849273232.0,0.1235616048,0.1954730467,0.000348757497977166,0.4669002406527558,0.1302896825,465.4860309381,55.640552450506846,1276.9122676039,3.3182316616,1335.871051716007,0.2858457932,0.06077104340848396,0.07182112488761885,0.08656469169972911,0.0120626615,0.0,0.0090036275,3761956500.0,8007609375,0.0,3.5758066475,0.0861478516,1.0093892551,-30.8346030187748,1.1954730466646382,171011607252,82574412,17.3553877612,0.2083083061,1.1994024001,-2.5187089846,138.13428469826707,9941.994338824,72.3457574547
15,PXL,2016,4,577947740375,470014748,31340000000,127985750096,411145237787,7006737744,408171364488,252432777,0,208138438186,18304759428,986119104863,161398930448,161398930448,0,824720174415,824720174415,-14980749196,986119104863,13778051784,411145237787,0,12264138227,827222120000,827222120000,2686892179,101620000000,18304759428,67882391454,167720683842,167720683842,5.789566198446037,9945282439,2296592316,1.5792495849788066,3552053272,-256872778,9945282439,-670096755,9275185684,-7511964306,1763221378,-256872778,-58543536,-2719637849,2280220487,91671829,-75300000,16371829,2296592316,0,2296592316,2296592316,0.0,0.0,-8112364968.0,0.0,0.0,-44100000000.0,38615005400.0,0.0,0.0,218101084.0,-5266893516.0,0.0,0.0,0.0,0.0,0.0,-13379258484.0,13849273232.0,470014748.0,0.1232321477,0.1955389649,0.00030608294162205805,0.4682039418634027,0.1539219501,522.4506438977,112.34981619466954,1133.7564074076,12.0507429659,1258.1569665681695,0.3219386436,-0.10942745963035967,0.1901009249918969,0.24760607434109888,0.0196134999,0.0,0.0163927074,4608687128.0,-1014960007,0.0,3.5843583604,0.0029148956,1.034554472,3.9512166875074635,1.1957014457206474,156891382800,82574412,9.8130395314,0.1905989776,1.0432227002,-2.6677798667,27.81239684758518,9968.5739334678,55.9902117209
16,PXL,2017,1,586808491629,531655200,31700000000,122487823742,424029068770,8059943917,407657615822,218039100,0,207853438186,17951872243,994466107451,167724056366,167724056366,0,826742051085,826742051085,-12958695168,994466107451,10270383784,424029068770,0,12264138227,827222120000,827222120000,13062418323,101620000000,17951872243,67882391454,167720683842,167720683842,2.4868378502558324,4414748772,2119742181,0.30644460242472343,3035181316,-254050000,4414748772,0,4414748772,-3269042433,1145706339,-254050000,-54016269,-2141094528,1731726858,653315323,-265300000,388015323,2119742181,0,2119742181,2119742181,0.0,0.0,263944267.0,0.0,0.0,-56100000000.0,55740000000.0,0.0,0.0,157696185.0,-202303815.0,0.0,0.0,0.0,0.0,0.0,61640452.0,470014748.0,531655200.0,0.1229162105,0.2028735035,0.0002637329257824128,0.4693517864975262,0.1546683682,569.4467382275,160.64089963697847,1136.6930942577,4.7809705828,1302.1149644774785,0.3211069037,-0.23770423011513553,0.2595179019622818,0.4801501264226412,0.0202277734,0.0051142826,0.0167336825,4815025044.0,-1049404458,0.0,3.4986543036,0.0031698208,0.9705192349,4.130700484156662,1.2028735034656606,200077800276,82574412,12.0444835219,0.2424406977,1.3031013716,-4.5281657575,25.67069058875042,9994.1966141452,62.5471606739
17,PXL,2017,2,592942157407,417198880,23500000000,116608708929,443087264082,9328985516,406428544947,183645423,0,207853438186,17616763129,999370702354,168746630761,168746630761,0,830624071593,830624071593,-9076497300,999370702354,322499703,443087264082,0,12264138227,827222120000,827222120000,13062418323,101620000000,17616763129,67882391454,166696367685,166696367685,0.4574719195230414,11780619906,3882197868,3.921152860715569,4734163546,-256872779,11780619906,0,11780619906,-9877323412,1903296494,-256872779,-76722570,-2360766823,3943097868,25000000,-85900000,-60900000,3882197868,0,3882197868,3882197868,0.0,0.0,-8154174493.0,-3000000.0,0.0,-41200000000.0,49400000000.0,0.0,0.0,190760273.0,8387760273.0,0.0,0.0,0.0,-348042100.0,-348042100.0,-114456320.0,531655200.0,417198880.0,0.122341747,0.2031564417,0.0002210933071657776,0.4715556580173777,0.1586997758,668.4242729858,211.25003345006823,1079.2373465742,5.3217196154,1295.8090996396684,0.3382017877,-0.04534505851665154,0.1615616588249851,0.32954105123303007,0.0238521165,0.0058021844,0.0198881523,5443445688.0,-534192899,0.0,3.5138014592,0.002472339,0.8880467281,2.079601042506727,1.2031564416829046,190003722012,82574412,9.6424656466,0.2291575892,1.2083874989,-5.897626386,47.014538450482696,10041.1250075494,53.4967261222
18,PXL,2017,3,599180654356,499977055,15900000000,116480203956,456247841890,10052631455,406012217610,149251746,0,207853438186,17234829469,1005192871966,172544654564,172544654564,0,832648217402,832648217402,-7052170191,1005192871966,357699703,456247841890,0,12264138227,827222120000,827222120000,13338918323,101620000000,17234829469,67882391454,166696367685,166696367685,-0.9528596997198115,6211529197,2024327109,-0.8225264166842335,3702542675,-259695556,6211529197,0,6211529197,-5346959767,864569430,-259695556,-95774639,-2221839801,1989802109,115000000,-80475000,34525000,2024327109,0,2024327109,2024327109,0.0,0.0,-8038297757.0,0.0,0.0,-22500000000.0,30100000000.0,0.0,0.0,173033832.0,7773033832.0,0.0,0.0,0.0,348042100.0,348042100.0,82778175.0,417198880.0,499977055.0,0.1220443374,0.2072239524,0.00017924946319550182,0.4727047908700478,0.0318001513,157.746100459,1070.7926531320147,6086.2226259481,47.848963559,7204.864242639115,0.0599715164,-0.23392709973926892,0.13918785577270787,0.32589834882812674,0.0124569367,-0.0043366587,0.0103613291,-4017208697.0,-1453045010,0.0,3.4726120949,0.0028976676,0.8283815736,5.595186272652274,1.207223952394167,190086296424,82574412,18.4141125725,0.2286998615,5.9998041502,-7.906790185,24.515186484161703,10065.594201011,-72.4897164507
19,PXL,2017,4,608602832728,400469638,34900000000,162287078598,401289744167,9725540325,405605426184,114858069,0,207853438186,16862431720,1014208258912,177964821040,177964821040,0,836243437872,836243437872,-3456926246,1014208258912,342299703,401289744167,0,12264138227,827222120000,827222120000,1058000000,101620000000,16862431720,67882391454,166696367685,166696367685,15.868124087973928,167758258271,3595243945,0.5654689428125736,670695034,-259695556,167758258271,0,167758258271,-163265919761,4492338510,-259695556,-104004355,-1895838417,2903495216,709550983,-17802254,691748729,3595243945,0,3595243945,3595243945,0.0,0.0,18749719391.0,0.0,0.0,-50950000000.0,31950000000.0,0.0,0.0,150773192.0,-18849226808.0,0.0,0.0,0.0,0.0,0.0,-99507417.0,499977055.0,400469638.0,0.1221227724,0.2138708654,0.00013735003923293066,0.47474584242685736,0.188354438,1035.5017459161,158.17153951317172,903.2913779416,24.3466513113,1085.8095687660718,0.404077808,0.0148576634240776,0.026778643008697596,0.02143109961950232,0.0140644674,-0.0005827644,0.0115108532,-406571921.0,2492495738,0.0,3.3965860736,0.0022502742,1.1417036658,-9.597760456093441,1.2128146099332864,242768771280,82574412,20.9269948739,0.2922718132,1.2766206817,171.2832948793,43.53944349007293,10059.1294375929,-845.8252438564
20,PXL,2018,1,632068458671,782589507,44200000000,176459045363,399788769516,10838054285,405217385663,80464392,0,207853438186,16508784876,1037285844334,201151210276,201151210276,0,836134634058,836134634058,-3565730060,1037285844334,1525907138,399788769516,0,12264138227,827222120000,827222120000,17386438453,101620000000,16508784876,67882391454,166696367685,166696367685,3.9029277858984814,21645194422,4021196186,0.8970213557306194,3352146472,-254050000,21645194422,-992034315,20653160107,-18295499831,2357660276,-254050000,-98889188,-1894167651,3462699909,613496277,-55000000,558496277,4021196186,0,4021196186,4021196186,0.0,0.0,9382973229.0,0.0,0.0,-56250000000.0,46950000000.0,0.0,0.0,299146640.0,-9000853360.0,0.0,0.0,0.0,0.0,0.0,382119869.0,400469638.0,782589507.0,0.1215354512,0.2405727524,9.623377470860566e-05,0.4746840731429415,0.2035509195,1563.0132297885,210.56435616691968,788.4858534366,26.9001559505,1025.9503655540198,0.4629125537,0.017653639206351986,0.11415494112210535,0.1947012546829137,0.0162162861,0.0009276001,0.0133360679,938648620.0,364603437,0.0,3.1422553103,0.0038905533,1.154751636,-1.4351640897461129,1.2405727523805057,206436030000,82574412,15.2655891923,0.2473352037,1.0001572769,17.2891306528,48.69784826321258,10107.7402772789,327.3572601566
21,PXL,2018,2,617941866958,354384517,70650000000,137921974877,399687046969,9328460595,404832146015,46070715,0,207853438186,16157938905,1022774012973,185170616648,185170616648,0,837603396325,837603396325,-2096967793,1022774012973,917766744,399687046969,0,12264138227,827222120000,827222120000,7636254208,101620000000,16157938905,67882391454,166696367685,166696367685,-0.6579055511376415,4030084674,1468762267,-0.62166733460274,1955436822,-256872778,4030084674,0,4030084674,-2470259201,1559825473,-256872778,-69667556,-1706106365,1482615596,3066671,-16920000,-13853329,1468762267,0,1468762267,1468762267,0.0,0.0,26033305785.0,0.0,0.0,-74800000000.0,48350000000.0,0.0,0.0,356770725.0,-26093229275.0,0.0,0.0,0.0,-368281500.0,-368281500.0,-428204990.0,782589507.0,354384517.0,0.0,0.0,5.500301837616238e-05,0.47551790782336195,0.0,0.0,0.0,0.0,0.0,0.0,0.0,-0.0535840969777103,0.387045335067816,0.3644494807952018,0.0,0.0,0.0,0.0,-215948448,0.0,0.0,0.0,0.0,0.8406824953635219,1.221071950591938,231043204776,82574412,20.7968487442,0.2758384288,1.1630489712,5.0087735033,17.787135644393082,10143.6192645853,271.8273905819
22,PXL,2018,3,612603838876,481440971,68580000000,142366122718,392249230414,8927044773,404445482169,11677084,0,207853438186,15805668690,1017049321045,178913238362,178913238362,0,838136082683,838136082683,-1564281435,1017049321045,8380832384,392249230414,0,12264138227,827222120000,827222120000,8376016841,101620000000,15805668690,67882391454,166696367685,166696367685,0.6054474849472401,9972283927,1019660795,-0.4962964283456622,1735305653,-432395264,9972283927,0,9972283927,-8474383565,1497900362,-432395264,-44191637,-1714088319,1042530795,6000000,-28870000,-22870000,1019660795,0,1019660795,1019660795,0.0,0.0,-2510413592.0,0.0,0.0,-46630000000.0,48700000000.0,0.0,0.0,199188546.0,2269188546.0,0.0,0.0,0.0,368281500.0,368281500.0,127056454.0,354384517.0,481440971.0,0.1212452275,0.2134656198,1.3932205331883449e-05,0.47582032052081946,0.1978959492,3199.3294981244,235.5919119746231,755.106607575,41.0613432978,1031.7598628474232,0.483375455,-0.02611032697284332,0.15020634921398784,0.10224947489102915,0.012072292,0.0025333926,0.0098793245,2380771133.0,-260379594,0.0,3.4240274475,0.0026909187,1.2316283048,0.6021795696633717,1.2134656197944274,250200468360,82574412,24.7604013613,0.2985201014,1.236084123,4.8436286079,12.348386991844398,10150.0702503701,147.5736254187
23,PXL,2018,4,610246432942,1428076629,80774330959,118031556499,400860449137,9152019718,404157172005,48417057,0,207853438186,15480618553,1014403604947,173571185779,173571185779,0,840832419168,840832419168,1132055050,1014403604947,1151659884,400860449137,0,12264138227,827222120000,827222120000,8369208022,101620000000,15480618553,67882391454,166696367685,166696367685,-0.974889827103503,4212438870,2696336485,-0.25002683371461737,5286304479,-528013817,4212438870,0,4212438870,-3742623267,469815603,-528013817,-47496495,-2190748687,2989861083,4869912,-298394510,-293524598,2696336485,0,2696336485,2696336485,0.0,0.0,12696401752.0,0.0,0.0,-46900000000.0,34900000000.0,0.0,0.0,250233906.0,-11749766094.0,0.0,0.0,0.0,0.0,0.0,946635658.0,481440971.0,1428076629.0,0.1250730454,0.209764808,5.758229094913879e-05,0.477351064414362,0.0469694822,573.3262140207,878.5180418655622,3601.5899409978,150.5029883751,4630.610971238462,0.1013441302,-0.41981133342832344,0.11153054501180215,0.6400891664452807,0.0001633174,-0.0016235385,0.0001347678,-1373443972.0,-1768429579,0.0,3.5425114761,0.0083792166,1.2315926631,3.349210801049928,1.2064277991930281,534421594464,82574412,3979.4374043334,0.6577616251,11.4180560304,13.025175392,32.653414292553485,9839.430810576,-436.9995430997
24,PXL,2019,1,614630703430,5619956227,86480557808,114068819767,398839337830,9622031798,348622406444,39729251,0,152631952545,15135730539,963253109874,137656083903,137656083903,0,825597025971,825597025971,-14103338147,963253109874,1088489478,398839337830,0,12264138227,827222120000,827222120000,1665495035,71392750000,15135730539,67882391454,166696367685,166696367685,-0.7275140191854637,5898012032,13111812373,2.2606746267813156,14758432115,-415438555,5898012032,0,5898012032,-5626761497,271250535,-415438555,-25573364,-1720792162,12867878569,275233804,-31300000,243933804,13111812373,0,13111812373,13111812373,0.0,0.0,9723385296.0,0.0,0.0,-39006226849.0,33366844932.0,0.0,0.0,107876219.0,-5531505698.0,0.0,0.0,0.0,0.0,0.0,4191879598.0,1428076629.0,5619956227.0,0.0864740881,0.1667351984,4.8121843647963354e-05,0.4687017414415923,0.0240079047,661.1046874703,1511.8167079354591,7149.5812761625,283.2196677221,8944.61765182006,0.0510519408,-0.25010376089378583,0.04599016304617806,2.2230901364495557,0.0218978422,-0.0041470624,0.0182169636,-3688512421.0,-1475114991,0.0488122356,4.4649730401,0.040826065,1.5676122659,3.550741675865881,1.1667351983748975,507502336152,82574412,27.7375640842,0.6147095014,21.046992704,11.0464244693,158.78783821070382,9998.2186487867,-155.4217702131
25,PXL,2019,2,617647111150,491872702,113683478356,88862383848,404341195483,10268180761,343213023693,987150807,0,152631952545,14778926232,960860134843,138962829962,138962829962,0,821897304881,821897304881,-17803059237,960860134843,904393954,404341195483,0,12264138227,827222120000,827222120000,1633304531,71392750000,14778926232,67882391454,160696367685,160696367685,0.9000101415735168,7657201752,-3699721090,-3.5189380018298086,-1579610509,-313083659,7657201752,-757628216,6899573536,-6155984495,743589041,-313083659,-23273770,-2486212568,-3658591465,370675,-41500300,-41129625,-3699721090,0,-3699721090,-3699721090,0.0,0.0,22708426809.0,-1025923173.0,0.0,-92314096439.0,65044330959.0,0.0,30227250000.0,460099469.0,2391660816.0,0.0,0.0,-30227250000.0,-921150.0,-30228171150.0,-5128083525.0,5619956227.0,491872702.0,0.086863346,0.1690756608,0.0012010634432521063,0.46660136357783766,0.0272854071,99.2932799686,1132.0636985867661,6069.2909211205,194.6353388951,7395.989958602366,0.060138821,-0.2559429633999918,0.10777318875147358,-0.5362246044187969,0.0157862441,-0.0058993397,0.0132755595,-5181074280.0,-1765897297,0.0564546481,4.4446929536,0.0035395991,1.5349854038,5.6403368436421655,1.1690756608358996,438800425368,82574412,33.4245479273,0.5338871691,16.2625235555,10.2961772461,-44.80469191836328,9953.4139568684,-98.377532365
26,PXL,2019,3,622204369880,994884280,120577251507,87006224829,403452615396,10173393868,343760068588,966769444,0,152631952545,14484754648,965964438468,142820617849,142820617849,0,823143820619,823143820619,-16556543499,965964438468,927830426,403452615396,0,12264138227,827222120000,827222120000,4496508672,71392750000,14484754648,67882391454,160696367685,160696367685,-0.8601036222782629,1395086399,1246515738,0.22248079372317145,3163816235,-315592576,1395086399,0,1395086399,-1349939422,45146977,-315592576,-63592685,-1540205213,1289572738,0,-43057000,-43057000,1246515738,0,1246515738,1246515738,0.0,0.0,5947843761.0,1025923173.0,0.0,-47083155068.0,40256226849.0,0.0,-30227250000.0,355251713.0,-35673003333.0,0.0,0.0,30227250000.0,921150.0,30228171150.0,503011578.0,491872702.0,994884280.0,0.0,0.0,0.001174484239307044,0.46730902612839953,0.0,0.0,0.0,0.0,0.0,0.0,0.0,-1.1172432919690445,0.03236142007574686,0.8935043298347001,0.0,0.0,0.0,0.0,-1558650921,0.0412995595,0.0,0.0,0.0,4.938807308952667,1.173506274689154,599820528768,82574412,44.9137451236,0.7286946871,32.5898895193,11.7436731953,15.095665930990826,9968.5096227994,-103.7673234895
27,PXL,2019,4,613223201058,605906361,115390000000,85481703233,400078916516,11666674948,345044754388,941611200,0,152631952545,14119573828,958267955446,133989128644,133989128644,0,824278826802,824278826802,-15421537316,958267955446,1079395856,400078916516,0,12264138227,827222120000,827222120000,1669232216,71392750000,14119573828,67882391454,160696367685,160696367685,-0.04939436236851551,4004368138,1135006183,-0.5790561788878512,2571151030,-315592576,4004368138,0,4004368138,-3499204050,505164088,-315592576,-49992660,-1416723699,1294006183,0,-159000000,-159000000,1135006183,0,1135006183,1135006183,0.0,0.0,-6365782455.0,-90909091.0,0.0,-77860000000.0,83047251507.0,0.0,0.0,880462120.0,5976804536.0,0.0,0.0,0.0,0.0,0.0,-388977919.0,994884280.0,605906361.0,0.0880950327,0.1615373085,0.0011423454896363418,0.4679533833120914,0.0189135525,14.11437733,1285.7696619768133,8711.7189871532,190.2425146745,10187.731163804514,0.0418975865,-0.24012584204614407,0.12615325828966029,0.2834420172883715,-0.0025622603,-0.0065334805,-0.0021610013,-5602782351.0,-961552271,0.0,4.6721480572,0.0046283904,1.6160299573,3.0468152425740205,1.1625531607597457,648539431848,82574412,-312.4858492462,0.8002647672,35.6398308794,34.9904538751,13.745252984665516,9814.2518851966,-128.3179057348
28,PXL,2020,1,611480267797,1404223191,104020000000,91845844583,403890798845,10319401178,332529371030,4603914636,0,138761067512,13810163200,944009638827,130316903336,130316903336,0,813692735491,813692735491,-26007628627,944009638827,995345856,403890798845,0,12264138227,827222120000,827222120000,1669232216,71392750000,13810163200,67882391454,157616192652,157616192652,-0.9765714582726711,138181821,3286656851,-0.7493361895745303,5532072407,-308008180,138181821,0,138181821,0,138181821,-308008180,-54591864,-1709167333,3598486851,38170000,-350000000,-311830000,3286656851,0,3286656851,3286656851,0.0,0.0,-10912268021.0,0.0,0.0,-38780000000.0,50150000000.0,0.0,0.0,340584851.0,11710584851.0,0.0,0.0,0.0,0.0,0.0,798316830.0,605906361.0,1404223191.0,0.0877392004,0.1601549303,0.005658050557895047,0.4619435270790341,0.0129922988,6.6336685402,1267.0826688147206,13364.0810184502,228.3139027201,14859.477589985021,0.0273120164,-11.764046560075366,1.0,23.785016199779275,0.0023983553,-0.0066792168,0.0020563125,-5647134838.0,-1625577376,0.0,4.692255971,0.0107754493,1.5929588844,5.277708455665041,1.160154930297324,888665821944,82574412,451.4528455807,1.0921393091,71.452184977,78.1023582425,39.80236457511801,9854.0542497717,-169.7594224778
29,PXL,2020,2,560723711615,13934278743,43900000000,85117506547,407308501182,10463425143,332340150182,4411166149,0,138761067512,13413064690,893063861797,76367177514,76367177514,0,816696684283,816696684283,-23003679835,893063861797,991037984,407308501182,0,12264138227,827222120000,827222120000,1689269721,19202750000,13413064690,67882391454,156058034395,156058034395,-0.8870315440266331,865022259,3003948792,1.811939256750838,4352842752,-231624450,865022259,-735567716,129454543,0,129454543,-231624450,-40871705,-1220509652,2989291488,40157304,-25500000,14657304,3003948792,0,3003948792,3003948792,0.0,0.0,6591165577.0,-5230186488.0,0.0,-1000000000.0,61120000000.0,0.0,0.0,3273255513.0,58163069025.0,0.0,0.0,-52190000000.0,-34179050.0,-52224179050.0,12530055552.0,1404223191.0,13934278743.0,0.0235127072,0.0935073926,0.005401229408532106,0.463648906320627,0.006026727,2.0751996747,2460.524761427907,30385.6112456212,323.9720461526,33170.10805320171,0.0120122645,-8.743816846968437,1.0,23.204661052335567,0.0105828246,-0.0063138066,0.0092224645,-4858621585.0,-1131926814,0.0,7.3424700227,0.1824642366,2.0089155502,4.88690556631651,1.0935073926264862,759106569516,82574412,87.5340640361,0.929484084,133.9499547082,-160.1814686581,36.37868825514616,9890.4329380269,-157.3234357524
30,PXL,2020,3,532604252796,1380637838,36965000000,72564188281,411078764185,10615662492,334390880998,4241652991,0,138761067512,13125824805,866995133794,58006251633,58006251633,0,808988882161,808988882161,-30711481957,866995133794,904530484,411078764185,0,12264138227,827222120000,827222120000,1814354479,0,13125824805,67882391454,156058034395,156058034395,-0.9226723254722233,107878787,2057197878,0.6503585276032833,3775977950,-88936534,107878787,0,107878787,0,107878787,-88936534,-34365200,-1645607125,2114947878,0,-57750000,-57750000,2057197878,0,2057197878,2057197878,0.0,0.0,-2906448183.0,4780259349.0,0.0,-12650000000.0,19585000000.0,0.0,0.0,-2193881121.0,9521378228.0,0.0,0.0,-19202750000.0,34179050.0,-19168570950.0,-12553640905.0,13934278743.0,1380637838.0,0.0,0.0717021617,0.00524315362612839,0.45927309080334155,0.0047837037,1.2339137544,2979.6307032808227,42306.7853077702,170.8671758042,45457.283186855224,0.0086274577,-14.572777296800714,1.0,19.06953104691472,0.0116223112,-0.0065404483,0.0103571143,-4757432407.0,-1572093538,0.0,9.1818422636,0.0238015352,2.0950412273,17.676577524372604,1.071702161688615,902290599924,82574412,95.1501325122,1.1153312732,206.0079094322,-66.3774362389,24.913260999061066,9797.0892261516,-189.3689463166
31,PXL,2020,4,532848479360,1815929182,31975000000,75315783391,413123185603,10618581184,336259765942,4072139833,0,138761067512,12775231132,869108245302,58570628819,58570628819,0,810537616483,810537616483,-29162747635,869108245302,952425000,413123185603,0,12264138227,827222120000,827222120000,1842395703,0,12775231132,67882391454,156058034395,156058034395,-0.702833473599075,1189964170,1548734322,0.36451619841087685,3366218107,-61234176,1189964170,0,1189964170,-991604117,198360053,-61234176,-93427973,-1768688237,1641227774,106549,-92600001,-92493452,1548734322,0,1548734322,1548734322,0.0,0.0,-4329725570.0,-400661031.0,0.0,-5000000000.0,9990000000.0,0.0,0.0,175677945.0,4765016914.0,0.0,0.0,0.0,0.0,0.0,435291344.0,1380637838.0,1815929182.0,0.0,0.0735255495,0.005023998578461297,0.46015232661805155,0.0007484418,0.2051403789,18935.07273021094,149665.9615388804,929.6504960457,169530.68476513703,0.0024387643,-1.3981565150822985,0.16669413920252743,1.3014966005236948,0.0101024477,-0.0086813376,0.0090396188,-6375068309.0,-1663756157,0.0,8.9577588538,0.0305357552,2.0108863768,27.170385325345116,1.0722614566281865,860838245100,82574412,105.4372466238,1.0643135462,1271.1871198506,-69.2261577423,18.75562034883155,9795.0458648982,-134.8154350046
32,PXL,2021,1,532886350700,1617835237,25580000000,78847845957,416217749848,10622919658,337818131887,3902626675,0,138081921218,12409418267,870704482587,58832195974,58832195974,0,811872286613,811872286613,-27828077505,870704482587,852425000,416217749848,0,12264138227,827222120000,827222120000,1842395703,0,12409418267,67882391454,156058034395,156058034395,8.847584524161105,1360757162,3052133806,-0.07135610915044079,3215261211,0,1360757162,0,1360757162,-95844025,1264913137,0,0,-1327640542,3152533806,0,-100400000,-100400000,3052133806,0,3052133806,3052133806,0.0,0.0,-6344244137.0,-408332222.0,0.0,-9560000000.0,15955000000.0,0.0,0.0,159483414.0,6146151192.0,0.0,0.0,0.0,0.0,0.0,-198092945.0,1815929182.0,1617836237.0,0.0,0.0724648408,0.004806946535003834,0.46091003551779636,0.003186465,0.6707058309,4116.948316820026,138264.2468339814,131.6388439388,142512.8339947402,0.0026398726,-0.04609742777896178,0.9295656655893464,2.242967291470335,0.0118986833,-0.0054571439,0.0110427073,-3729215953.0,-62727405,0.0,9.0577334719,0.0274991475,1.9830740451,0.0,1.0724648407687845,693377337564,82574412,71.763224551,0.854047304,248.6957472586,-99.2062250027,36.962222704050255,9832.0080876022,-185.4973031987
33,PXL,2021,2,465747895597,1684736585,21360000000,81234880237,350703498123,10764780652,398487374248,3733113517,67055116555,139515706265,12043605402,864235269845,49185278823,49185278823,0,815049991022,815049991022,-24650373096,864235269845,800450000,350703498123,0,12264138227,827222120000,827222120000,1895432141,0,12043605402,67882391454,145670312686,145670312686,0.4849941277638267,1284552975,3177704409,0.057842403127090325,3146616582,0,1284552975,0,1284552975,-1459413988,-174861013,1411104257,0,-1125655417,3257204409,0,-79500000,-79500000,3177704409,0,3177704409,3177704409,0.0,0.0,-3744577327.0,-941800743.0,0.0,-14600000000.0,18820000000.0,0.0,0.0,553589168.0,3831788425.0,0.0,0.0,0.0,-20310750.0,-20310750.0,66900348.0,1617836237.0,1684736585.0,0.0,0.0718527822,0.004580226437790654,0.46271405799296605,0.0045318705,0.9889074721,2759.539980149079,128508.8955715527,100.2637307419,131368.69928244367,0.0028402703,-1.0124272453613679,-0.13612596475439248,2.4737822969114993,0.0120664359,-0.0039639173,0.011255265,-2552569132.0,-1300516430,0.0,9.1047940119,0.0287691406,1.9476359312,0.0,1.0603463338013488,817486678800,82574412,83.475458545,1.0030420833,207.3180166512,-48.381665603,38.48291900643507,9869.9747148184,-319.6003320685
34,PXL,2021,3,536329187900,4832720110,18600000000,80111277302,422038063758,10747126730,330424374953,3563600359,0,138081921218,11678530037,866753562853,48997271881,48997271881,0,817756290972,817756290972,-21944073146,866753562853,800450000,422038063758,0,12264138227,827222120000,827222120000,1888432141,0,11678530037,67882391454,145670312686,145670312686,7.8021830649616035,949568832,2748932441,0.3362508635642293,3144459331,-22680790,949568832,0,949568832,0,949568832,-22680790,0,-1320414932,2750932441,0,-2000000,-2000000,2748932441,0,2748932441,2748932441,0.0,0.0,304973759.0,-562011.0,0.0,0.0,2760000000.0,0.0,0.0,83571777.0,2843009766.0,0.0,0.0,0.0,0.0,0.0,3147983525.0,1684736585.0,4832720110.0,0.0,0.0599167165,0.004357777981462228,0.4642504582700097,0.0054996076,1.2532755224,2186.6636419696756,129357.5414164166,113.3852755096,131657.59033389587,0.0028216368,-0.3905415673963486,1.0,2.8949269904006285,0.012883949,-0.0024816371,0.0120511129,-1351321694.0,-370846100,0.0,10.9461030647,0.0986324325,2.332601791,16.350669443171952,1.059916716535144,1286674487784,82574412,122.7172280235,1.5734204701,268.9063048476,-94.0194190442,33.29036652419638,9903.2650813426,-948.5837261146
35,PXL,2021,4,467893445428,1710546144,25750000000,73294499655,356415903838,10722495791,400494897658,3396542765,65686644789,139515706265,11326313788,868388343086,49761994308,49761994308,0,818626348778,818626348778,-21074015340,868388343086,852425000,356415903838,0,12264138227,827222120000,827222120000,1798077821,0,11326313788,67882391454,145670312686,145670312686,0.007870944551212832,1199330312,804744525,-0.4803856842529509,3110717670,0,1199330312,0,1199330312,-1338866628,-139536316,0,-272644981,-1780291848,918244525,0,-113500000,-113500000,804744525,0,804744525,804744525,0.0,0.0,5028041664.0,-1115288076.0,0.0,-11550000000.0,4400000000.0,0.0,0.0,115072446.0,-8150215630.0,0.0,0.0,0.0,0.0,0.0,-3122173966.0,4832720110.0,1710546144.0,0.0,0.0609753716,0.0041490757902798645,0.4647444009514861,0.0055349526,1.2908763637,2136.2524385182583,48526.2043774508,40.8463613774,50703.30317734645,0.0075217092,-1.8280811575118432,-0.11634519248271948,0.6709949018615315,0.0178304809,-0.0047368646,0.0167078079,-487658844.0,-2192473145,0.0,9.6672271527,0.0340709694,2.5680703143,0.0,1.0607871886634017,955551095664,82574412,65.6673803115,1.160534529,198.2235539461,-155.0767352082,9.745688833969535,9971.2673000324,-1954.968837077
36,PXL,2022,1,482719930879,2193252519,14150000000,93989443658,359099535853,13287698849,390229446480,3230712941,65002408907,144677918962,10960839357,872949377359,49449165455,49449165455,0,823500211904,823500211904,-16200152214,872949377359,25668713750,359099535853,0,12264138227,827222120000,827222120000,1798077821,0,10960839357,67882391454,128243258499,128243258499,0.3217253197157892,1798547195,128677709,-0.9578400826506883,2592429462,0,1798547195,0,1798547195,-704091919,1094455276,0,-66313045,-3328891222,291680471,0,-73000000,-73000000,218680471,-90002762,128677709,128677709,0.0,0.0,-10096615618.0,-1058490295.0,0.0,-1500000000.0,13100000000.0,0.0,0.0,37812288.0,10579321993.0,0.0,0.0,0.0,0.0,0.0,482706375.0,1710546144.0,2193252519.0,0.0,0.0600475443,0.003923147674158246,0.4675113539113971,0.0060109264,1.503019461,1800.942559949032,66566.8740980412,59.0809544656,68426.89761245582,0.0054832078,-1.2792263652553193,0.6085218553300182,0.07154536136595514,0.008326907,-0.0058240579,0.0078323882,-703019752.0,-2300748991,0.0,9.7619429254,0.0443536812,2.4999490667,0.0,1.060047544299557,713938366152,82574412,104.7225601058,0.8669558985,136.4561276301,-88.3608570321,1.5583242542496094,9972.8256242866,-1012.4112610039
37,PXL,2022,2,474052427158,3242597154,18000000000,77523088668,361727942397,13558798939,398632514121,5709850579,64318173025,149506141998,10607632536,872684941279,49232297161,49232297161,0,823452644118,823452644118,-16247720000,872684941279,25679988750,361727942397,0,12264138227,827222120000,827222120000,1813900821,0,10607632536,67882391454,127218942920,127218942920,0.4223194251681212,1827044649,-47567786,-1.0149692293170116,2590229292,0,1827044649,0,1827044649,-704091919,1122952730,4828223036,-7000000,-8417402790,117002268,0,-113000000,-113000000,4002268,-51570054,-47567786,-47567786,0.0,0.0,6314150484.0,-1624261159.0,0.0,-17200000000.0,13350000000.0,0.0,0.0,265363760.0,-5208897399.0,0.0,0.0,0.0,-55908450.0,-55908450.0,1049344635.0,2193252519.0,3242597154.0,0.0,0.0597876484,0.006934036364794019,0.46748434908527325,0.0066358658,1.4526375757,1560.2449451194955,49802.3001858632,43.2433444121,51405.788475394795,0.0073289788,-3.9963172569407743,0.6146279624937617,-0.026035371399399227,0.0044281639,-0.0147737923,0.0041769843,-11459503904.0,-7301450060,0.0,9.6288910836,0.0658632106,2.2815202873,0.0,1.0597876484005133,573561865752,82574412,157.7979351383,0.6965329091,99.3268267184,369.9085865328,-0.5760596393953129,9972.2495646472,-49.768233719
38,PXL,2022,3,471070449249,2421756313,15000000000,75871162241,364179068722,13598461973,401773428821,5432585433,63633937143,149506141998,10244244182,872843878070,49308247586,49308247586,0,823535630484,823535630484,-16164733634,872843878070,25668713750,364179068722,0,12264138227,827222120000,827222120000,1813900821,0,10244244182,67882391454,127218942920,127218942920,0.8790508069245474,1784288080,82986366,-0.9698114203309371,2595555365,0,1784288080,0,1784288080,-704091919,1080196161,0,-53454545,-3149999913,472297068,28000000,-372336190,-344336190,127960878,-44974512,82986366,82986366,0.0,0.0,-2394770378.0,-1289708368.0,0.0,0.0,3000000000.0,0.0,0.0,-192270545.0,1518021087.0,0.0,0.0,0.0,55908450.0,55908450.0,-820840841.0,3242597154.0,2421756313.0,0.0,0.0598738485,0.006596661069548644,0.4675314614815593,0.0075818333,1.4877489921,1315.8251959191348,38111.959450903,30.5768224766,39458.36146929873,0.0095770463,-1.1899750498809587,0.605393362825133,0.04650951095296226,0.001178239,-0.0169002166,0.0011114171,-12180035089.0,-2123258297,0.0,9.5535832708,0.0491146295,2.167819498,0.0,1.0598738485146308,420221182668,82574412,433.7360447616,0.5102647258,63.5811492845,-365.6660566007,1.0049888820280064,9973.2545535292,-34.3019887301
39,PXL,2022,4,475205012130,2876771837,9260000000,80149612380,369356896767,13561731146,398411297865,5157097180,62949701261,145097191998,9880855828,873616309995,49926014371,49926014371,0,823690295624,823690295624,-16010068494,873616309995,31605629740,369356896767,0,12264138227,827222120000,827222120000,1813900821,0,9880855828,67882391454,127218942920,127218942920,0.8956734247870823,2273538600,154665140,-0.8078083973295749,5083762490,0,2273538600,0,2273538600,-704091919,1569446681,-4408950000,-33090908,-1858814040,352354223,44000000,-50000000,-6000000,346354223,-191689083,154665140,154665140,0.0,0.0,-5345491028.0,-62675438.0,0.0,-11260000000.0,17000000000.0,0.0,0.0,123181990.0,5800506552.0,0.0,0.0,0.0,0.0,0.0,455015524.0,2421756313.0,2876771837.0,0.0,0.060753708,0.006260966296917651,0.46761926681294724,0.0087925986,1.7965260575,1180.0115181150586,47029.9163135305,47.5419347653,48257.46976641086,0.0077610174,-0.1418310060801255,0.6903101099757004,0.06802837655802281,0.0008355641,-0.0146994205,0.0007876257,-8454061004.0,-322458267,0.0,9.491819996,0.0574610952,2.1142269806,0.0,1.0606126048057636,425010498564,82574412,617.5079355931,0.5157520095,55.3152867095,-32.6766309746,1.8730395561278717,9979.6024155885,-49.9864789302
40,PXL,2023,1,473817142135,2013089047,6760000000,78729022397,372885529748,13429500943,400717868513,4883415379,62265465379,145387489997,9705479872,874535010648,50343589019,50343589019,0,824191421629,824191421629,-15508942489,874535010648,31567629740,372885529748,0,12264138227,827222120000,827222120000,1799900821,0,9705479872,67882391454,127218942920,127218942920,0.7898270331460499,3219088390,131620168,0.02286688986668235,3559611654,0,3219088390,0,3219088390,-704091919,2514996471,0,-166363637,-5647743508,260500980,0,-35500000,-35500000,225000980,-93380812,131620168,131620168,0.0,0.0,-2545491400.0,-821662001.0,0.0,-1500000000.0,4000000000.0,0.0,0.0,3470611.0,1681808610.0,0.0,0.0,0.0,0.0,0.0,-863682790.0,2876771837.0,2013089047.0,0.0,0.0610823987,0.005925098527897821,0.4679037623038908,0.0104233466,1.7191109516,955.0598740209616,47567.8787701377,40.5110374565,48563.44968161516,0.0076732453,-1.0248586787018918,0.7812759906850523,0.04088740415108639,0.0003905512,-0.0158291836,0.0003683267,-11308381894.0,-3299110674,0.0,9.4116679277,0.0399869991,2.0048553223,0.0,1.0610823986974978,815174595264,82574412,2533.9283287245,0.9890597911,89.54066367,-205.2508104219,1.5939582833481152,9981.1963738718,-71.9078568304
41,PXL,2023,2,476002115476,1748555889,3120000000,81581175431,376159320468,13393063688,398700527022,4609733578,61581229497,141905206761,9304236641,874702642498,50344199522,50344199522,0,824358442976,824358442976,-15341921142,874702642498,31504654740,376159320468,0,12264138227,827222120000,827222120000,1799900821,0,9304236641,67882391454,127218942920,127218942920,0.4383423078567578,2627915617,167021347,4.511228102985496,3201762324,0,2627915617,0,2627915617,-704091919,1923823698,-3482283236,-105272727,-1254614307,283415752,14000000,-42300000,-28300000,255115752,-88094405,167021347,167021347,0.0,0.0,-4840593869.0,821662001.0,0.0,-3120000000.0,6760000000.0,0.0,0.0,124478710.0,4586140711.0,0.0,0.0,0.0,-10080000.0,-10080000.0,-264533158.0,2013089047.0,1748555889.0,0.0,0.0610707635,0.00559190436790881,0.4679985824082931,0.0113337378,1.9727956494,888.96799551232,48035.4538173166,40.3262845416,48964.748097370524,0.0075985542,0.21459466215425288,0.7320720975798364,0.06355658679431639,0.0006508853,-0.0062847547,0.0006136606,2761585251.0,563936664,0.0,9.4549544932,0.0347320229,1.9832035459,0.0,1.0610707635142953,781897107228,82574412,1457.9662173676,0.948491659,78.9409866697,-51.6910741257,2.022676794840513,9983.2190506667,282.5002599708
42,PXL,2023,3,474058674951,1591205592,9620000000,70794644266,378786392569,13266432524,400023377531,4336051777,60896993615,141905206761,8950344784,874082052482,49606046843,49606046843,0,824476005639,824476005639,-15224358479,874082052482,31630824740,378786392569,0,12264138227,827222120000,827222120000,1792900821,0,8950344784,67882391454,127218942920,127218942920,0.8994069668391216,3389089210,117562663,0.41665033265825857,2660310788,0,3389089210,0,3389089210,-704091919,2684997291,0,-95454545,-4999799436,250054098,0,-34000000,-34000000,216054098,-98491435,117562663,117562663,0.0,0.0,7957509071.0,-1625335879.0,0.0,-8000000000.0,1500000000.0,0.0,0.0,396511.0,-8124939368.0,0.0,0.0,0.0,10080000.0,10080000.0,-157350297.0,1748555889.0,1591205592.0,0.0,0.0601667562,0.005259160663674374,0.46806532420016406,0.0131653902,2.4248290781,777.6260874996707,48508.7294881025,39.2296290405,49325.58520464267,0.0075244189,-0.7111812468341605,0.7922474519341437,0.03468857138759118,0.0006926521,-0.0066319565,0.0006529937,-1634411783.0,-2410256690,0.0,9.5564695258,0.0320768473,1.920578003,0.0,1.0601667562230066,699405269640,82574412,1225.1582763115,0.8483027582,60.7669542137,-146.5009260513,1.4237178340428267,9984.6427685007,-426.9511951065
43,PXL,2023,4,475666931176,4507672764,7500000000,69702569824,380831541478,13125147110,398647430088,4062369976,60212757733,140765206761,8545974869,874314361264,49792459532,49792459532,0,824521901732,824521901732,-15178462386,874314361264,31705158946,380831541478,0,12264138227,827222120000,827222120000,1816600821,0,8545974869,67882391454,127218942920,127218942920,0.3493789746960971,3067865185,45896093,-0.7032550903196415,2227289993,0,3067865185,0,3067865185,-704091919,2363773266,-1140000000,-210245021,-3095597352,145220886,0,-33000000,-33000000,112220886,-66324793,45896093,45896093,0.0,0.0,1358026958.0,-612218677.0,0.0,-2500000000.0,4620000000.0,0.0,0.0,50658891.0,1558440214.0,0.0,0.0,0.0,0.0,0.0,2916467172.0,1591205592.0,4507672764.0,0.0,0.0604055969,0.0049269400454573006,0.46809137998529626,0.0140735175,2.6691257084,744.9656908561509,48612.044210847,44.0767114306,49401.08661313375,0.0075084273,-0.3070764359549261,0.7704945046338468,0.014960270491807807,0.0006455392,-0.0073824392,0.0006086664,-2255829075.0,-942069107,0.0,9.549633318,0.0904974031,1.9039439949,0.0,1.0603894929017719,1131517167636,82574412,2126.3738207984,1.3722146896,91.9636697936,-3332.6586168233,0.5558149539109041,9986.0467199088,-500.8916564496
44,PXL,2024,1,476967140477,2818916862,7725000000,70434319924,382947230738,13041672953,398155896666,3788688175,59528521851,140852749723,8141667178,875123037143,50214396642,50214396642,0,824908640501,824908640501,-14791723617,875123037143,31797553557,382947230738,0,12264138227,827222120000,827222120000,2518100821,0,8141667178,67882391454,127218942920,127218942920,-0.10616230329730089,2877342552,316704400,1.4061996334786626,2026431706,0,2877342552,0,2877342552,-704091919,2173250633,0,-14000000,-3706201069,479481270,0,-27000000,-27000000,452481270,-135776870,316704400,316704400,0.0,0.0,-1328035629.0,-267083603.0,0.0,-7725000000.0,7500000000.0,0.0,0.0,131363330.0,-360720273.0,0.0,0.0,0.0,0.0,0.0,-1688755902.0,4507672764.0,2818916862.0,0.0,0.0608726763,0.004592857910542649,0.4683109364139305,0.0136780482,2.8486810774,764.6046947401528,49206.5046976261,35.2286732501,50006.33806561636,0.0074177185,-0.5376316542236991,0.7552978464414688,0.11006836839077894,0.0007848787,-0.005255539,0.0007400153,-503668837.0,-1546950436,0.0,9.4986133932,0.0561376229,1.8723695997,0.0,1.0608726762899499,1226395167024,82574412,1894.9699217752,1.4867042322,102.5224355831,389.714519622,3.835381837172513,9989.882101746,-2429.3268915543
45,PXL,2024,2,478174104564,1586767999,7125000000,71673588231,384916049680,12872698654,396454286134,3547860603,58844285967,139797563246,7739261880,874628390698,49566581520,49566581520,0,825061809178,825061809178,-14638554940,874628390698,31660306708,384916049680,0,12264138227,827222120000,827222120000,1812777821,0,7739261880,67882391454,127218942920,127218942920,0.10047139957310129,2891945977,153168677,-0.082939517904858,2005604423,0,2891945977,0,2891945977,-690854563,2201091414,-1055186477,-15400000,-2893410245,242699115,24050000,-23950000,100000,242799115,-89630438,153168677,153168677,0.0,0.0,-2089347792.0,267083603.0,0.0,-1000000000.0,1600000000.0,0.0,0.0,802826.0,867886429.0,0.0,0.0,0.0,-10687500.0,-10687500.0,-1232148863.0,2818916862.0,1586767999.0,0.0,0.060076204,0.004300114929007191,0.46839789218458605,0.0139802472,3.1080434247,757.4214748458209,49723.9317863506,35.5658307179,50516.919091914315,0.0073405297,-0.24472062639778697,0.7611108338487472,0.052963879069031446,0.000767915,-0.0067958485,0.000724191,-1808178559.0,-707718831,0.0,9.6471067784,0.0320128593,1.8814703783,0.0,1.0600762039505653,1189732128096,82574412,1878.5288629192,1.4419915149,97.3097079366,201.7126729618,1.8549169565990975,9991.7370187026,-657.0951492501
46,PXL,2024,3,479081261391,1414760858,6090000000,71919257059,386929319435,12727924039,396217075114,3323460165,58160050083,139797563246,7579358097,875298336505,49999210452,49999210452,0,825299126053,825299126053,-14401238065,875298336505,31643066708,386929319435,0,12264138227,827222120000,827222120000,1822577821,0,7579358097,67882391454,127218942920,127218942920,-0.5003656463206526,1693305397,237316875,1.0186415392785038,2031805780,0,1693305397,0,1693305397,-717329279,975976118,0,-42350000,-2972250320,-6818422,474066100,-99200652,374865448,368047026,-130730151,237316875,237316875,0.0,0.0,-341305190.0,-882645875.0,0.0,-6090000000.0,7125000000.0,0.0,0.0,6256424.0,158610549.0,0.0,0.0,0.0,10687500.0,10687500.0,-172007141.0,1586767999.0,1414760858.0,0.0,0.0605831375,0.004026976474450513,0.46853261993806256,0.0120369973,2.8610754197,886.3523348967319,49754.0516075137,35.3944493378,50675.79839174823,0.007336086,-1.2039317925825994,0.5763733581249549,0.14015007299950158,0.0009128893,-0.006343594,0.0008608262,-1485827432.0,-2038624202,0.0,9.5817765333,0.028295664,1.8430679429,0.0,1.0605831375238717,1050016222992,82574412,1394.2845309157,1.2722856354,99.7122928757,-437.3861771316,2.873975960010469,9994.6109946626,-705.7356995506
47,PXL,2024,4,478838535897,213250012,4540000000,72294574630,389141838294,12648872961,396605224227,3099059727,57475814199,139923909487,7198971251,875443760124,49946308798,49946308798,0,825497451326,825497451326,-14202912792,875443760124,31824198408,389141838294,0,12264138227,827222120000,827222120000,1821177821,0,7198971251,67882391454,127218942920,127218942920,-0.004501544613995155,3054055053,198325273,3.321179866007331,2154010211,0,3054055053,0,3054055053,-704091921,2349963132,126346241,-15400000,-4250993958,363925626,0,-58003299,-58003299,305922327,-107597054,198325273,198325273,0.0,-3735643540.0,-3735643540.0,882645875.0,0.0,0.0,1550000000.0,0.0,0.0,116116569.0,2548762444.0,0.0,0.0,0.0,-14629750.0,-14629750.0,-1201510846.0,1414760858.0,213250012.0,0.0,0.0605044979,0.003754172374514261,0.46864521167216877,0.0120200875,2.9370249839,889.0569242741713,49894.1039220425,35.3428061901,50818.50365250677,0.0073154936,-0.627503693529522,0.7694567030452283,0.06493834248507897,0.0010975348,-0.0075224027,0.0010349658,-2509470512.0,-1916430826,0.0,9.5870655394,0.004269585,1.7958623923,0.0,1.0605044978852098,2080644809400,175997700,1245.1355904935,1.1823657139,197.8429453674,-150.445591637,1.126862868094299,9998.5984551275,-828.5532898671
48,PXL,2025,1,1412756058841,372732032,934770000000,73880520839,391067212581,12665593389,420149876261,2917408279,56791578315,139923909487,6820514405,1832905935102,73081465495,73081465495,0,1759824469607,1759824469607,-14108774511,1832905935102,32601548408,391067212581,0,12264138227,1761455000000,1761455000000,1805777821,23045000000,6820514405,67882391454,150263942920,150263942920,-0.492333749770368,1460729704,94138281,-0.7027566367881216,4412993425,-287273287,1460729704,0,1460729704,-704091921,756637783,-287273287,-194303395,-4759229811,-71175285,325400000,-71294209,254105791,182930506,-88792225,94138281,94138281,0.0,0.0,907566019632.0,-313157576.0,0.0,-937420000000.0,7190000000.0,0.0,0.0,91619964.0,-930451537612.0,0.0,23045000000.0,0.0,0.0,23045000000.0,159482020.0,213250012.0,372732032.0,0.013095056,0.0415277016,0.0016577836763751268,0.9990743275343396,0.0081646226,2.8243902164,1018.0882654298586,50286.3907396288,35.2160004843,51339.69500554296,0.0072584251,-2.873149913709155,0.5179861687812983,0.06444606469096627,0.0006449483,-0.0049693314,0.0006127472,-5206182214.0,-4196895423,0.0,19.3312497125,0.0051002266,13.9801362677,14.609417627473313,1.0415277016299929,2309617817100,175997700,1758.8207499591,1.3124137418,253.8031480152,1.3325775769,0.5348835865468696,9999.1333387141,-447.9847207031
49,PXL,2025,2,1434777850899,404680920,962609315068,66447975285,392638924783,12676954843,398912681356,2690282979,56107342431,139923909487,6529276095,1833690532255,73676973814,73676973814,0,1760013558441,1760013558441,-13919685677,1833690532255,33146431730,392638924783,0,12264138227,1761455000000,1761455000000,1805777821,23045000000,6529276095,67882391454,127218942920,127218942920,-0.4233114925853264,1667752009,189088834,0.23451372502225112,13598439611,-373455273,1667752009,0,1667752009,-704091921,963660088,-373455273,-5429807,-14400571005,-217356386,620000000,-93753299,526246701,308890315,-119801481,189088834,189088834,0.0,0.0,-914113557509.0,267893940.0,0.0,-20649315068.0,-7190000000.0,0.0,0.0,7496754775.0,-20074666353.0,934232880000.0,0.0,0.0,-12707250.0,934220172750.0,31948888.0,372732032.0,404680920.0,0.0130936491,0.0418615945,0.0015285580989404547,0.9991816756266836,0.0058152852,2.6186879232,1156.4213664090662,50300.1924525254,37.0388022725,51493.652621206966,0.0072564335,-8.060155617537019,0.5778197734433069,0.11337946707878917,0.0005561169,-0.0121108143,0.0005307915,-17954506379.0,-13442340724,0.0,19.4738977,0.0054926376,14.1447031843,35.99451312071847,1.0418615944522962,3329524488600,175997700,3021.7630752625,1.8917607041,422.7515508426,-204.4571822834,1.0743824152247443,10000.2077211293,-186.7032563814
