Symbol,Year,Quarter,CURRENT ASSETS (Bn. VND),Cash and cash equivalents (Bn. VND),Short-term investments (Bn. VND),Accounts receivable (Bn. VND),Net Inventories,Other current assets,LONG-TERM ASSETS (Bn. VND),Long-term loans receivables (Bn. VND),Fixed assets (Bn. VND),Investment in properties,Long-term investments (Bn. VND),Goodwill,Other non-current assets,TOTAL ASSETS (Bn. VND),LIABILITIES (Bn. VND),Current liabilities (Bn. VND),Long-term liabilities (Bn. VND),OWNER'S EQUITY(Bn.VND),Capital and reserves (Bn. VND),Other Reserves,Undistributed earnings (Bn. VND),MINORITY INTERESTS,TOTAL RESOURCES (Bn. VND),Prepayments to suppliers (Bn. VND),Short-term loans receivables (Bn. VND),"Inventories, Net (Bn. VND)",Other current assets (Bn. VND),Investment and development funds (Bn. VND),Common shares (Bn. VND),Paid-in capital (Bn. VND),Long-term borrowings (Bn. VND),Advances from customers (Bn. VND),Short-term borrowings (Bn. VND),Good will (Bn. VND),Long-term prepayments (Bn. VND),Other long-term assets (Bn. VND),Other long-term receivables (Bn. VND),Long-term trade receivables (Bn. VND),Revenue YoY (%),Revenue (Bn. VND),Attribute to parent company (Bn. VND),Attribute to parent company YoY (%),Financial Income,Interest Expenses,Sales,Sales deductions,Net Sales,Cost of Sales,Gross Profit,Financial Expenses,Gain/(loss) from joint ventures,Selling Expenses,General & Admin Expenses,Operating Profit/Loss,Other income,Net income from associated companies,Other Income/Expenses,Net other income/expenses,Profit before tax,Business income tax - current,Business income tax - deferred,Net Profit For the Year,Minority Interest,Attributable to parent company,Net Profit/Loss before tax,Depreciation and Amortisation,Provision for credit losses,Unrealized foreign exchange gain/loss,Profit/Loss from investing activities,Interest Expense,Operating profit before changes in working capital,Increase/Decrease in receivables,Increase/Decrease in inventories,Increase/Decrease in payables,Increase/Decrease in prepaid expenses,Interest paid,Business Income Tax paid,Other receipts from operating activities,Other payments on operating activities,Net cash inflows/outflows from operating activities,Purchase of fixed assets,Proceeds from disposal of fixed assets,"Loans granted, purchases of debt instruments (Bn. VND)","Collection of loans, proceeds from sales of debts instruments (Bn. VND)",Investment in other entities,Proceeds from divestment in other entities,Gain on Dividend,Net Cash Flows from Investing Activities,Increase in charter captial,Payments for share repurchases,Proceeds from borrowings,Repayment of borrowings,Dividends paid,Cash flows from financial activities,Net increase/decrease in cash and cash equivalents,Cash and cash equivalents,Foreign exchange differences Adjustment,Cash and Cash Equivalents at the end of period,Chỉ tiêu cơ cấu nguồn vốn_(ST+LT borrowings)/Equity,Chỉ tiêu cơ cấu nguồn vốn_Debt/Equity,Chỉ tiêu cơ cấu nguồn vốn_Fixed Asset-To-Equity,Chỉ tiêu cơ cấu nguồn vốn_Owners' Equity/Charter Capital,Chỉ tiêu hiệu quả hoạt động_Asset Turnover,Chỉ tiêu hiệu quả hoạt động_Fixed Asset Turnover,Chỉ tiêu hiệu quả hoạt động_Days Sales Outstanding,Chỉ tiêu hiệu quả hoạt động_Days Inventory Outstanding,Chỉ tiêu hiệu quả hoạt động_Days Payable Outstanding,Chỉ tiêu hiệu quả hoạt động_Cash Cycle,Chỉ tiêu hiệu quả hoạt động_Inventory Turnover,Chỉ tiêu khả năng sinh lợi_EBIT Margin (%),Chỉ tiêu khả năng sinh lợi_Gross Profit Margin (%),Chỉ tiêu khả năng sinh lợi_Net Profit Margin (%),Chỉ tiêu khả năng sinh lợi_ROE (%),Chỉ tiêu khả năng sinh lợi_ROIC (%),Chỉ tiêu khả năng sinh lợi_ROA (%),Chỉ tiêu khả năng sinh lợi_EBITDA (Bn. VND),Chỉ tiêu khả năng sinh lợi_EBIT (Bn. VND),Chỉ tiêu khả năng sinh lợi_Dividend yield (%),Chỉ tiêu thanh khoản_Current Ratio,Chỉ tiêu thanh khoản_Cash Ratio,Chỉ tiêu thanh khoản_Quick Ratio,Chỉ tiêu thanh khoản_Interest Coverage,Chỉ tiêu thanh khoản_Financial Leverage,Chỉ tiêu định giá_Market Capital (Bn. VND),Chỉ tiêu định giá_Outstanding Share (Mil. Shares),Chỉ tiêu định giá_P/E,Chỉ tiêu định giá_P/B,Chỉ tiêu định giá_P/S,Chỉ tiêu định giá_P/Cash Flow,Chỉ tiêu định giá_EPS (VND),Chỉ tiêu định giá_BVPS (VND),Chỉ tiêu định giá_EV/EBITDA
REE,2013,1,3094734992068,1084975687509,606325751983,863476277034,496884165291,43073110251,3681468333413,0,40446515114,727917693609,2891128279211,0,21975845479,6776203325481,2863258292554,2075460039715,787798252839,3912715011644,3912715011644,0,489618221362,0,6776203325481,110399024617,0,511445287749,37831758023,70417784211,2446433850000,2446433850000,690257815300,628068148715,101490664604,0,248655364,889424761075,0,0,0.0,512929940102,384740078376,0.0,47197779786,-14597006052,512929940102,-168919339,512761020763,-371492201278,141268819485,-15637073206,0,-8754331719,-21823337471,142251856875,1545437553,274559944093,-477373619,1068063934,417879864902,-32741268551,-395849587,384742746764,2668388,384740078376,143319920809,15447173783,-1119366984,-10547528584,-35248081771,14597006052,126449123305,-16965231790,3809257552,-97539102996,-7786319,-6300172709,-13693610554,2783187176,-15103069717,-16567406052,-66748399,4054545,-270106232000,553668454000,-90303267921,35248304936,21329343751,249773908912,0,0,112849170142,-94561130444,-598773067,17689266631,250895769491,834707800990,-627882972,1084975687509,0.3787667363,0.7317829905,0.010337199359941537,0.7223587591368216,0.4018506256,61.9470339692,61.15397819258617,107.4497562129,32.2752573664,200.87899177188615,3.3969365112,0.21587278637188345,0.2755061593308883,0.7503301982734532,0.1287329613,10.0867216898,0.0870254465,718975510038.0,110691150295,0.0,1.4911079629,0.8568171266,1.251698793,-7.583140672866524,1.7318417787432598,6556369098400,244640638,12.6002055369,1.6756760199,2.7331909292,-395.0919204256,1572.6744400331395,15993.5451009395,8.7112033766
REE,2013,2,2682543039284,760025725790,474461209951,897870104668,496324240825,53861758050,3922617173967,0,38906162256,714612735908,3140630793628,0,28467482175,6605160213251,2163223650232,1392028727505,771194922727,4441703666673,4441703666673,0,1018513551355,0,6605160213251,142927974726,0,513531402897,48053396855,70417784211,2446433850000,2446433850000,673596808530,590961254561,94792443570,0,530447231,735487804995,0,0,0.0,611010337709,254853417630,0.0,106335866495,-12750720825,611010337709,-732243455,610278094254,-452705268980,157572825274,-29116708662,0,-14943744316,-48590773317,171257465474,1807674731,107481717871,-341183904,1466490827,280205674172,-31529161838,6180444829,254856957163,3539533,254853417630,554765618265,15483766974,-8832587,11544457267,-478744621424,12750720825,115791109320,10475655129,-5346776523,80667234254,-2377817251,-5723087344,-26017458857,2552381548,-10461049508,159560190768,-358595757,318181818,-369080768000,270831546000,-90279315661,-2941416532,116304215638,-75206152494,0,0,170163479341,-193515361909,-385762425065,-409114307633,-324760269359,1084975687509,-296974655,759918443495,0.3246470653,0.4870256578,0.00875928814160224,0.8200197406565694,0.3711835116,58.4904499358,65.66280326862231,107.6799268804,40.2109902241,213.5537203731223,3.3896754072,0.1540909112196659,0.25819839636652203,0.41760210636682144,0.2149389539,9.5221663713,0.1419135636,1074339634654.0,94038307641,0.0,1.9270744822,0.9499105007,1.5705270697,-7.3751365849546,1.4870780918616546,6189408141400,244640638,6.934038279,1.3934918006,2.6510418776,38.7908638784,1041.7460472368455,18155.8298282743,5.7689127979
REE,2013,3,2791166994452,804521118490,348896036662,1035904391366,542646917086,59198530848,4072248207253,0,38780323280,701317421168,3304959570956,0,27190891849,6863415201705,2221061815586,1403339986191,817721829395,4642117455544,4642117455544,0,1218900735303,0,6863415201705,246187260758,0,559813592154,40387989665,70417784211,2446433850000,2446433850000,690257815300,612440262420,259200444052,0,597629480,852524346158,0,0,0.0,560846649542,199869152218,0.0,125727659030,-14297282431,560846649542,-109551364,560737098178,-405296565675,155440532503,-22329327279,0,-10334261984,-20233102730,228271499540,1911792135,417081443,-175389894,1736402241,230424983224,-29209688672,-1343772575,199871521977,2369759,199869152218,230424983224,15098221875,5612838325,-85570515,-131588382738,14297282431,133759372602,-161494664048,-43021527882,-106598036878,2449422694,-6212254486,-36018237509,2397573057,-220104171,-214958456621,-5793369548,282727272,-121780356071,262887000000,-272320053142,84530178540,130744253614,78550380665,0,0,448126720725,-267057713473,-310558080,180758449172,44350373216,759918443495,252301779,804521118490,0.3532258909,0.4784587716,0.008354015953147702,0.8570197918772526,0.3504742066,58.4672712717,70.89747185168301,110.9988976656,40.9854649245,222.881834441783,3.2883209444,0.22269467847722169,0.27720750599179556,0.3564400373498271,0.236023724,12.8596481916,0.1519027133,1212334439069.0,124873167789,0.0,1.9889456738,0.8866088419,1.602263243,-8.734049172746596,1.4785095955528103,8358771324600,263683638,7.7113870825,1.8006376195,3.5669205721,-36.4364824583,757.9884506068594,17604.8748824681,7.0143255783
REE,2013,4,2533944607744,535795608464,416693781071,974698328461,544225285698,62531604050,4392508231552,0,41715151193,688047083066,3628846104919,0,33899892374,6926452839296,1725227384441,1370206464925,355020919516,5196648998117,5196648998117,0,1353702993223,0,6926452839296,107603320550,0,587081585207,46413218135,70417784211,2636863850000,2636863850000,237768269070,535150664935,285115492833,0,467827702,854925101755,0,0,0.0,729772196687,136330265720,0.0,87101818902,-15501103928,729772196687,-151823423,729620373264,-580804611270,148815761994,-32893639258,0,-15570262272,-75527269071,111926410295,2410578611,46217195919,-1560633399,849945212,158993551426,-28566240727,5829302303,136256613002,-73652718,136330265720,158993551426,15154698945,32017430174,3327834860,-99973719891,15501103928,125020899442,-36863964815,-27267993053,44596484768,-81150933,-42332626600,-30046255986,2610621303,-5367102651,30268911475,-4528850271,0,-164869249247,62348829081,-332811712292,90844503804,53534145844,-295482333081,4416660619,0,294191763447,-301828017731,-77662080,-3297255745,-268510677351,804521118490,-214832675,535795608464,0.1463742918,0.3373827118,0.008027317451710793,0.9593964576459544,0.3567782618,57.5269420859,89.37152190612379,111.1286285308,34.2139489589,234.71409939582378,3.2844821791,0.07910720803038171,0.20396327658486818,0.1868509579990461,0.2073490646,8.5726743295,0.1442571061,1205886934795.0,57718230651,0.0551724137,1.8035407896,0.7343557244,1.4204202053,-3.7234916247959755,1.3328690934880907,7646825502000,263683638,7.3191961796,1.4714989544,3.168477405,-175.5167798064,517.0220903884829,19707.7951780687,6.330538485
REE,2014,1,2251264707627,352359466608,346276278160,954922577928,539962093011,57744291920,4417764141507,0,40956426719,674790794330,3668238158071,0,33778762387,6669028849134,1675880380481,1341024113986,334856266495,4985692235113,4985692235113,0,1109821501255,0,6669028849134,134334545902,0,582818392520,38796819339,70417784211,2636863850000,2636863850000,237768269070,419464606003,363729171766,0,527832694,774256899490,0,0,0.07706519778732228,552458987387,231729505377,-0.39769855442370977,29829429772,-9122359119,552458987387,-627112745,551831874642,-388794730126,163037144516,-5463451133,0,-9641405019,-23371524393,154390193743,53595472629,71716328352,-1776746076,51818726553,277925248648,-46590789089,-181134979,231153324580,-576180797,231729505377,277925248648,15205192210,-5521390465,0,-100253148831,9122359119,196478260681,56930925358,4263201942,-200366655842,-572696779,-7228311514,-37349887617,2630717335,-479074766,14306478798,-240179000,0,-94823567000,122706000000,-47220163367,139134823000,15937906469,135494820102,3660000000,0,218664564221,-140050885288,-415511116625,-333237437692,-183436138792,535795614565,-9165,352359466608,0.168334841,0.3361379526,0.008214792407472325,0.9204499805573862,0.3624277347,61.1678932651,80.47233477386543,111.9832657226,41.1395273541,233.5951278505654,3.2594155711,0.2356228791393266,0.29544713164996145,0.4199277280373377,0.2277204294,8.3983138278,0.1621079481,1326254554777.0,130024215104,0.0425531914,1.6787652691,0.5847923891,1.2761162135,-14.253354138754116,1.3376334788909905,7491295934400,265648792,6.4652925569,1.5025588385,3.0549395377,495.6700116547,872.3152988288386,18767.9838390268,5.8363108957
REE,2014,2,2973930690841,962044058016,251044928015,1048038752721,653611268381,59191683708,4769033357417,0,512951406308,661534505594,3464924543591,89819404203,39803497721,7742964048258,2121276565885,1802321944110,318954621775,5211199024929,5211199024929,0,1315618379107,0,7742964048258,66605555723,0,704961478024,36843643336,70417784211,2656515390000,2656515390000,220658530520,830555691340,415145152509,0,408098170,837328383210,0,0,0.013898428636807195,619502421284,205797465142,-0.1924869320733229,169209625713,-12041430115,619502421284,-253967388,619248453896,-446976447874,172272006022,-14477172846,0,-12949612823,-4703839003,309351007063,1989679921,-69759671409,-498507501,1491172420,241082508074,-41467360779,6144469859,205759617154,-37847988,205797465142,241082508074,15382955509,-8761857308,172268154,-86348918822,12041430115,173568385722,24677496847,-112623358570,380916181321,46466640,-9910650919,-38153168399,3735049251,-2861139611,419395262282,-7333505819,0,94823567000,-122706000000,-97160254830,118269512939,142638334858,128531654148,28319472164,0,620075157655,-585768915462,-1527989571,61097724786,609024641216,352359466608,659950192,962044058016,0.1643503173,0.4070611304,0.09843251118488776,0.9620826587319128,0.3491170749,15.5197034497,86.50862355193826,121.9427351857,37.3987402955,245.85009903313826,2.9932082419,0.2496874287262532,0.2781952945350951,0.3323342413650382,0.1544698755,8.7259076295,0.1097411819,1967282565258.0,154618554196,0.0409556313,1.6500551971,0.7208851013,1.2874056325,-12.84054740336796,1.4858315737352776,7783509605600,265648792,9.7016001027,1.4936120398,3.1621800907,17.8981135097,774.6975380260717,19616.8745421172,3.7906447006
REE,2014,3,2983184535092,1159282898467,195786706759,991437121771,582745179843,53932628252,4749496356575,0,516006726766,648278216854,3462130044997,82334453853,40746914105,7732680891667,1856349066362,1518156430464,338192635898,5453927360175,5453927360175,0,1558294875723,0,7732680891667,116206288087,0,631173626490,43507238969,70417784211,2656515390000,2656515390000,238332852742,730591635902,268329194233,0,184172606,846398457945,0,0,0.1667704229317958,654379282486,243478291379,0.2181884431742369,158285504325,-9098065488,654379282486,-199016364,654180266122,-455797092688,198383173434,-9408044453,0,-10128852969,-32436644138,304695136199,1780887319,-12114573326,-2612216746,-831329427,291749233446,-37951512650,1167341948,254965062744,11486771365,243478291379,291724851636,31503337039,-3293311625,-213691495,-139397647487,9098065488,189421603556,49574983222,73787851535,-131214511614,1170753261,-7383141820,-41281069225,1122355764,-2717153981,132481670698,-22985969463,169287175,-248531379000,308728600000,-10870853507,1498039275,165247382666,193255107146,700527836,0,366456992821,-495905003700,237261145,-128510221898,197226555946,962044058016,12284505,1159282898467,0.13659787710000001,0.3403692318,0.09461195441177327,1.0068947491943807,0.3515351848,9.1932806137,84.63848202296627,122.1314960593,37.3671465662,244.13712464846628,2.9885820756,0.23818767455443407,0.3032545977120669,0.3721883767945899,0.156822026,8.657226043,0.1124601104,2040471035802.0,155817676327,0.0418118466,1.9650047091,0.9490959423,1.5811541597,-17.126462381757698,1.4178188268754064,7722245630400,269067792,9.1994269284,1.4159054788,3.0225461488,56.7551603383,904.8957125979612,20269.7146307835,3.4647023431
REE,2014,4,2966628104400,1036655683725,249839701655,1031341875227,598432151160,50358692633,5436599961513,0,563895510668,635021928112,4117399245545,79412761131,40870516057,8403228065913,2064942683194,1551100054954,513842628240,5910243592550,5910243592550,0,1939391674994,0,8403228065913,49613867487,0,644280881448,36408900877,70417784211,2690705390000,2690705390000,409904067962,690786774969,300900213273,0,273265509,928408727545,0,0,0.10222452144062194,804372810254,381056799271,1.795100539550243,101542454032,-7152018855,804372810254,-208812913,804163997341,-535397879422,268766117919,-12101376195,0,-12651183442,-70733836047,274822176267,3189645344,176656881963,-2976587699,213057645,451692115875,-44894646065,34509049,406831978859,25775179588,381056799271,451692115875,-4947664669,-9381813102,1682841352,-268251036389,7152018855,177946461922,33955834026,-13107254958,-19790206380,295922010,-12004450295,-37916432627,4025347328,-7204289421,126200931605,-13104767418,49800000,248531379000,-308728600000,-866055127218,378941839589,37033463023,-523332013024,0,0,714090918823,-434424309738,-3029108135,276637500950,-120493580469,1159282898467,-2133634273,1036655683725,0.1896242325,0.3493878333,0.09540985948173158,1.0911390722313137,0.342420729,8.6834220067,93.55553530092172,123.013088837,36.4305255757,252.9991497136217,2.967163929,0.23052648345731708,0.3342180435927072,0.4738545875356014,0.1912294089,0.0,0.1382987814,1356984258976.0,185381098430,0.0,1.9125778636,0.8853567726,1.5267647023,-25.920107621136857,1.4218073983457238,6780508358400,269067792,6.2954061237,1.1472760251,2.5787416283,9.6556962294,1416.2111207684047,21965.0715669693,4.7566188872
REE,2015,1,2886094293982,1096467589601,155120940255,1063261986868,560397705114,10846072144,5521902656017,0,543402847129,621765639376,4216164348290,71801053625,37848893987,8407996949999,2370700838191,1495628227414,875072610777,5616823903733,5616823903733,18430992409,1644135285550,0,8407996949999,38792732338,0,606038144647,0,218952010426,2690705390000,2690705390000,741209477562,706169671594,321772043697,0,2467398894,1003982940514,30919873610,30919873610,0.2259944122124312,677311631513,144897888680,-0.3747110949714147,48101940752,-15530742621,677311631513,-935507717,676376123796,-494377736541,181998387255,-16646478230,0,-11917776622,-37753793848,163782279307,361307738,14179749462,-411711813,-50404075,177911624694,-29455862646,-392881845,148062880203,3164991523,144897888680,177911624694,35195859490,1494286302,-361371695,-61353638339,15530742621,168417503073,-50187659280,38242736801,-41918937769,-643987630,-7908759695,-42625591734,5856944119,-707394043,68524853842,-30780792022,0,-35861755300,0,0,2880000,105547333444,38907666122,0,0,471793509895,-119616269871,-399796670356,-47619430332,59813089632,1036655683725,-1183756,1096467589601,0.0,0.0,0.0967455730217657,1.0369684306973923,0.0,0.0,0.0,0.0,0.0,0.0,0.0,0.1956408751425867,0.26907866917829293,0.21422679420851684,0.0,0.0,0.0,0.0,132326816785,0.0340136054,0.0,0.0,0.0,-8.520314837107234,1.4969308445669727,7910593084800,269067792,8.0384796058,1.4083891506,2.8724337642,10.5000555789,538.5181466832715,20874.9122984921,6.4653494489
REE,2015,2,3119210428147,1271166573992,200641029758,1176362320638,457402671709,13637832050,5459033862300,26000000000,480977885261,609012766347,4141588421294,0,98652604865,8578244290447,2339257207906,1540447688523,798809519383,6238987082541,6238987082541,18430992409,1878408965061,387832163062,8578244290447,41301591829,0,502577884523,0,218951946408,2690705390000,2690705390000,665151631351,690489797660,388498642263,63682317493,190544671,1031734454711,42371429882,68371429882,0.10425856809910766,684090856661,237644571481,0.15474975028008986,231315412349,-19975052008,684090856661,-328980526,683761876135,-429675350593,254086525542,-21082154687,-108930729193,-15043169544,-40633638041,299712246426,3243493827,0,-99134734,3144359093,302856605519,-44434371869,-601752392,257820481258,20175909777,237644571481,302856605519,33937145472,5998471265,81595711,-121119209428,19975052008,241729660547,-145208070756,103460260124,-2929745894,-19185826,-13361797322,-36457638974,0,-2799281819,144330870080,-12700895145,1200204545,35861755300,0,-167562339119,50235601483,216561826461,123596153525,0,0,174681853410,-184013101055,-84484947707,-93816195352,174110828253,1096467589601,588156138,1271166573992,0.2754937432,0.3749418258,0.07709230342966321,1.1518311335742708,0.340374311,5.3576107469,88.24626589748249,113.5865589113,35.5214013722,237.3542261809825,3.2134083777,0.290173706493438,0.37160089558990544,0.34755457970879927,0.1734846398,0.0,0.1216198278,1371654135838.0,198409717957,0.0390625,2.0248726727,0.9061378136,1.7279442699,-9.932876163603328,1.374941825805684,6888135475200,269067792,6.8035837553,1.1772386637,2.4439165592,14.5306035247,883.2144855189506,21745.8029452976,4.8631932792
REE,2015,3,3291972869573,1357884807696,244294939581,1269771460984,405604235587,14417425725,5798104523021,26000000000,471095746761,596975523341,4333976753875,0,92106684550,9090077392594,2638422224906,1895081284773,743340940133,6451655167688,6451655167688,18430992409,2086718890881,392121168175,9090077392594,65892910146,0,449645598575,0,218952097514,2690705390000,2690705390000,606803708852,1012713789522,465016814587,55817095674,2139754712,1052037310059,43816931872,69816931872,-0.05036457552994903,621421747688,208290684339,-0.14452051080491085,31489545225,-19860575399,621421747688,-332726430,621089021258,-420197929312,200891091946,-23326557230,85690657253,-12133209087,-38672866770,243938661337,1220751537,0,-608871352,611880185,244550541522,-32325703654,-629908537,211594929331,3304244992,208290684339,244551669918,31696675552,1292734389,2099043433,-116676106984,19860575399,182824591707,-112058646387,52932285948,296460607808,350043956,-24783380745,-43149998016,0,-706604677,350984945605,-175614200198,154340910,0,0,-149863684494,627836948,43798352232,-280897354602,1000000000,0,192372374472,-177902124647,-226689043,15243560782,85331151785,1271166573992,1387081919,1357884807696,0.0,0.0,0.07301936239872237,1.1910935520324564,0.0,0.0,0.0,0.0,0.0,0.0,0.0,0.24164815501811096,0.32344975530093933,0.33536365514417327,0.0,0.0,0.0,0.0,150085016089,0.0387596899,0.0,0.0,0.0,-7.556931915303769,1.40895276581428,6956042825400,269614063,7.130477915,1.1456359362,2.4973308161,10.0429304096,772.5512609444263,22520.2432865123,4.9946998198
REE,2015,4,3747425820726,1419715236964,381491325361,1368956404978,547093860649,30168992774,5861517471810,0,483507065078,584938280334,4369132998280,0,73935379620,9608943292536,2925943458869,2225628841950,700314616919,6682999833667,6682999833667,42598429318,2349511348273,348643878866,9608943292536,81772899224,0,589859322220,0,194784660605,2696168100000,2696168100000,561131881423,1214713332820,429904075283,47951873855,1257089501,1031513187975,33818334157,33818334157,-0.17653785426332272,662370560304,262258496764,-0.311760091236459,118416694446,-18600400198,662370560304,-213643845,662156916459,-407864031097,254292885362,-21843907777,46401511327,-15409500754,-64687488850,317170193754,4825969062,0,-1639921107,3186047955,320356241709,-40302823726,-9423417900,270630000083,8371503319,262258496764,320356241709,31881497626,-315166943,-1932949357,-163830443907,18600400198,204759579326,-92499272186,-140213723645,362142606409,-727767451,-20452387660,-31660593099,0,-1404789537,210529278757,-107373765668,2370784091,0,0,-167755096710,126722753500,91535793548,-54499531239,0,0,283441727486,-352358332219,-25281093614,-94197698347,61832049171,1357884807696,-1619903,1419715236964,0.0,0.0,0.07234880698967441,1.233804008928037,0.0,0.0,0.0,0.0,0.0,0.0,0.0,0.26307343686681256,0.3840371957781181,0.3960669899311378,0.0,0.0,0.0,0.0,174195895758,0.0508474576,0.0,0.0,0.0,-9.365169238494682,1.4378188735138002,6362891886800,269614063,7.4587831515,1.0045113116,2.4071009119,8.2157128318,972.7181655357496,23494.011194417,4.7384461935
REE,2016,1,3546908206266,1173265912265,464371841600,1252983200091,623977954146,32309298164,5805249309155,0,472541010995,572901037332,4276989571698,0,66980752825,9352157515421,2828612839482,2143622266399,684990573083,6523544675939,6523544675939,42598429318,2178744873535,359793025288,9352157515421,214911611515,0,666558299441,0,194784660605,2696168100000,2696168100000,540507480597,1304590112664,424553566447,40086652036,1496508931,1030402147975,33818334157,33818334157,-0.18162253341523918,554296577086,98750211382,-0.31848412505108975,98754424038,-16448179560,554296577086,-1382300933,552914276153,-322337817456,230576458697,-19593154168,-114808948882,-13997913663,-33593500701,147337365321,2148212481,0,-443549527,1704662954,149042028275,-39802742065,671175594,109910461804,11160250422,98750211382,149042028275,32075224097,258460932,-732114009,19298243261,16448179560,216390022116,113574564807,-76698977221,-91611319826,-213348009,-19524151834,-40543590497,0,-589579578,100783619958,-67099304100,406467909,0,0,-106895722298,1934400000,94406752988,-77247405501,0,0,409488119394,-434388029056,-244904914091,-269804823753,-246268609296,1419715236964,-180715403,1173265912265,0.23078994660000002,0.4336005929,0.07243623435858242,1.2043656701960865,0.2751801059,5.2825185717,100.62701116876681,127.5499482141,42.2930298619,270.4699892447668,2.8616240548,0.3309464997108615,0.41702026632641315,0.17859949659660132,0.1246380885,0.0,0.0881197583,835266216884.0,182985044333,0.0571428571,1.6546330302,0.6295880001,1.3635472527,-11.124942043920635,1.4336005929283913,6511069446000,310050926,8.0587226755,0.9185887639,2.5838376003,8.0618722148,318.4967471504988,22861.154876252,5.1608670569
REE,2016,2,3964506549223,1019428437263,817338151752,1399064187705,689901462411,38774310092,5625400145588,0,471203661813,563066424831,4067398764130,0,57317796306,9589906694811,2937266309087,2276884059895,660382249192,6652640385724,6652640385724,0,1917531377956,345011937131,9589906694811,262996392226,0,732209801458,0,238118820390,3100588410000,3100588410000,512443305086,1446132617806,323116731432,32221430217,364283568,993464310863,33981633017,33981633017,0.2703700516503986,869048536910,144049806579,-0.3938434794395589,331554753297,-13064213705,869048536910,-1884230779,867164306131,-623420379524,243743926607,-14591211435,-306004658123,-14650541957,-35868529788,204183738601,2945251869,0,-361264743,2583987126,206767725727,-44880088821,-665509338,161222127568,17172320989,144049806579,206767725727,35883879397,5713720265,-1752518641,-24819324490,13064213705,234857695963,-126269639777,-65651502017,245300548832,-869489712,-10340611843,-43056349024,0,-2492357122,230611947051,-59768534747,175805965,-434703109891,0,-42209456969,35573471780,300753454208,-200178369654,0,-11676660619,341190995464,-471767005990,-41524785613,-183777456758,-153343879361,1173265912265,-493595641,1019428437263,0.0,0.0,0.07082957059037236,1.228199099529085,0.0,0.0,0.0,0.0,0.0,0.0,0.0,0.2228238103158389,0.2810815953605202,0.1661159316181988,0.0,0.0,0.0,0.0,193224854862,0.0568720379,0.0,0.0,0.0,-14.790392994570201,1.4415188765336127,6542074538600,310050926,9.1636946132,1.0371951358,2.4200108016,7.3209122309,464.6004720495497,20343.3271834781,7.6418167028
REE,2016,3,4193165953524,685854474565,771050850916,1823150840266,880216119466,32893668311,5905828763167,0,500609206073,550932006949,4252012215539,0,65456648889,10098994716691,3156250103528,2385903872296,770346231232,6942744613163,6942744613163,0,2163509217192,389147152819,10098994716691,268525886143,0,923775543374,0,238118820390,3100588410000,3100588410000,621941813181,1270349402702,521699283818,28760131696,11354460662,1144387989415,33869156257,38573723915,0.5089009599512393,937663871621,245977785212,0.18093512435564807,80768153153,-12328406278,937663871621,-18480000,937645391621,-663768606521,273876785100,-12880916074,35958519016,-24561170776,-42701774436,310459595983,3173545941,0,-692935292,2480610649,312940206632,-49355312189,599248971,264184143414,18206358202,245977785212,312878530906,31926764045,-3851130052,47858448,-116958735923,12328406278,236371693702,-405166793029,-184626196058,-90421509741,-7604276675,-17168965890,-38794645364,5941335401,-2528453682,-504944211200,-78245358376,560760035,434703109891,0,-631323544078,58507008443,78371240390,-137426783695,0,-47223660,633927334620,-324771274139,-302977139,308805859682,-333565135213,1019428437263,-8827485,685854474565,0.25430618709999997,0.4546112927,0.07210537531855586,1.2817576462490856,0.3125361673,6.2657649657,69.63266701224555,131.7329126983,41.6454807597,243.01106047024555,2.7707578351,0.2203539224256265,0.2920899388483339,0.2623356200650162,0.1120869003,0.0,0.0777269089,888787000006.0,206613839888,0.046692607,1.7574748095,0.362126981,1.3885512625,-16.759168641019052,1.4546112927074908,7968308798200,310050926,10.6061149339,1.2158989413,2.6386169149,215.3986109259,793.3463975914718,21136.6250328724,9.480444044
REE,2016,4,4104230758004,959184890496,750013228917,1148605019028,1230324976676,16102642887,7310604209305,0,528600671462,673433406527,5393528424309,0,104835449767,11414834967309,3677518639897,2603170595738,1074348044159,7737316327412,7737316327412,0,2782016675182,565048425724,11414834967309,253790458307,0,1256875479200,0,238118820390,3100588410000,3100588410000,899220584250,1169282520486,594470465413,20494553214,46774146724,1437605391646,34151299782,38721678370,0.965829681816456,1302107707807,620497132860,1.3659753278398838,174682558731,-18318692375,1302107707807,-545851071,1301561856736,-873186709017,428375147719,-21310476935,279766300204,-35782273466,-103018005292,722713250961,7010013796,0,-6548025792,461988004,723175238965,-80383497308,11623882898,654415624555,33918491695,620497132860,723175238965,36403748448,-9809307001,1943739656,-453699302301,18318692375,316332810142,778509086368,-176460023809,27665611434,-38131080454,-14535623870,-51391234132,2122018197,-3831736515,840696511360,-99145495373,711363636,0,0,-1065170649750,178312156490,74722531665,-910570093332,0,-16631,920958456460,-570908503796,-6470669636,343579266397,273705684425,685854474565,-375268494,959184890496,0.309916833,0.476029884,0.06831834826104465,1.4284501183156781,0.3484184991,7.2308987797,69.21345531834228,136.023289129,46.4370538422,251.67379828954228,2.6833640205,0.22248260231533154,0.32912392561446174,0.47673272664585886,0.1517946083,0.0,0.1040902585,1011872656690.0,289574868961,0.0375234522,1.56830978,0.4346538746,1.0982925299,-15.80761677925169,1.475296405663056,8262857177900,310050926,7.5583501136,1.1546838681,2.2580044855,12.1422045976,2001.2748901127295,23079.9102124458,8.6933084405
REE,2017,1,4189130893636,1181695676454,569705045595,1068245310615,1343512992000,25971868972,7406079466318,0,518549778646,524623221870,5634797535498,0,62186244383,11595210359954,4022353548488,2941924433056,1080429115432,7572856811466,7572856811466,0,2600090582669,582529868212,11595210359954,329034633123,0,1369999596476,0,238118820390,3100588410000,3100588410000,878043746214,1319875422339,498225743915,12228974732,12899474854,1530720648467,34282999782,37084963496,0.9645697909930391,1088954310594,330770623577,2.3495687649463832,29461291076,-19943980954,1088954310594,-638525280,1088315785314,-786370145861,301945639453,-25395710042,150319520875,-22123549650,-34143241884,400063949828,2126796541,0,-1277827727,848968814,400912918642,-51602049699,-508955032,348801913911,18031290334,330770623577,400912918642,36677768609,10049920184,0,-177701565617,19943980954,289883022772,-2156340184,21507928007,19845799932,35576658860,-24073782519,-87353862290,157301251,-1778417000,249712427356,-63558854639,1659090909,-3000000000,184182000000,-135980004290,28436152157,98032936001,109771320138,0,0,355053282414,-472474841948,-20393632002,-137815191536,221668555958,960027120496,0,1181695676454,0.2976833304,0.5311540478,0.06847478983900343,1.398087883521307,0.3929546427,8.310576626,47.416683123798975,132.6246084559,39.7899464948,219.83123807449897,2.7521287659,0.22574224433225226,0.27744303953643645,0.30392890376166537,0.1856107177,0.1044897994,0.1256513756,1075984572129.0,245678847919,0.0269905533,1.423942385,0.4627313163,0.9672641043,-12.318445774975844,1.5311540477561636,11487386808300,310050926,8.5644914329,1.6433680645,2.7385561492,14.076511285,1066.8267559923365,22545.1624624179,10.8569963962
REE,2017,2,4584819523497,1236468292645,359981094323,1454605285975,1471486221835,62278628719,7312395685427,0,510837424793,514229723170,5464330965630,0,45060851794,11897215208924,4032206508150,3051825439258,980381068892,7865008700774,7865008700774,0,2932729921641,540341384375,11897215208924,308802700699,0,1498660153513,0,239830905124,3100588410000,3100588410000,826532206205,1623744294823,518638650226,3963396245,12788388675,1513256648467,34298999782,36718142017,0.3315265116473436,1157161166804,336636163929,1.336942838894973,55231082724,-20531179587,1157161166804,-1090375393,1156070791411,-884136581727,271934209684,-115100659442,236173399998,-15804459508,-58975254263,373458319193,3087362006,0,-1390124424,1697237582,375155556775,-14359223066,-8748727925,352047605784,15411441855,336636163929,375155556775,34487541930,-20477630886,-282025674,-287447988171,20531179587,121966633561,-322115316541,-128657961665,565057883935,-2776117121,-17985330496,-43386347924,-157301251,-702004000,283183181498,-120499561860,0,-38159547200,212212372807,9040078749,4975672365,280240127440,347809142301,0,0,633380098280,-664478731978,-546222299555,-577320933253,53671390546,1181695676454,1101225645,1236468292645,0.2761221437,0.5126766748,0.06495064967222836,1.4520244660763788,0.3984862815,8.7119405085,45.98396006435309,143.6492784019,40.7249087466,230.35814721285308,2.5409107798,0.1705384284230296,0.23522280097752546,0.2911899223040927,0.2037167742,0.1019548041,0.1363260904,1078517875713.0,197154495913,0.0298507463,1.5023203701,0.4273357584,1.0201544497,-9.602687223964224,1.5126766748208669,10386706021000,310050926,6.7715769787,1.4180809482,2.3166028026,11.9574317024,1085.7447461034192,23623.4751209658,9.7313255729
REE,2017,3,5835864049498,2507556350185,336625694961,1242696566014,1707040455628,41944982710,7668585722727,0,499719513300,503882905747,5629794007551,0,43828376352,13504449772225,5271439303561,2855652005164,2415787298397,8233010468664,8233010468664,0,3304296547064,536780170447,13504449772225,365888591618,0,1734169961919,0,239830905124,3100588410000,3100588410000,2164582193139,1456050335649,461366395654,3182768113,14559972392,1513306648467,34409399782,36828542017,0.15573287359953095,1083688960819,371386522877,0.5098376569124501,44025174312,-21651640020,1083688960819,-581686220,1083107274599,-770915816115,312191458484,-34145200136,183917128134,-20343647924,-41261558380,444383354490,5182249434,0,-1817360207,3364889227,447748243717,-51330512657,1613585104,398031316164,26644793287,371386522877,447634922229,27066968858,14577449200,-24719803,-231211641588,21651640020,279694618916,135055565976,-234670736697,-78667968528,-3667321869,-20121005809,-21602439465,0,-671931000,55348781524,-219837511689,335400000,-116193300369,139821595931,-330976382,3748011135,148233230676,-44223550698,0,0,2128303041196,-847525308834,-20077396168,1260700336194,1271825567020,1236468292645,-737509480,2507556350185,0.5818686616,0.640280894,0.06069705792334444,1.5199643235978404,0.3824740484,8.9984722504,48.70480957138013,161.3155753577,43.3131764118,253.33356134088012,2.2626457439,0.23135866414781012,0.2882368771824407,0.3428898795038551,0.2113194452,0.0905238209,0.1370982709,1117630492818.0,250586252180,0.0241545894,2.0436187739,0.9018053291,1.445842696,-11.573546020002599,1.6402808940453606,12836108336400,310050926,7.7359705858,1.6678861624,2.7729431543,8.983032151,1197.8242660594408,24821.8379240378,11.5910407404
REE,2017,4,5665882506819,2397186656336,516561743653,1136714361110,1555629874625,59789871095,8634786335126,0,492274382836,624011258648,6274300677479,0,80303232859,14300668841945,5607391640856,2932379533768,2675012107088,8693277201089,8693277201089,0,3642388392065,658949283159,14300668841945,178558081135,0,1580982461238,0,239845570570,3100588410000,3100588410000,2308624663112,1310588823460,672101562482,2402139981,46457439601,1099528485702,34492179457,36154142823,0.2820990063238648,1669430998306,338106510447,-0.4551038311996754,45840413840,-42910767572,1669430998306,-1751433697,1667679564609,-1125194843088,542484721521,-100138516881,148521313908,-36253398604,-106589181937,493865351847,8028699386,0,-4464648462,3564050924,497429402771,-78951860295,5313875263,423791417739,85684907292,338106510447,497429402771,31423733558,59075779872,717448595,-193314707159,42910767572,438242425209,103174596073,17712611513,-59712732106,-37543187382,-15687762922,-60781961358,0,-1874305454,414069835323,-181177586044,173661818,-330550252546,119692224235,-782900478161,66638289346,202856024596,-905268116756,36495030000,0,858455394360,-503677757559,-10415622072,380857044729,-110341236704,2507556350185,-28457145,2397186656336,0.6084415309,0.6443358492,0.05662702010403317,1.604937981203122,0.3888610483,9.7856955587,51.96663931791383,145.244420616,43.5820885532,240.79314848711385,2.5130053082,0.23963964628522572,0.325293139661509,0.2027406928898068,0.1677899706,0.0936251106,0.1072026139,1223097455198.0,399642140980,0.0463096961,1.9307970213,0.8316950725,1.3993126078,-9.313330047276368,1.645026209466042,10712259493300,310050926,7.7791235465,1.3333439648,2.1445220418,10.7962534215,1090.4870203387168,25912.2933864092,8.8551011907
REE,2018,1,4960189673184,1499281152036,565831751647,1321422556068,1531227043312,42427170121,9644438028664,0,478835111373,612371152943,7161742194397,0,84529069058,14604627701848,6065451367818,3170644559450,2894806808368,8539176334030,8539176334030,0,3525584287490,621622179730,14604627701848,204180797669,0,1556295468048,0,239845570570,3100588410000,3100588410000,2490316087939,1373301790398,572983845513,2001783318,55493536926,1043877256704,34728665706,36390629072,-0.034654418698627745,1051217231971,381408391916,0.15309028290177665,41617781891,-45153468963,1051217231971,-897100051,1050320131920,-728154257438,322165874482,20329368255,162086475302,-22213598000,-41371165799,482614736131,2661345201,0,-2060419711,600925490,483215661621,-62460368676,-4409904463,416345388482,34936996566,381408391916,483215661621,28303591146,-61496165568,-117007342,-203517243875,45153468963,291542304945,-178605862654,24686993190,-111787933387,1107340461,-61684892386,-64999021315,0,2270190000,-146075248516,-145352596981,98181818,-750478000000,0,0,74561982000,50079207253,-771091225910,0,0,555274770677,-473097062819,-63060639959,19117067899,-898049406527,2397186656336,143902227,1499281152036,0.6503690525,0.7103087149,0.056075093503428965,1.5764881424647068,0.3651228221,10.0060790893,53.25871019514238,165.6801136788,42.4272510896,261.3660749635424,2.2030404971,0.24619266338379145,0.30673112386513646,0.3631353720877273,0.1713192131,0.0953213757,0.1051458265,1227245835248.0,258581110683,0.0463768116,1.5644105103,0.4999081997,1.0814717845,-5.726716387945487,1.7103087148635394,10696756947000,310050926,7.4932189525,1.3510523333,2.1578320285,17.6362464619,1230.147565874388,25535.6503583783,9.9904806162
REE,2018,2,4667701747175,1332173823176,628808503985,1281388392765,1374636629192,50694398057,9779817063220,0,465703871735,1633478424540,7301786626665,0,281041417595,14447518810395,5376428281777,2602975683392,2773452598385,9071090528618,9071090528618,0,4082833331194,595817027916,14447518810395,204263715824,0,1399990377392,0,240259268975,3100588410000,3100588410000,2346821123882,1034724820192,769417251445,1601426653,252781442010,1110232530432,33557918460,34740189801,0.056820752139132985,1222911934648,557982446434,0.6575237785554263,171248198096,-59242868594,1222911934648,-1194817365,1221717117283,-995101467032,226615650251,-7744672463,304075321481,-20983013931,-38981306880,634230176554,7021269432,0,-1344858840,5676410592,639906587146,-67128672836,-375199882,572402714428,14420267994,557982446434,639906587146,47901762134,-55614751144,270131213,-475105882176,60034868594,217392715767,146184202572,156305090656,-291339811840,-24750461436,-40193516674,-43901923757,0,-3826393202,110301364586,-70479849640,200000000,-309209532782,248310140350,-103628547196,149600666754,293564104367,208356981853,0,0,508798303848,-456255861973,-538366395971,-485823954096,-167165607657,1499281152036,58278797,1332173823176,0.0,0.0,0.051339347817748106,1.6746892320984768,0.0,0.0,0.0,0.0,0.0,0.0,0.0,0.13640746051804453,0.18548946154980203,0.4567198400845097,0.0,0.0,0.0,0.0,166651329440,0.0508744038,0.0,0.0,0.0,-2.8130192442585082,1.5926992201009498,9751101622700,310050926,5.9138112655,1.1505353334,1.9413583775,22.4865823926,1799.6477341080413,27335.1013978329,9.531959269
REE,2018,3,5634191097451,1272855205301,1396192364858,1572085119268,1342121626239,50936781785,9316393200648,0,453311885101,1607891265674,6854019338241,0,274378431702,14950584298099,5566943746149,2680362926831,2886580819318,9383640551950,9383640551950,0,4376504069138,614562676986,14950584298099,201275461858,0,1359088538046,0,240259268975,3100588410000,3100588410000,2458474644640,1056768562922,688438213426,1201069992,253224588514,1033177277209,32865452460,33813193489,0.10226152101175583,1194508642256,293670696090,-0.20925860794560605,43845412751,-57548499955,1194508642256,-1172103609,1193336538647,-897891880509,295444658138,-126810033160,197597450374,-24502810353,-45487311451,340087366299,4086485203,0,-943945080,3142540123,343229906422,-24120128428,-6705775736,312404002258,18733306168,293670696090,343220814431,42121851173,49719975908,-117007342,-241400483858,57944499956,251489650268,-356511420521,40901839346,117882293109,5064858049,-77100926364,-55489293324,0,-452158540,-42169157977,-46632265352,8317429,-169720797271,124280674895,-110210380390,22984677891,131725507726,-47564265072,15400000,0,518092474171,-487813991432,-192659500,30101223239,-59632199810,1332173823176,313581935,1272855205301,0.5973574406,0.5932605491,0.048308743561878864,1.732391683299344,0.3521615126,10.8628850911,56.9631977427308,143.6180940583,40.6143273928,241.19561919383077,2.5414624974,0.18892787493930205,0.24757865746151872,0.2460921010790155,0.1761044545,0.0838214469,0.107792551,1200080055448.0,225454536334,0.0484848485,2.1020254537,0.4969953103,1.6013016104,-3.917644013489387,1.5932605490725178,10231680558000,310050926,6.5122067893,1.1667909333,1.9932932419,30.4402130667,947.1692275803749,28282.7017744949,10.5995436138
REE,2018,4,6016429663343,1865096744967,1168925962847,1966047634090,969073762968,47285558471,9483157553217,0,445423380673,1602831205980,6962207022155,0,285915039801,15499587216560,5571218783919,3055703378231,2515515405688,9928368432641,9928368432641,0,4927777363724,609518422630,15499587216560,149786966464,0,984759591543,0,240077952161,3100588410000,3100588410000,2069934163316,968810093621,1111455193347,800713329,260467939728,862146487612,32812869960,33557936547,-0.02004648681853802,1635964771804,550918378318,0.6294225674319258,46814176416,-62982567111,1635964771804,-686835407,1635277936397,-1250370347699,384907588698,2754089183,335064746667,-30887847512,-91852435630,646800317822,10573061044,0,-5712324623,4860736421,651661054243,-73020841154,4966558915,583606772004,32688393686,550918378318,651661054243,42977132515,-114430339017,103021736,-381283094960,63378567111,262406341628,-342809989971,374328946503,17833418725,-12272069546,-43436315581,-72419878107,0,-685900578,174605200725,-85873428261,10921987,-189826500000,422063850693,-174541679252,186681304327,225096713755,383611183249,0,0,339071601835,-304991103238,-40459471,34040039126,592256423100,1272855205301,-14883434,1865096744967,0.528921102,0.5611490818,0.04486370380944001,1.8329584137645534,0.3423909797,10.8791024048,67.16260121576579,120.9136444257,43.4183454138,231.4945910552658,3.0186833069,0.1603197228561843,0.2353774732300645,0.3368958670914596,0.1916019558,0.0697785458,0.1197524378,1076084164808.0,262167305556,0.0507936508,1.9589887012,0.63232365,1.6419371662,-4.1625376287688995,1.5611414223512075,9766604169000,310050926,5.4747800407,1.0480491176,1.9147745093,108.2269862129,1776.8641604315028,30055.8432529823,11.3887230196
REE,2019,1,8151760446273,1645023948911,2718607852912,2834113353435,904894449352,49120841663,9706612132094,0,432147226422,1577502813871,7110351474044,0,292213727167,17858372578367,8152740683926,3314575877862,4838164806064,9705631894441,9705631894441,0,4718941420146,595424105878,17858372578367,236202992240,0,917861522076,0,240271674291,3100588410000,3100588410000,4346145546055,1108277496316,741913271552,400356666,267684488464,806955577789,34958084083,35703150670,0.028684424658320145,1081370793461,352077479538,-0.07690159157394663,158457686431,-91584495605,1081370793461,-2136090573,1079234702888,-772241448748,306993254140,-160385421552,167149975635,-16207468653,-40585113173,415422912828,3808387550,0,-2919042126,889345424,416312258252,-45617025478,-519730875,370175501899,18098022361,352077479538,416312258252,40835436835,61262777985,-325606334273,0,88319241183,281123379982,-910134270609,66898069467,120356898925,-7022256261,-76925844152,-58658466530,0,-1048820400,-577671980395,-108023244414,806938739,-2595812558044,1013378757513,-80446837129,97546212257,162200289464,-1510350441614,0,0,2547914215802,-642278747034,-37685842815,1867949625953,-220072796056,1865096744967,0,1645023948911,0.9720340176,0.8400010193,0.04452540866190451,1.7918371747093789,0.3269527155,11.4206951543,67.5342053313377,108.6371357706,40.5465699564,216.71791105833768,3.3598087561,0.23183156698396598,0.28445458000794005,0.32622883474359293,0.1842696184,0.0611391614,0.1118393296,1078310026301.0,250200672314,0.0490797546,2.4593675772,0.514363416,2.186362981,-2.731910796267359,1.8400010192634202,10107660187600,310050926,5.7605536706,1.109487338,1.9704707193,-30.1782812309,1135.5472601878312,29382.9401063069,13.1187866357
REE,2019,2,7970814965102,1486152246568,2266348176635,3216789430932,958496691696,43028419271,9822486817381,0,423083771756,1552183513265,7186749206344,0,282936387625,17793301782483,7629362601232,2914275287118,4715087314114,10163939181251,10163939181251,0,5153243240339,619429572495,17793301782483,138759704023,56161295797,971548036811,0,240271674291,3100588410000,3100588410000,4214706251411,954149826854,824482067499,0,259121056220,817219529234,34823093883,35251553156,0.029912591921452816,1259492400305,434301809743,-0.221656859425289,65156444470,-102807548185,1259492400305,-844755140,1258647645165,-914387885504,344259759661,-32889524110,212122996515,-21764603075,-47951040163,518934033298,4150133620,0,-2344344486,1805789134,520739822432,-61898495879,-540127663,458301198890,23999389147,434301809743,520739822432,41058701014,-72360008024,325581731160,-601192666406,108464161629,322291741805,-290858254386,-53686514735,21908039772,7111703369,-55377491363,-25587130061,0,-1162945156,-75240475009,-88384861170,-1,-120861295797,516839300531,-10628174885,-1049228979,252866266751,548782006450,0,0,322500194322,-372728059863,-582271515926,-632499381467,-158957850026,1645023948911,86147683,1486152246568,0.9104633946,0.7506304854,0.041625964521358534,1.8764490828136526,0.3126385809,11.7824314624,74.03059615960578,100.7289926669,42.3975544074,217.15714323390577,3.6235843359,0.2181262702692374,0.2735155950781364,0.34505432192348484,0.1665035827,0.0665893666,0.0986942705,1179359752164.0,274544116423,0.043715847,2.7350933525,0.5304593221,2.4061962521,-2.670466529645894,1.7506304854032944,11347863891600,310050926,6.957807818,1.1889415336,2.1964329564,-21.8030330594,1400.7434692938152,30783.6836093049,13.1599620116
REE,2019,3,7887549252658,1779170129188,1746371167518,3357654166445,971460705199,32893084308,10035597007860,0,409461360301,1887336284251,7412645820163,0,284300151441,17923146260518,7345479619897,2604648181843,4740831438054,10577666640621,10577666640621,0,5556224831609,630175440595,17923146260518,224292950409,119231805480,983825776689,0,240271674291,3100588410000,3100588410000,4223130284659,960575073269,505608522285,0,263335253948,791918218587,34647034275,34957021739,0.02776651638816002,1227675986047,402981535367,0.37222249523833995,94255391957,-102234461633,1227675986047,-555407599,1227120578448,-928687767951,298432810497,-82087982733,205086505357,-18326725563,-43843529534,453516469981,16580269511,0,-8807610800,7772658711,461289128692,-44713875361,-2850433912,413724819419,10743284052,402981535367,461303707755,44270363553,-20497736027,14746902,-301301970050,103586554883,287375667016,-35979125360,-12277739878,73402647537,-3557015957,-145118303899,-48592338475,0,-682682000,114571528984,-32464526253,885433607,-407878830505,983810500000,-258631204490,30298800626,174235158308,490255331293,0,0,429170175910,-740971721126,-8203012,-311809748228,293017112049,1486152246568,770571,1779170129188,0.846299037,0.6944328905,0.03870998909424518,1.9528307393569877,0.3011408147,12.1635764033,74.82400142383081,91.0684171087,42.0990358107,207.99145434323083,4.0079756692,0.19253409937824767,0.24319762518728413,0.3283960373940356,0.1724089735,0.0668461745,0.1007770755,1192316283610.0,236262555400,0.0428954424,3.0282589824,0.7060154875,2.6552870348,-2.3109874266089685,1.6944328904910315,11564899539800,310050926,6.6454865307,1.1625945987,2.2238990248,-31.7950676437,1299.7269208833131,32083.4107104908,12.7018676725
REE,2019,4,6012735641914,1559577051904,1201295628592,2153036224441,987203880889,111622856088,13606705573817,0,1859029456603,1856448851637,9211249462875,0,588365821917,19619441215731,8518063356605,3265708596509,5252354760096,11101377859126,11101377859126,0,6005469532951,704641957758,19619441215731,230844673692,98600000000,999666629701,0,240271674291,3100588410000,3100588410000,4739198675041,966231900835,887611982957,270180813969,280209693011,791898218587,38712034275,38930286120,-0.18814771771924008,1328161733720,449244701342,-0.1845530680722946,124112942241,-107253479024,1328161733720,-3332834845,1324828898875,-1028301752204,296527146671,-110273742749,322746321159,-21981441120,-89908061815,521223164387,6212627517,0,-5564047969,648579548,521871743935,-60463415381,16026797070,477435125624,28190424282,449244701342,521871743935,49585442720,-5115442444,76766957,-432600493679,108923799560,242741817049,1396780378703,-15108086214,-624970262269,-17107953603,-58637245626,-76126921575,0,-347484248,847224242217,-57959190501,5595484,-649661926074,1194699000000,-1882431456987,70000112735,202138014119,-1123209851224,0,0,566036464783,-504595397806,-4910364000,56530702977,-219454906030,1779170129188,-138171254,1559577051904,0.9337343568,0.767550952,0.16745934425380954,2.049517409564116,0.2784449776,4.2438115862,74.4390011837358,99.3950794109,50.3080549269,224.1421355215358,3.6722139784,0.13936716197298238,0.2238229758746966,0.33909639329537833,0.1558621635,0.0565657875,0.0933246145,1128878693905.0,184637643736,0.0,1.83527749,0.4892797061,1.5332640447,-1.7215072687263024,1.7672978493928697,9301527780000,310050926,5.6756373139,0.8946334236,1.9022183405,29.1431488127,1448.9384280761672,33533.2877226982,11.4106785502
REE,2020,1,5926660045049,1296596309665,1371111357788,2136332631203,1009683333603,112936412790,13671048950316,0,1872307521079,1832846029570,9267135866635,0,579913914490,19597708995365,8817803273808,3572437380488,5245365893320,10779905721557,10779905721557,0,5744143622463,650110586554,19597708995365,120811389983,245100000000,1022636950837,0,234656818414,3100588410000,3100588410000,4729278214927,963372418638,932571208479,263319375285,278644533565,785076503187,38738773275,38957025119,0.09469203413130002,1183767993544,255894367559,-0.2731873453116415,66089944207,-105417083323,1183767993544,-3007177106,1180760816438,-850703875846,330056940592,-127671240521,117278393807,-14488799968,-56455596602,314809641515,2202770642,0,-552698941,1650071701,316459713216,-38328274168,-35691186,278095747862,22201380303,255894367559,316459713216,79314826311,21347479703,-590368276,-182441299101,106770511525,340860863378,-8027964236,-22970321136,-269737419887,-8493290705,-159549053710,-56048413205,0,-3035159196,-156722409197,-74330522767,18090909,-718830000000,538510626302,-151508690282,23408240495,254759499807,-127972755536,15000000000,0,391729102525,-357256547955,-7762484221,41710070349,-242985094384,1539577051904,4352145,1296596309665,0.9639349273,0.8179851941,0.1736849625071278,1.9901677728795284,0.2664416526,4.3746598347,73.77054702450081,97.5161568904,45.1006432649,216.38734717980083,3.7429694898,0.2194454121569384,0.27952904262836437,0.21671990126752028,0.1447506197,0.0580568711,0.082335425,1168786193179.0,259112544022,0.0492307692,1.6589962017,0.3711946902,1.3763647022,-2.4579748922484805,1.8179851940796377,10076655095000,310050926,6.5330640173,0.9947540854,2.0188203728,13.8069201211,825.3301187012097,32671.3913281556,12.9125573893
REE,2020,2,6003915219700,785928804242,1413803945521,2562381402686,1147204245622,94596821629,13766069444254,0,1886668086990,1836202145575,9290892444839,0,571040640781,19769984663954,8586713257878,3368107072191,5218606185687,11183271406076,11183271406076,0,6117900440967,679720064351,19769984663954,421254212851,298392000000,1159878065085,0,234656206632,3100588410000,3100588410000,4687917479325,916597096674,1130123277939,256457936601,281565765015,763940368587,41277313275,41495465119,0.024028864491497683,1289756572520,373736553504,-0.1394543031603754,42182372412,-108910161594,1289756572520,-199900118,1289556672402,-896134284888,393422387514,-93166190062,176002337892,-20164733289,-38946993327,459329181140,3203982433,0,-271967898,2932014535,462261195675,-53942798409,-4933066476,403385330790,29648777286,373736553504,462261195675,81200171536,-17253497874,2366827161,-201625510443,110263589796,437212775851,-58366939491,-137241114248,132599156373,3908239061,-57804003769,-1053493075,0,-190722578,319065456359,-417918868286,-90909,-1169231566851,926866437939,44787604828,5910349689,173685187264,-435900946326,0,0,436243166186,-283699206811,-546381491391,-393837532016,-510673021983,1296596309665,5516560,785928804242,0.9394351487000001,0.7678176578,0.1687044889177018,2.0646364562567756,0.2612013318,3.3329207412,74.92359136403996,102.636572227,46.5130261653,224.07318975633996,3.5562372367,0.2592446443437762,0.30508344141338867,0.2898178587280367,0.1358186731,0.0596614776,0.0770693923,1268694208176.0,334310660898,0.0381861575,1.7825784902,0.242094656,1.4419704807,-3.0696002650722134,1.7678176578288836,12991133799400,310050926,8.7668698906,1.2368325128,2.5867071358,11.5566233338,1205.4037648769995,33876.8584800969,14.7419021039
REE,2020,3,5809082339976,696804827748,1207674282801,2843714200021,953762389570,107126639836,14001899611491,0,1946248771237,1804634529823,9339080425592,0,556629448034,19810981951467,8224627795755,2944631973220,5279995822535,11586354155712,11586354155712,0,6463597737100,737078478379,19810981951467,662799784375,288600000000,967139570848,0,234683246107,3100588410000,3100588410000,4738348927311,865719493473,839589707044,249596497917,276015778895,717033198709,55918313275,56136565119,0.22532587622301972,1504303153321,347012755150,-0.13888671143710984,40343386979,-103652538551,1504303153321,-715576123,1503587577198,-1078539108432,425048468766,-135889892947,164166085295,-18479454291,-63546623859,411641969943,10106915736,0,-814171291,9292744445,420934714388,-52275519735,-1059207474,367599987179,20587232029,347012755150,420943395511,80184429241,10725461030,26025843501,-193408991246,104832158533,449302296570,-318917329079,192738494237,-21175209897,-2767293728,-155841858582,-30565686047,0,-2260776087,110512637387,-299023186392,133836363,-38808000000,444251798720,-160875378473,47026988710,107737290105,100443349033,37000000000,0,304871662143,-571939977311,-69659988347,-299728303515,-88772317095,785928804242,-351659399,696804827748,0.8903825502,0.7098546864,0.16797766968632766,2.139052904679422,0.2689776953,2.801986332,75.8126735291369,98.250414449,45.3212501185,219.3843380966369,3.7149970516,0.2281359568394659,0.2826895321641963,0.23078985249178047,0.1277365595,0.0653148518,0.0723818505,1411368109080.0,343022390616,0.031372549,1.9727702452,0.2466443186,1.6488715719,-3.3093486701941526,1.7098546864028241,15761597226000,309050926,11.053976995,1.4527787564,2.9745968245,14.0719755317,1122.8335719337078,35105.1388771215,15.1482872352
REE,2020,4,6013639106954,657638665185,1328559221660,3082086528134,807507044477,137847647498,14522777220189,0,2584784885734,1773066914071,9287154637594,0,550997781489,20536416327143,8323794442801,3435673617850,4888120824951,12212621884342,12212621884342,0,7114794437554,759650361416,20536416327143,582919928420,466600000000,813557931672,0,234721594748,3100588410000,3100588410000,4347547338577,791049110244,1257771119063,242735059233,274213352353,307894164509,50793122087,50818488683,0.25456194736015286,1666261171065,651249072379,0.4496533190788122,73472168646,-98673631361,1666261171065,-413511136,1665847659929,-1208509788011,457337871918,-116733208900,457309635271,-29619176851,-126297912984,715469377100,12098671287,0,-3794595423,8304075864,723773452964,-63509758405,3973586964,664237281523,12988209144,651249072379,723773452964,80678797988,8238344155,24263716932,-528129403169,100027059563,408851968433,-124049049199,153581639176,47106563370,36765212999,-55217352169,-115699049006,0,-1446095732,356027237872,-641764298722,2698659363,-725080452258,580712586319,253421568732,4463329866,146594098054,-378954508646,10300000000,-47539203502,883137205814,-881595155625,19475311381,-16221841932,-39149112706,696804827748,-17049857,657638665185,0.8134238085000001,0.6810811373,0.211648645983873,2.2546733825303047,0.2809116147,2.5382485817,72.98247662127191,82.0334029585,52.5615470409,207.57742662067193,4.4494070322,0.1809413845776551,0.2745376320530367,0.39094155368730227,0.1396632101,0.0695832428,0.081093186,1560933390055.0,301420782083,0.0,1.7449534106,0.3149908666,1.5104471608,-3.054724731678764,1.6815730906622985,15761597226000,309050926,9.712690848,1.3761986351,2.7947319664,25.8035146833,2107.254881284517,37058.6038221966,13.6968109256
REE,2021,1,5968812897468,1177800418926,865891279760,2937677687284,833780267864,153663243634,14848515878608,0,2588002833638,1741499298319,9488435649538,0,543666602834,20817328776076,8189844112127,3127228400175,5062615711952,12627484663949,12627484663949,0,7529962988583,759387547065,20817328776076,609297973563,273000000000,838466739345,0,234678637677,3100588410000,3100588410000,4509644118292,787347372982,1234080662688,242061575064,269257328381,307894164509,45059033156,45084399752,0.001440779758619657,1185473542508,415811685438,0.62493488779947,111622276863,-92669117698,1185473542508,-2621147174,1182852395334,-746519129683,436333265651,-94654509669,165480941941,-15575898613,-66127285470,537078790703,2287229877,0,-874163583,1413066294,538491856997,-65221367144,-1480148916,471790340937,55978655499,415811685438,538491856997,88095027725,2923345927,-26938341109,-191596572833,94022545900,504997862607,-30454577222,10580740001,-352163164231,-6152007925,-139771938004,-57236839261,0,-2660532578,242113817907,-293676097193,41271750,-276829000000,638320415380,-151952236381,0,183167248577,99071602133,29500000000,0,616239872896,-449175428980,-11616401615,184948042301,526133462341,651668665185,-1708600,1177800418926,0.8119882345199585,0.6485728621482849,0.20494998826065908,2.3312646399556827,0.27883434295654297,2.5058979988098145,87.20940337941069,87.7515869140625,46.00126647949219,220.96225677296536,4.159469127655029,0.299809243289281,0.3688822606879816,0.351533029039171,0.15020543336868286,0.07258008420467377,0.08835813403129578,1663542362112.0,354630081568,0.0,1.9086591005325317,0.4143631160259247,1.6420395374298096,-3.8268421063822613,1.648572881304596,16163363429800,309050926,9.0628121656,1.3619170176,2.8649077423,15.7655783952,1345.4471430316958,38401.7523276536,12.9174201346
REE,2021,2,7083302905366,2301828977307,899880457718,2773684720668,898359216604,209549533069,23293561833649,0,12931242411943,1710700779341,6384185166373,0,639833823842,30376864739015,14987859778065,4604047957609,10383811820456,15389004960950,15389004960950,0,7907126143351,3143744689298,30376864739015,467532921911,0,903025556868,0,234678637677,3100588410000,3100588410000,9675112026674,725242077010,1284559722806,326870296351,267958987501,294089687133,38953763275,38979129871,0.26729876238692635,1634506908135,383675380441,0.026593135843464205,46389419845,-190880046079,1634506908135,1907714903,1636414623038,-972735035139,663679587899,-220247422987,134770365569,-20487528590,-75001035005,529103386731,5048739632,0,-2974157727,2074581905,531177968636,-62739391289,1884372090,470322949437,86647568996,383675380441,531177968636,262015392816,4267459051,7188617373,-168498133458,192233474279,828384778697,-79075398488,36130540080,-384557133869,33618355463,-85026695965,-38458715803,0,-3245014254,342609551903,-135771511917,-11271750,-452642880000,429943237119,-19993057032,15735928907,464019583434,301280028761,80000000000,0,1131521053723,-708502185552,-22990800893,480028067278,1123917647942,1177800418926,110910439,2301828977307,1.3408783627999998,0.9739330006,0.8402910028787672,2.8410917981147517,0.2616822425,1.194736948,91.4882797837564,80.2235413097,67.8439929396,239.55581403305638,4.5497866841,0.34721702941590354,0.405569333441228,0.23446098258930706,0.1387808733,0.0594817074,0.0785544083,2078237926341.0,568191024304,0.0,1.5384945966,0.5180219275,1.3433708219,-2.9766915713591215,1.9739330006129105,22560717598000,309050926,12.5696156211,1.8424040892,3.7672131015,21.4951037996,1241.4632934670449,39622.143929936,16.5343460553
REE,2021,3,6644771621774,2075494945581,586685427340,2752165864022,850380387681,380044997150,24284395886412,0,12722692650352,1679105092160,6257330087512,0,627347109786,30929167508186,15264641592460,3845288712893,11419352879567,15664525915726,15664525915726,0,8170594652108,3155797135317,30929167508186,358739481208,0,855048771000,0,234678637677,3100588410000,3100588410000,10701636067583,860709693902,853474308600,317499675244,264857115267,294089687133,36833763275,36859129871,-0.27345694916536567,1092941002394,263643419254,-0.24024862100519245,65900000910,-183859667778,1092941002394,-286428116,1092654574278,-743156815640,349497758638,-190709192683,161583371536,-15161128844,-73444865728,297665943829,2027668313,0,-766908633,1260759680,298926703509,-28666672580,-25867556,270234163373,6590744119,263643419254,298603837862,260037214897,-703784449,-36009037475,-255607269694,185213095982,451534057123,490718324861,47976785868,428090222448,-2532305921,-205983156293,-39128161962,0,-2956280236,1249190038583,-2489120737188,94999009,-115166120000,319050762881,-12372009170,38577354741,291451257461,-1967484492266,5000000000,0,1129960060193,-603649894906,-37859802728,493450362559,-224844091124,2301828977307,-1489940602,2075494945581,1.4208375385,0.9744719805,0.8121977466026838,2.8919580059565946,0.2173302688,0.7237576686,104.07930482097439,84.7666166812,87.3292759328,276.1751974349744,4.3059404078,0.23876874742266194,0.3198611591123752,0.24128706863119048,0.1226887092,0.054561113,0.0667984912,2175960085447.0,260891764066,0.0,1.7280293153,0.5589649881,1.5068806705,-1.4189722369182776,1.9744719804852475,19779259264000,309050926,11.5462902449,1.5812365598,3.5460877581,9.0389317147,853.0743546582999,40474.6523244813,14.8967217031
REE,2021,4,6755532739018,1830901134902,863912122575,2985755102581,798892271240,276072107720,25070816618701,0,16057664537081,1570332277547,6311443381526,0,688233586126,31826349357719,15470347761793,4356127025190,11114220736603,16356001595926,16356001595926,0,8962393307280,3055474160345,31826349357719,144703089589,21000000000,805464106620,0,234678637677,3100588410000,3100588410000,10650116813508,820328773291,1323841836561,308129054137,329728703772,286508615133,37189676300,37189676300,0.14032241318001584,1900074959577,791798655170,0.21581540573651053,240932397807,-195051206231,1900074959577,-2185623406,1897889336171,-1035267840950,862621495221,-200603044947,312324112714,-33835185602,-156915453315,1024524321878,15206870494,0,-7068045437,8138825057,1032663146935,-115429594235,6550403940,923783956640,131985301470,791798655170,1032663146936,284934570211,9735213649,-2596710548,-548222697944,196404634433,972918156737,-351728096530,105631661586,-633348198695,-16690186058,-75998615863,-95346223063,0,-2406968164,-95635219090,-993690471956,599334520,-59101312954,101972579459,-34717442058,190617895525,352805791132,-441513626332,6500000000,0,800520391232,-501136770359,-13273268798,292610352075,-244538493347,2075494945581,-55317332,1830901134902,1.3885623048,0.9456683328,0.9817597805248863,3.0196170643945592,0.2219286898,0.623288367,106.27754652787223,84.4783255602,67.4113453455,258.1672174335722,4.3206348798,0.3540095007117235,0.454516224302805,0.41719959118768074,0.1298596764,0.0654562568,0.070862098,2747241920773.0,671870856304,0.0,1.6753699462,0.4685577125,1.478464973,-3.444587035818176,1.9458514460922038,22869768524000,309050926,12.3282965621,1.7192762023,3.9364049543,15.0006032199,2562.0329484791773,43041.368163634,12.9239368479
REE,2022,1,7459877470927,1776626110212,1239184012457,3277695550804,910206552576,256165244878,24942527353527,0,15802686420404,1541896762368,6429036454110,0,676204385880,32402404824454,15456796830481,4087802635839,11368994194642,16945607993973,16945607993973,0,9344612387763,3262861477909,32402404824454,214049359714,21383880000,916775331859,0,234678637677,3100588410000,3100588410000,10701595831466,912818990220,1237490161167,298758433030,329129541050,286508615133,37189676300,37189676300,0.7254237568800036,2045444213396,693336998049,0.6674302871470905,38067160452,-213916376631,2045444213396,-31844727,2045412368669,-895050025249,1150362343420,-217565023137,177750072372,-19775841202,-83664130705,1045174581200,2459401862,0,-823566904,1635834958,1046810416158,-89390376406,-2059002510,955361037242,262024039193,693336998049,1046810416158,303467910166,-2752027488,-1833458288,-209881071430,213916376631,1349728145749,-252339204238,-110302681511,-117240855757,-10879956893,-273415373628,-158851751387,0,-1667723400,428217793835,-141460247808,502757621,-474530386974,145687422192,-1842900214,0,37969868638,-433673486545,1471000000,0,396613679805,-418831625341,-28074966539,-48821912075,-54277604785,1830901134902,2580095,1776626110212,1.3360796397999999,0.9121417677,0.9325535221884337,3.1284691900425776,0.2126062773,0.464049638,106.5282728738523,87.0982899586,98.6218819018,292.2484447342523,4.1906678096,0.5118392689657284,0.56241096467436,0.3389717441183615,0.1325429134,0.0882085168,0.0679478418,3658331104277.0,1046922371513,0.0,1.8249113608,0.4515855199,1.6022473446,-4.894073039199392,1.912141767706327,27508158840600,355402569,12.8998635449,2.0104266938,4.1226963015,14.2946510082,1950.8497082613942,38499.2898463376,11.1891130229
REE,2022,2,7624756748927,1607323675858,1521644344567,3220814947180,1019530809821,255442971501,24876912216340,200000000,15588719160687,1513526030439,6424859752100,0,664515453511,32501668965267,14931341290834,3962627482215,10968713808619,17570327674433,17570327674433,0,9471046483113,3297630633019,32501668965267,224246968150,61800000000,1025622253004,0,234678637677,3564104840000,3564104840000,10303153962786,986801775110,1345193619089,289387811924,325133497406,286508615133,37522056550,37722056550,0.238530849258912,2024387229052,596445626350,0.5545579850978187,43467722857,-212648211818,2024387229052,-1447520153,2022939708899,-1127008141217,895931567682,-225454904498,228551905209,-19906313336,-86245011899,836344966015,9961005401,0,-1700340715,8260664686,844605630701,-91137132801,1592839179,755061337079,158615710729,596445626350,844605630701,301972522115,-6947320066,9404535946,-262700222097,215355068221,1101690214820,279391263825,-108831908646,163651467347,12293836170,-295149423421,-33192950049,0,-8795683739,1060742311427,-238877375153,9079398536,-679956120000,407162441769,-162055820777,0,186313278146,-478334197479,0,0,440800116040,-756105118542,-436250926053,-751555928555,-169147814607,1776626110212,-154619747,1607323675858,1.2493507207999999,0.8498043729,0.8872184656732677,3.243803869885725,0.2211787129,0.4692497386,100.84833853358592,86.5062664425,74.1582736049,261.5128785809859,4.219347511,0.39041215067988544,0.44288594649695096,0.2948410294811109,0.1409888405,0.0947840794,0.0734836979,3919877451719.0,789780242447,0.0,1.9241669279,0.4358230888,1.6668803638,-3.714022496097696,1.849804372889468,26975054987100,355402569,11.5022085082,1.8899760087,3.8214268963,10.2081782894,1678.2254220283928,40159.2399333895,10.2844310881
REE,2022,3,7506675610574,1061800033013,1634634684811,3288635236369,1254924875614,266680780767,25538141960600,200000000,15875069271093,1485155298510,6491467430869,0,980833059074,33044817571174,14814490914580,3793038404506,11021452510074,18230326656594,18230326656594,0,9987277949229,3441398149064,33044817571174,277949699406,68800000000,1260248686932,0,234678637677,3564104840000,3564104840000,10350203154158,917779572050,1170604773547,600949015707,332712213009,286508615133,25157692250,25357692250,1.0434720435283587,2233394383618,680855250194,1.5824852830407603,61443352886,-222197736312,2233394383618,-174057021,2233220326597,-1315625120220,917595206377,-253166359146,358282897270,-21919911461,-105656476303,956578709623,8448743107,0,-40804205540,-32355462433,924223247190,-86915479039,-2932913632,834374854519,153519604325,680855250194,924350125061,321218102989,-1495334986,27971614703,-422666972164,219490879908,1068868415511,-71370410965,-234641446427,-173979993740,-23190758789,-303741057275,-21747681472,0,-1954885997,138570228726,-199344792319,776035318,-572463880000,632112572877,-438163872195,2282519970,358144831100,-216656585249,4000000,0,712726990282,-1132035654819,-47900842733,-467205507270,-545291863793,1607323675858,-231779052,1061800033013,1.1997048376,0.8126289338,0.8708055302646432,3.3656517541212465,0.2527280765,0.517935929,91.50310631230587,83.636899054,56.3223411625,231.46234652880588,4.364102497,0.35375766967732974,0.4108843160026397,0.3048759865227866,0.1599042563,0.1108728233,0.0851452562,4510185394358.0,790018818613,0.0,1.9790665978,0.3377642727,1.6482170936,-3.5554764496056404,1.8126289338442285,25517904454200,355402569,9.2375341167,1.7254735149,3.1121438531,16.657864785,1915.7296811605208,41611.7659170044,8.7398426121
REE,2022,4,8586476962774,1151270491294,1749361611727,4012828277938,1421790160972,251226420843,25341617724040,150000000,15841877918963,1456784566540,6490632669262,0,969023798717,33928094686814,14716793015493,4091037228536,10625755786957,19211301671321,19211301671321,0,10706160897582,3703490215438,33928094686814,299562750913,94850000000,1429139313627,0,234678637677,3564104840000,3564104840000,9945950959393,810331843598,1455134067019,583349373449,328328304594,286508615133,34020930892,34170930892,0.616582123107298,3071627212216,719192597490,-0.09169762692311141,59440157945,-230117916505,3071627212216,-1382926561,3070244285655,-1718642315683,1351601969972,-247035288492,312857471341,-27306263413,-304278910328,1145279137025,25969806702,0,-110801996135,-84832189433,1060446947592,-102584491169,10175290316,968037746739,248845149249,719192597490,1060446947593,297948019903,96957945483,10497537263,-249593778315,230117916505,1446374588432,-712941823506,-168890626695,261908408339,16699386004,-194384306733,-145444714374,0,-1044140707,-68063229048,-162695424361,9923594465,-427902421547,928222016439,-135350530556,-2282519970,155885696228,365800410698,0,0,282670068100,-427699037350,-63471965178,-208500934428,89236247222,1061800033013,234211059,1151270491294,1.111611002,0.7660435114,0.824612417731801,3.54675768498348,0.2851142492,0.5875901067,91.49738030282057,80.9177956684,47.4036343206,219.81881029182057,4.5107506573,0.332226592195543,0.44022619838005883,0.23424605033881493,0.1514284446,0.1196953973,0.0819121599,4888507707098.0,1020016796231,0.0147058824,2.0981479994,0.4750030326,1.7534346777,-4.432583137040688,1.766048717951398,24167374692000,355402569,8.9758263975,1.5585549248,2.5786983496,15.4018587181,2023.599884248445,43630.1595274625,7.7871986742
REE,2023,1,9046535835587,1395512798370,1310184212591,4697121425211,1412299182963,231418216452,25275366550045,150000000,15604255259000,1428434459581,6680466161585,0,947772801267,34321902385632,14524123618113,3835177127999,10688946490114,19797778767519,19797778767519,0,11075172647547,3920955561671,34321902385632,427259565246,73850000000,1432125505129,0,234678637677,3564104840000,3564104840000,10000627498270,865239751964,1160884746057,565749731191,325086030492,286508615133,19486564650,19636564650,0.15943614662682726,2371561956920,745081716319,0.0746314107217787,58567040015,-249191399087,2371561956920,-2727054608,2368834902312,-1114447520402,1254387381910,-256207210125,209033492323,-19177580205,-101935676111,1144667447807,9107728072,0,-1529472711,7578255361,1152245703168,-97054920458,-408929861,1054781852849,309700136530,745081716319,1152245703168,317591288040,-791688957,2994051837,-260277465649,249191399087,1460953287526,-696669712644,-2986191502,-278245328002,-4823188153,-275029390505,-168918102378,0,-1244875164,86729736286,-142569129359,13258609894,-171518767972,577950000000,0,0,155146712927,432267425490,0,0,413874494380,-657536911728,-31092753399,-274755170747,244241991029,1151270686145,121196,1395512798370,1.0689148511,0.7336238973,0.788182120945858,3.6550320842716997,0.2898503447,0.6164521573,93.61499986053674,89.02592674,40.4956716422,223.13659824273674,4.0999292382,0.4784099240043771,0.5295376983367261,0.3145350972293573,0.18142232,0.1205806031,0.0819625484,4971819915932.0,1133274125594,0.0,2.3588312961,0.5557793852,1.9905825462,-4.54780594252509,1.7336238973405358,26565912425000,408706345,9.6900829397,1.6732511335,2.7400987034,21.8116157555,1823.0245882749875,38846.5297886383,8.0962038274
REE,2023,2,8932281664995,1620219594145,1410157981733,4291447153119,1386382793938,224074142060,25340003674001,0,15423112280065,1400084352622,6783645848369,0,934566355714,34272285338996,14212782790413,3942007277166,10270775513247,20059502548583,20059502548583,0,11030682773044,3694131457238,34272285338996,284164103210,46875000000,1405716866201,27890000,234678637677,4097142600000,4097142600000,9580529049330,819092145235,1212804622964,548150088936,330719527287,286508615133,31780276915,31780276915,0.0749971574747077,2176210516859,488982300903,-0.18017287863209092,57908143430,-245549862742,2176210516859,-2042669196,2174167847663,-1293704746269,880463101394,-255025999889,179814323581,-22621017009,-148451030905,692087520602,6617593283,0,-2033429656,4584163627,696671684229,-72234579308,-1022024641,623415080280,134432779377,488982300903,696671684229,316783188839,54913427797,6252434306,-234963140375,247464719146,1087122313942,211746256287,26538354218,124786783591,3171637365,-279731477928,-10502831527,0,1589376425,967658439231,-130292347495,5431392696,-184050000000,308115000000,-133728236918,21790432000,182752443064,70018683347,0,0,381846910726,-759868933194,-434949654804,-812971677272,224705445306,1395512798370,1350469,1620219594145,1.0156713843,0.708531169,0.7688681333303794,3.70335108148038,0.2905267536,0.6277201308,107.26397139088269,92.6719729455,37.8567216034,237.7926659397827,3.9386233874,0.32628164115411795,0.4049655606582558,0.2249054972589187,0.1684782062,0.1183910862,0.0777212721,4906241393689.0,709391053480,0.0,2.2659221653,0.6477109187,1.9142275345,-2.8889898188432683,1.7085311690053344,25707629100500,408706345,9.7595710453,1.5708552502,2.6108479473,22.8535088901,1196.4147532453894,40041.8816383802,7.8624086221
REE,2023,3,9367076920443,2085304198461,1436290479678,4296703262058,1328062526120,220716454126,25222008235319,0,15157965502005,1373796566900,6779252758343,0,927695605540,34589085155762,14072391414264,4519768584696,9552622829568,20516693741498,20516693741498,0,11480522946352,3701482476845,34589085155762,283105879197,125000000,1347378792683,0,234678637677,4097142600000,4097142600000,8857891146095,826427553727,1992511964139,530550446675,340948862109,286508615133,18143776315,18143776315,-0.12015760294394123,1965035068054,449650172679,-0.33958036961471827,48567357504,-227973532169,1965035068054,-3340898512,1961694169542,-1308106091522,653588078020,-276436606919,217903078451,-21179072116,-97384773465,525058061475,2324192619,0,-973450254,1350742365,526408803840,-61140963910,-100237611,465167602319,15517429640,449650172679,526156782425,317097634339,4181609746,44957242307,-242199189480,228701720866,878895800203,-4966124476,58208358228,39708388119,-17040968718,-246525679500,-52040166103,0,-7526072030,534485725778,-228429308048,-4895095720,-54320000000,189100000000,-864692005,9869758000,230657820497,141118482724,0,0,555100285314,-546624694485,-218993510243,-210517919414,465086289088,1620219594145,-1684772,2085304198461,0.9605979649,0.68589957,0.7388113159454054,3.787756938237016,0.2793332566,0.6174671443,122.20663411724797,94.2630646494,35.2400737419,251.70977250854799,3.8721423005,0.27273580191346186,0.3331753176248642,0.22921522613485698,0.1488669533,0.1083207102,0.0701008773,4647126338865.0,535024232439,0.0,2.0724682569,0.6930871594,1.7786340702,-2.346869951737989,1.6858995699585133,22519719609500,408706345,9.3718656619,1.339246903,2.3519433829,14.8077075079,1100.1790850078435,41142.5256063813,7.5285883032
REE,2023,4,9522301155735,3022796277503,1132366903888,3777035068930,1353834235393,236268670021,25388025025540,0,14916512381498,1345379933498,6560455880296,0,939736905195,34910326181275,14140000235760,3936139840148,10203860395612,20770325945515,20770325945515,0,11803320970584,3451404029618,34910326181275,184191073833,125000000,1408746219655,0,415591264689,4097142600000,4097142600000,9510034072199,705703871065,1232784873038,512950804417,346996281754,286508615133,18158176315,18158176315,-0.3272361815224461,2066479652230,504113990500,-0.2990556462074689,64622863401,-216040100374,2066479652230,-1270243346,2065209408884,-1142839529331,922369879553,-228348862409,266947539638,-29544975862,-314954286372,681092157949,7167887918,0,-6715692246,452195672,681544353621,-61649166024,23593522269,643488709866,139374719366,504113990500,681040868063,312434171602,209047472027,-19241629896,-327702019904,216997528576,1072576390468,270265607777,-61367426972,-24030443249,-3011954861,-188434137808,-140739036757,0,-5282902564,1247817428679,-387520308459,1651077814,-289011250827,295188767972,-144861064433,0,504932188457,-19620589476,0,0,1578852626445,-1668133420388,-201449526707,-290730320650,937466518553,2085304198461,25560489,3022796277503,0.9748487398,0.6808908366,0.718164578669935,3.834582082318715,0.2490284209,0.5572410167,128.79338379294995,106.5671372254,47.6571369246,283.01765794295,3.4250708943,0.2798121172764123,0.44662293111061857,0.24409824414484613,0.1333350119,0.0937495683,0.0635890589,4218223210941.0,577870617319,0.0159235669,2.4145148931,0.9487122306,2.0712986294,-2.6748303500998816,1.6807789282099972,25666758466000,408706345,11.7289965173,1.4820799653,2.9949828508,9.1121237932,1233.438131477993,42372.8823467911,9.0401427207
REE,2024,1,9985294065762,3319609374469,1259688234197,3760845189907,1408631830926,236519436263,25155474824853,0,14662835639054,1317055348319,6234246308067,0,923836604761,35140768890615,14286415397539,4013972431008,10272442966531,20854353493076,20854353493076,0,11870809165919,3467943381844,35140768890615,208970989887,100000000,1501062664995,0,415591264689,4097142600000,4097142600000,9561904879628,697702060149,1135121813110,495351162159,343108282406,286508615133,31246662315,31246662315,-0.22321602941232258,1842191313391,480481502873,-0.35512911892836435,70161494649,-191747493837,1842191313391,-4717939882,1837473373509,-1096123885981,741349487528,-223279127406,121159068285,-18733863540,-95958602242,594698457274,4334064401,0,-268898343,4065166058,598763623332,-47782996919,-2070504477,548910121936,68428619063,480481502873,598763623332,313018377039,35510884138,8889828832,-186158174564,192704922039,962729460816,357068590046,-92316445340,-98894709808,-2944513980,-224479710056,-89191786033,0,-1581922408,636020562928,-267278612111,417494546,-12000000000,59125000000,-229602468651,7017690972,256391019275,-185929875969,17640450000,0,1276513786337,-1332969911043,-114465825808,-153281500514,296809186445,3022796235406,3952618,3319609374469,0.9714485553000001,0.685056739,0.7031066987486478,3.850095104557452,0.2314707976,0.5344739298,149.11806257749447,106.7473946479,43.441594403,299.30705162839445,3.4192871986,0.34104277688077783,0.4034613498165985,0.26149032132935374,0.1133211792,0.0776176164,0.0553795647,3708276296803.0,626657021746,0.0140646976,2.487633943,1.0496897738,2.136701829,-3.2681367000223025,1.685056738981735,33417389983500,470005485,17.3756780567,1.9220408221,4.1571442116,9.8693343431,1022.2891396107856,36991.930235095,11.9362062427
REE,2024,2,9567637996607,3675601596434,1177088132367,3154530111452,1351560776857,208857379497,25174296695603,0,14439170002374,2637979651871,6162106996153,0,891583964808,34741934692210,13496031295585,4110084767123,9385946528462,21245903396625,21245903396625,0,11602300045176,3515011006136,34741934692210,180604791630,50000000,1440458725485,27890000,415591264689,4710134000000,4710134000000,8668160814257,886756269214,1264392016114,477751519904,338195024303,265849915133,36438272015,36438272015,0.003096266056891119,2182948643615,353864966006,-0.27632356968233784,88560678914,-184399489333,2182948643615,-1750999021,2181197644594,-1500980152101,680217492493,-201318860845,112673801689,-34371066146,-175369379912,470392666193,4637447271,0,-1313945128,3323502143,473716168336,-68867198611,-1960308711,402888661014,49023695008,353864966006,473716168336,314604786389,63626401324,6033465096,-195564019382,185356917535,847773719298,254415751905,60636813585,343747997093,11066768982,-136273695769,-45703427526,0,-4041906902,1304869595996,-287987306748,3213382135,-115900000000,239050000000,-5339564331,117459889028,397087066583,347583466667,0,0,423289085891,-1222928963901,-496581728888,-1296221606898,356231455765,3319609374469,-239233800,3675601596434,0.8754964803,0.6352298155,0.679621371368361,3.9223823786436265,0.2308925963,0.5438359373,142.62737356352568,102.9922978941,45.1274024792,290.7470739368257,3.5439543292,0.215696659860722,0.3118550463223213,0.16223425093229785,0.1032822274,0.0708832054,0.0513153537,3467183887308.0,470477046435,0.0151745068,2.3278444457,1.1215985228,1.9990043236,-2.551401026850912,1.635229815538411,31039783060000,471013400,17.3303860356,1.7506046721,3.8579945643,8.3231368666,751.2842861922825,37644.1357942025,11.7708626443
REE,2024,3,10627102970555,5068969563782,1119089292234,3021072202669,1229430486404,188541425466,25021637893040,0,14196014257697,2590192707914,6221628587108,0,883061399547,35648740863595,13860699299941,3497046905287,10363652394654,21788041563654,21788041563654,0,12081954940901,3567415127440,35648740863595,411680888511,0,1317666005842,0,415591264689,4710134000000,4710134000000,9646991567753,988355635703,940158594057,460151877643,349351403184,265849915133,37384006403,37524006403,0.033754335280991164,2031363520580,479845620624,0.06715319993117444,62616197585,-180657147299,2031363520580,-1939532938,2029423987642,-1341809177613,687614810029,-185252307207,207066167835,-29114089397,-109606176398,633324602447,3606922699,0,-4160417127,-553494428,632771108019,-69202369563,-2053946464,561514791992,81669171368,479845620624,633518423429,335609272585,485500984,-7047296177,-263108853228,181643225943,881100273536,207401948499,122759845568,-92313451581,-15228071267,-233289765512,-9717851193,0,-1760909692,844756314991,-165225036559,590898856,18500000000,40050000000,-45104632712,18732264437,301772073378,169315567400,10079150000,0,1322331717175,-664739937817,-288633586842,379037342516,1393109224907,3675601596434,258742441,5068969563782,0.9286810689,0.6361608619,0.6515507241081393,4.022471000598036,0.2310795251,0.5574762244,132.25420364890888,101.7756999225,47.3638074445,281.3937110159089,3.5863177583,0.2704681464181193,0.3388226483062043,0.23644424405445977,0.102937284,0.0686914613,0.0517881844,3499565837349.0,548894544234,0.0152905199,3.0388791624,1.7168011448,2.6873166814,-3.0383217738158,1.6361608618859487,30804276360000,471013400,16.9118944256,1.690626635,3.7967608247,7.6239681824,1018.7515272898818,38683.8812573358,11.3985202564
REE,2024,4,11285775224595,5635908856765,1060073372989,3129681988376,1276815964044,183295042421,25076564658982,0,13961348221477,2542405763957,6198537115816,0,885254387865,36362339883577,13907555789461,4070052841712,9837502947749,22454784094116,22454784094116,0,12761421317915,3554691280888,36362339883577,243554086604,0,1379188278200,0,415591264689,4710134000000,4710134000000,9142740044801,998575490194,1254303152582,442552235390,357349937409,265849911604,36440426781,36440426781,0.13144143272540118,2338100698417,678294740904,0.34551858049256023,95184137468,-181144345749,2338100698417,-2529102948,2335571595469,-1320438952712,1015132642757,-179638801166,276140969661,-35981220607,-197580186725,973257541388,21762774653,0,-13411935836,8350838817,981608380205,-112464422660,12857611538,882001569083,203706828179,678294740904,981608380205,335261036346,-4735819629,-7862632991,-358783406264,182101773951,1127589331618,-114650469596,-61460261047,110634544862,1734437806,-143169968907,-135283320072,0,-2831058047,997879764963,-314537157724,953481906,-348254000000,205542074399,-23748563759,30520341711,323277940819,-126245882648,0,0,429584485707,-607334246639,-126941643907,-304691404839,566942477476,5068969563782,-3184493,5635908856765,0.8701835279000001,0.6193582504,0.6217538393137078,4.145563867197055,0.2352497272,0.5806293421,130.50905858482443,96.7375459799,46.622450805,273.86905536972444,3.773095506,0.3346380975608905,0.4346399162955884,0.29041916001200274,0.1100765983,0.073916367,0.0559353682,3726781195239.0,781571235425,0.0152671756,2.7728817447,1.5648571864,2.4591718215,-4.314632246418404,1.6193582503919646,30851377700000,471013400,15.4584525411,1.6323400104,3.6799385242,8.1444289411,1440.0752524323086,40126.4439891264,10.7162109427
REE,2025,1,11941000364115,5411419859093,1302663372989,3636820728214,1390349253901,199747149918,24948410404892,72924300000,13801343965620,2495866156037,6214916246941,0,859707308608,36889410769007,13661919056483,3963297615951,9698621440532,23227491712524,23227491712524,0,13366960041774,3721860175437,36889410769007,330148332791,0,1487949370196,0,415591264689,4710134000000,4710134000000,8992667814263,1086635188703,1264798973805,424952593127,350716700470,265849911604,31972322543,106112422543,0.12556163238128645,2073499861859,611403988759,0.2724818439485384,110150181670,-166743807099,2073499861859,-5136610515,2068363251344,-1117906047949,950457203395,-190666721407,140119096870,-20461990371,-92701532459,896896237698,5037470677,0,-3881407057,1156063620,898052301318,-79868631741,-1391440744,816792228833,205388240074,611403988759,898052301318,336651568835,-7994260419,11681298490,-214879113661,167701235301,1191213029864,-452678772500,-108761091996,1797047942,-9625525949,-206871228433,-102911670362,0,-4351295163,307810493403,-224331422970,2369305001,-347814300000,32300000000,0,57468469980,128004267365,-352003680624,85710000000,0,398570071987,-521224762609,-143351317999,-180296008621,-224489195842,5635908856765,198170,5411419859093,0.8287651048,0.5881788368,0.5941814181416099,4.288219827252333,0.239888916,0.610984457,115.70355792968921,97.1960113185,47.6397148814,260.5392841295892,3.7552981347,0.40480978378480453,0.45952141277766523,0.29559797504704083,0.1142274364,0.0787887047,0.0591304219,3960363170814.0,837293680565,0.0145985401,3.0128952002,1.5503661436,2.6620890311,-5.021437948024526,1.5881788367668064,37103582521500,541658139,17.463523182,1.9021984728,4.3070798377,10.7319290052,1128.7635959606619,36010.9636183035,11.5321468401
REE,2025,2,11935710789673,4779867178468,2018068818560,3702369679427,1240817458635,194587654583,25100739632766,72924300000,14257177907321,2454009065022,6385839890790,0,855077625853,37036450422439,13547407556464,4096640984307,9450766572157,23489042865975,23489042865975,0,12807080066674,3836843913988,37036450422439,483409589259,0,1337481496838,0,415591264689,5416581390000,5416581390000,8728031684725,976182407762,1333338813555,407352950869,355904044131,265849911604,31997013128,105757113128,0.1527148844037557,2516317393384,623499781848,0.7619709260436598,119534219469,-171741057406,2516317393384,-2809584763,2513507808621,-1660322958720,853184849901,-201173435473,222797863794,-30840656754,-136792059453,826710781484,10810149818,0,-9688925707,1121224111,827832005595,-96469264420,7792470714,739155211889,115655430041,623499781848,827832005596,345865779801,25876330995,23773085767,-332758645417,172698485608,1063287042350,-125700701411,150467873358,6415283096,4553279971,-136551802919,-12141792665,0,-4567069866,745466666343,-268241125638,4075205946,-816500000000,301390000000,0,0,189463611190,-589812308502,0,0,512827293352,-762637388664,-537398605524,-787208700836,-631554342995,5411419859093,1662370,4779867178468,0.7999220014999999,0.576754346,0.606971428707008,4.336506954246099,0.2452255481,0.6366077308,110.04378669919379,92.6221188596,45.7704046932,248.43631025199377,3.9407433612,0.272747166864828,0.3394399042544004,0.2480596160113281,0.1254897551,0.0850454974,0.0655911821,4206699251485.0,685552133694,0.0152671756,2.9135359519,1.3946316574,2.6106494008,-3.9917777615246552,1.5767543460056461,35478608104500,541658139,14.8240596297,1.8053251034,3.9654785882,12.2498935483,1151.0946424604542,36281.5538750485,10.6014128114
