Open,High,Low,Close,Volume
9.75,11.41,9.51,11.41,2566650
11.53,12.21,11.45,12.21,1260740
12.37,12.76,12.29,12.52,643090
11.89,11.89,11.65,11.65,646450
10.86,10.86,10.86,10.86,522310
10.11,10.11,10.11,10.11,443330
9.43,10.07,9.43,9.99,1432860
10.07,10.31,9.95,9.99,507270
9.95,10.07,9.79,9.83,246780
9.75,9.91,9.59,9.63,408080
9.59,9.75,9.55,9.59,210900
9.55,9.67,9.51,9.59,274450
9.67,9.71,9.51,9.59,192340
9.51,9.67,9.47,9.47,482240
9.47,9.51,9.39,9.47,185500
9.59,9.67,9.47,9.59,206790
9.63,9.63,9.47,9.55,276930
9.47,9.63,9.43,9.47,176650
9.59,9.99,9.47,9.99,826360
10.03,10.38,9.91,10.38,617570
10.31,10.62,10.31,10.5,520330
10.46,10.7,10.46,10.66,1334250
10.58,10.7,10.54,10.58,320920
10.62,10.7,10.5,10.54,203270
10.5,10.54,10.42,10.5,265600
10.31,10.58,10.31,10.54,462910
10.54,10.7,10.46,10.58,170320
10.58,10.7,10.54,10.58,211640
10.62,11.1,10.58,11.06,839670
11.1,11.34,11.02,11.34,593910
11.41,11.45,11.26,11.26,287470
11.18,11.26,11.1,11.18,169370
11.18,11.18,11.18,11.18,0
11.18,11.18,11.18,11.18,0
11.18,11.3,11.14,11.18,169940
11.22,11.3,11.18,11.26,284450
11.26,11.3,11.22,11.26,235090
11.3,11.38,11.3,11.34,140490
11.38,12.13,11.34,12.13,2194850
12.17,12.48,12.13,12.41,760650
12.45,12.6,12.45,12.45,464150
11.89,12.45,11.73,11.85,233270
11.61,11.81,11.38,11.57,197700
11.57,11.77,11.57,11.73,319310
11.77,12.01,11.77,12.01,1084100
12.05,12.09,11.89,11.93,168500
11.97,11.97,11.81,11.85,403360
11.77,11.81,11.69,11.69,290890
11.61,11.77,11.57,11.69,192270
11.77,11.89,11.69,11.89,312170
11.89,12.13,11.89,12.09,236920
12.17,12.41,12.13,12.29,620650
12.33,12.33,12.13,12.17,182160
12.05,12.17,11.97,12.13,202590
12.09,12.17,12.05,12.09,108210
11.97,12.05,11.89,11.97,154960
11.97,12.8,11.97,12.8,1374000
12.84,13.59,12.72,13.4,980110
13.44,14.31,13.36,14.31,1265920
14.31,15.3,13.32,15.3,1473520
15.34,16.37,15.34,16.33,1512470
16.45,17.44,16.37,17.44,1249580
17.56,18.63,17.48,18.63,2007600
18.75,19.9,17.36,19.9,1860630
20.09,21.28,18.51,18.51,1639990
18.51,18.51,17.24,17.24,452380
16.05,16.05,16.05,16.05,499250
14.94,14.94,14.94,14.94,940
14.94,14.94,13.91,13.91,14970
12.96,12.96,12.96,12.96,512700
12.09,12.8,12.09,12.76,1682890
12.8,13.56,11.89,13.52,1503250
13.52,13.67,12.6,13.16,834600
13.16,13.16,12.25,12.25,890440
11.41,13.08,11.41,13.08,1875500
13.08,13.48,12.17,12.92,1279240
12.76,12.76,12.05,12.05,517340
11.22,11.73,11.22,11.22,826130
10.46,10.58,10.46,10.46,368930
9.75,11.1,9.75,11.02,1629530
11.06,11.18,10.27,10.42,848960
9.71,10.42,9.71,9.71,350110
9.71,9.71,9.04,9.04,904040
8.44,8.96,8.44,8.44,1600090
7.93,8.76,7.86,8.72,777390
8.72,8.72,8.13,8.32,183020
8.28,8.4,8.2,8.36,331810
8.32,8.4,8.13,8.28,191070
8.28,8.32,8.05,8.05,156420
8.01,8.13,7.93,8.05,173040
8.09,8.2,7.97,8.2,221920
8.2,8.24,8.05,8.09,139710
8.13,8.32,7.97,8.32,212770
8.32,8.4,8.24,8.36,195570
8.24,8.4,7.93,8.28,151390
8.32,8.64,8.16,8.64,281410
8.76,8.76,8.6,8.72,137940
8.8,9.31,8.8,9.31,938870
9.51,9.95,9.47,9.95,1576110
10.11,10.62,10.03,10.58,1581910
10.31,10.54,9.87,9.87,45730
9.2,9.2,9.2,9.2,359860
8.56,9.2,8.56,8.72,1060340
8.48,8.72,8.13,8.24,240420
8.16,8.28,7.78,7.85,171360
7.85,7.93,7.81,7.93,335940
8.01,8.05,7.85,7.93,174720
7.78,7.97,7.78,7.93,115680
7.93,8.16,7.88,8.16,158610
8.16,8.16,7.91,7.97,146090
7.93,7.97,7.9,7.97,229400
7.93,8.05,7.87,8.01,98640
8.09,8.2,7.9,7.97,133900
8.05,8.16,7.93,8.13,276810
8.13,8.52,8.01,8.52,158900
8.56,8.56,8.16,8.28,420050
8.2,8.72,8.2,8.72,287930
8.88,9.31,8.88,9.31,1289500
9.39,9.75,9.04,9.31,1081410
9.31,9.31,8.68,8.8,129770
8.52,8.72,8.36,8.6,445520
8.52,8.6,8.36,8.6,356720
8.64,8.68,8.52,8.52,203810
8.68,8.84,8.52,8.84,267580
8.92,8.96,8.72,8.88,245060
8.92,9.39,8.76,9.35,589970
9.43,9.91,9.35,9.75,710070
9.59,9.75,9.59,9.59,236540
9.67,10.23,9.59,10.23,556690
10.46,10.46,10.19,10.46,241310
10.5,10.98,10.46,10.94,816930
11.02,11.26,10.86,11.18,672620
10.94,11.18,10.42,10.78,436600
10.78,10.98,10.78,10.86,501790
10.86,10.94,10.78,10.86,221580
10.94,11.1,10.78,10.9,210910
10.9,11.65,10.86,11.65,1375960
11.77,12.45,11.61,12.45,1389740
12.48,13.28,11.61,12.29,1896490
11.45,11.45,11.45,11.45,296950
10.66,10.66,10.66,10.66,421710
9.95,9.95,9.95,9.95,410
9.27,9.27,9.27,9.27,89100
8.64,9.35,8.64,8.64,1384460
8.04,8.93,8.04,8.76,1622550
8.8,9.01,8.72,8.8,474170
8.85,9.05,8.68,8.68,645970
8.68,8.68,8.08,8.56,1216390
8.48,8.85,7.97,8.64,1748110
8.64,8.72,8.04,8.23,867900
7.82,8.22,7.65,7.65,977360
7.12,7.65,7.12,7.45,1932280
7.43,7.49,6.93,7.07,722270
6.99,7.56,6.57,7.56,2236100
7.67,7.91,7.04,7.14,1325410
6.65,7.11,6.65,6.65,1035140
6.58,6.58,6.19,6.58,801680
6.54,7.04,6.12,7.04,3062970
7.09,7.09,6.56,6.56,965720
6.58,6.62,6.11,6.3,1816690
6.18,6.25,5.88,5.88,190530
5.76,6.09,5.76,5.95,675070
5.88,6.16,5.88,5.89,732830
6.01,6.13,5.77,5.77,766250
5.78,5.89,5.78,5.8,352040
5.79,5.88,5.78,5.79,141520
5.8,5.97,5.77,5.84,176390
5.79,5.88,5.77,5.77,139440
5.77,5.84,5.76,5.78,115910
5.84,5.96,5.81,5.83,132220
5.92,6.09,5.88,5.92,250490
6.01,6.01,5.84,5.94,37230
5.96,5.96,5.84,5.85,83070
5.78,5.92,5.76,5.76,148980
5.76,5.84,5.76,5.76,122350
5.76,5.83,5.76,5.83,281390
5.83,5.84,5.76,5.8,214220
5.77,5.83,5.77,5.77,245530
5.77,6.12,5.76,6.12,617080
6.21,6.53,5.92,5.93,1571940
5.92,6.01,5.89,5.89,178480
5.92,5.92,5.76,5.82,90120
5.77,5.92,5.77,5.81,166830
5.81,5.88,5.8,5.8,139310
5.8,5.84,5.76,5.78,244510
5.78,5.88,5.76,5.88,216820
5.84,5.84,5.76,5.76,171320
5.83,6.01,5.77,6.01,262910
6.01,6.1,6.01,6.01,94950
6.01,6.24,6.01,6.13,1010520
6.16,6.16,6.13,6.14,789640
6.16,6.16,6.07,6.12,91100
6.12,6.12,6.01,6.04,74320
6.01,6.04,6.0,6.02,121710
6.02,6.03,5.99,6.01,541180
6.01,6.02,5.73,6.01,196970
6.0,6.03,5.82,6.01,158580
6.01,6.03,6.0,6.0,387760
6.0,6.02,6.0,6.0,489950
6.02,6.08,6.0,6.03,91490
6.03,6.04,5.99,6.03,181570
6.06,6.06,6.01,6.04,341240
6.08,6.12,6.01,6.01,194200
6.0,6.12,6.0,6.03,236770
6.03,6.33,6.01,6.33,416820
6.52,6.68,6.33,6.62,849560
6.55,6.59,6.43,6.5,377980
6.55,6.89,6.5,6.76,2020720
6.76,6.77,6.38,6.38,386530
6.47,6.47,6.08,6.09,281790
5.82,6.08,5.82,5.99,1045810
5.99,6.08,5.99,6.0,400470
6.0,6.08,5.99,5.99,157280
5.99,6.07,5.99,6.0,146200
6.01,6.08,6.01,6.03,112370
6.01,6.03,6.0,6.03,173320
6.02,6.08,6.02,6.08,121490
6.01,6.48,6.01,6.42,548830
6.46,6.76,6.16,6.74,364140
6.84,6.84,6.5,6.76,332750
6.76,6.76,6.29,6.35,301830
6.29,6.41,5.95,6.25,578560
6.0,6.25,5.99,6.2,79180
6.2,6.2,5.97,5.99,80460
5.99,6.14,5.97,5.99,105750
5.99,6.08,5.97,6.0,59190
5.99,6.08,5.91,5.99,165570
5.99,6.03,5.91,5.99,127100
5.99,6.06,5.91,5.99,66800
5.99,6.12,5.99,6.08,174730
6.12,6.35,6.08,6.2,835430
6.2,6.32,6.01,6.01,160160
6.0,6.03,5.97,5.98,119980
5.97,5.99,5.82,5.98,193830
5.98,6.03,5.91,5.91,81010
5.97,5.98,5.83,5.97,190770
5.98,5.98,5.87,5.91,101830
5.91,5.91,5.86,5.91,58390
5.97,5.97,5.83,5.94,50900
5.94,5.94,5.86,5.91,207850
5.91,5.91,5.79,5.91,94920
5.91,5.91,5.81,5.91,74760
5.98,5.98,5.82,5.93,75910
5.85,5.97,5.85,5.91,248950
5.91,5.93,5.86,5.92,62430
5.92,5.92,5.86,5.9,65980
5.9,5.91,5.83,5.9,87480
5.84,5.91,5.82,5.89,105800
5.89,5.97,5.89,5.96,52090
5.96,5.97,5.91,5.91,54020
5.95,6.08,5.84,6.03,623610
6.04,6.12,5.99,5.99,178360
5.99,6.15,5.97,5.98,55310
5.91,5.99,5.84,5.97,144930
5.91,5.97,5.84,5.86,193380
5.86,6.14,5.84,5.97,146260
5.99,6.07,5.91,5.98,90420
6.06,6.06,5.86,5.97,67170
5.98,5.98,5.86,5.95,62600
5.95,5.95,5.86,5.91,89880
5.86,5.94,5.85,5.9,144950
5.9,5.99,5.83,5.94,125230
5.94,6.07,5.91,5.94,253040
5.97,5.97,5.82,5.94,152040
5.94,5.94,5.84,5.9,110970
5.91,5.94,5.83,5.86,160540
5.86,5.91,5.86,5.86,100620
5.75,5.99,5.75,5.85,73900
5.86,5.86,5.73,5.75,150690
5.69,5.82,5.35,5.75,220250
5.73,5.81,5.69,5.75,116850
5.75,5.78,5.69,5.78,127740
5.82,5.9,5.78,5.86,327970
5.97,5.97,5.86,5.91,74740
5.91,5.98,5.86,5.91,71920
5.98,5.98,5.86,5.91,52360
5.95,6.25,5.82,6.16,522930
6.2,6.25,5.99,6.11,379500
6.11,6.16,6.05,6.06,168390
6.07,6.09,6.01,6.06,168750
6.09,6.16,5.99,6.06,311240
5.99,6.06,5.96,5.99,206610
5.97,6.07,5.93,6.03,101400
5.99,6.09,5.95,5.99,507650
5.96,6.14,5.96,6.08,544970
6.08,6.13,6.01,6.06,110350
6.03,6.06,5.98,6.03,439660
6.03,6.03,5.97,6.03,455000
5.99,6.03,5.99,6.03,270730
6.03,6.08,5.99,6.03,220140
6.01,6.03,5.99,5.99,109440
5.99,6.08,5.99,6.08,137320
6.08,6.15,6.04,6.15,110460
6.2,6.35,6.14,6.29,734360
6.33,6.4,6.29,6.3,275040
6.25,6.3,6.16,6.16,123560
6.16,6.16,6.08,6.16,109510
6.2,6.25,6.12,6.2,109290
6.19,6.23,6.18,6.23,127450
6.26,6.38,6.23,6.29,406780
6.3,6.42,6.25,6.25,289820
6.16,6.25,6.02,6.16,109960
6.08,6.16,5.73,6.04,131570
6.11,6.11,5.62,5.99,210620
6.08,6.08,5.98,6.03,67950
6.03,6.09,5.99,6.01,72600
5.97,6.08,5.96,6.01,83440
6.0,6.08,5.99,6.08,76480
6.08,6.12,5.99,6.06,83080
6.01,6.1,5.95,5.99,91940
5.98,6.08,5.96,5.96,266650
5.96,6.08,5.91,5.99,241250
6.03,6.41,6.03,6.41,1249840
6.44,6.86,6.42,6.86,1761270
6.9,7.32,6.38,6.65,2190620
6.34,6.76,6.19,6.42,1172050
6.08,6.33,5.97,6.01,1323350
5.82,5.99,5.59,5.59,1172190
5.21,5.97,5.2,5.97,2865540
5.87,5.97,5.56,5.56,488550
5.18,5.48,5.18,5.2,549630
5.14,5.2,4.96,5.14,321230
5.14,5.26,4.96,5.14,110050
5.05,5.21,5.05,5.14,114080
5.14,5.21,5.09,5.14,130660
5.21,5.21,5.05,5.13,101780
5.17,5.17,5.08,5.14,215960
5.13,5.14,5.06,5.14,103520
5.14,5.2,5.09,5.13,111920
5.14,5.15,5.06,5.12,194450
5.09,5.19,5.08,5.12,67280
5.14,5.14,5.02,5.05,81950
5.01,5.19,4.98,5.19,159120
5.22,5.22,5.14,5.18,99810
5.14,5.31,5.1,5.24,166080
5.24,5.35,5.14,5.14,88980
5.18,5.24,5.09,5.16,103080
5.16,5.16,5.05,5.12,99350
5.16,5.16,5.05,5.05,132600
5.05,5.14,5.05,5.05,169850
5.05,5.09,5.0,5.01,128490
5.01,5.13,5.01,5.03,136370
5.03,5.03,5.01,5.02,23420
5.01,5.02,5.0,5.01,193610
5.04,5.04,4.96,4.96,100090
4.96,5.01,4.96,4.96,79300
5.02,5.02,4.88,4.9,158580
4.88,4.96,4.84,4.88,97070
4.88,4.96,4.88,4.88,147780
4.88,4.88,4.79,4.79,41750
4.79,4.88,4.79,4.83,172590
4.8,4.82,4.77,4.79,95590
4.78,5.0,4.72,4.96,116270
5.05,5.18,5.01,5.15,253790
5.2,5.26,5.15,5.24,169740
5.24,5.39,5.18,5.18,441880
5.18,5.25,5.09,5.18,103480
5.14,5.16,5.05,5.13,48850
5.09,5.14,5.05,5.11,82330
5.07,5.09,5.05,5.05,63010
5.05,5.13,4.96,5.05,104800
5.05,5.05,4.96,5.05,38600
4.96,5.09,4.92,4.96,39400
4.96,5.04,4.92,4.96,42270
4.95,5.04,4.88,5.04,74820
5.05,5.05,4.96,5.05,58750
5.05,5.05,5.01,5.05,28010
5.03,5.31,5.02,5.19,609970
5.22,5.31,5.18,5.22,280730
5.22,5.3,5.12,5.14,127570
5.09,5.14,4.92,4.96,110550
4.96,5.04,4.9,4.96,48970
4.92,4.96,4.79,4.79,98540
4.78,4.86,4.54,4.62,145830
4.64,4.71,4.62,4.66,59760
4.66,4.71,4.66,4.66,47270
4.62,4.75,4.54,4.62,36120
4.62,4.71,4.62,4.62,54910
4.69,4.69,4.49,4.61,55910
4.62,4.71,4.58,4.61,95870
4.62,4.7,4.62,4.62,247140
4.62,4.62,4.58,4.6,109430
4.6,4.69,4.55,4.59,102360
4.67,4.67,4.58,4.62,52940
4.59,4.66,4.59,4.6,50970
4.6,4.65,4.36,4.58,65430
4.58,4.62,4.28,4.55,52570
4.54,4.55,4.5,4.54,41910
4.45,4.58,4.36,4.52,40200
4.49,4.49,4.29,4.33,109640
4.28,4.52,4.28,4.45,297060
4.45,4.54,4.45,4.49,83880
4.49,4.62,4.36,4.49,30250
4.49,4.49,4.36,4.45,46400
4.43,4.53,4.16,4.49,320140
4.47,4.47,4.28,4.4,131140
4.4,4.66,4.16,4.66,579200
4.62,4.66,4.54,4.58,109500
4.62,4.62,4.55,4.58,43060
4.62,4.62,4.54,4.57,160990
4.49,4.58,4.45,4.52,75710
4.45,4.54,4.41,4.52,430490
4.52,4.52,4.45,4.52,740050
4.52,4.52,4.36,4.51,70260
4.54,4.54,4.33,4.45,70720
4.42,4.62,4.42,4.62,437500
4.62,4.64,4.59,4.6,85420
4.6,4.6,4.58,4.6,119360
4.6,4.62,4.51,4.62,153090
4.54,4.61,4.46,4.55,147490
4.55,4.55,4.47,4.49,72900
4.49,4.54,4.28,4.45,138210
4.28,4.45,4.28,4.45,113820
4.51,4.51,4.34,4.44,290720
4.41,4.49,4.28,4.43,149340
4.41,4.45,4.36,4.36,105330
4.41,4.41,4.36,4.41,59570
4.41,4.41,4.29,4.4,62210
4.36,4.41,4.1,4.41,66510
4.41,4.53,4.36,4.49,167450
4.49,4.53,4.49,4.52,129880
4.53,4.58,4.42,4.58,109320
4.71,4.71,4.49,4.61,64230
4.61,4.62,4.52,4.58,137790
4.55,4.62,4.52,4.58,130070
4.58,4.6,4.54,4.58,127830
4.54,4.62,4.54,4.58,68820
4.6,4.6,4.54,4.58,45450
4.58,4.9,4.58,4.9,747140
5.24,5.24,4.92,5.13,873410
5.05,5.24,5.05,5.13,139970
5.05,5.05,4.78,5.03,354700
5.01,5.13,4.78,5.12,449230
5.15,5.35,4.96,5.18,559690
5.18,5.22,5.14,5.18,82210
5.2,5.22,5.14,5.16,110040
5.16,5.18,5.12,5.16,152210
5.16,5.18,5.14,5.16,96140
5.14,5.2,5.14,5.19,182500
5.22,5.55,5.18,5.55,1635720
5.61,5.94,5.17,5.17,1663010
4.96,5.17,4.81,4.81,437620
4.48,4.79,4.48,4.48,154600
4.17,4.45,4.17,4.17,892210
4.11,4.17,3.88,3.95,1031980
3.95,4.01,3.9,3.96,173930
3.95,4.01,3.79,3.94,176190
3.85,3.92,3.79,3.89,244700
3.85,3.89,3.81,3.87,83840
3.89,3.89,3.81,3.87,327500
3.87,3.87,3.81,3.85,293430
3.83,3.89,3.8,3.85,63470
3.85,3.85,3.81,3.85,84380
3.81,3.87,3.79,3.83,62930
3.81,3.84,3.81,3.84,111990
3.89,4.1,3.85,3.85,328780
3.92,3.92,3.85,3.85,352660
3.85,3.92,3.83,3.87,98680
3.85,3.92,3.83,3.85,285650
3.89,4.01,3.86,3.9,609210
3.9,3.94,3.86,3.93,243350
3.93,3.93,3.89,3.93,95660
3.95,4.01,3.86,3.87,119540
3.87,3.89,3.85,3.85,236930
3.92,3.92,3.83,3.85,31430
3.85,3.89,3.8,3.84,64930
3.84,3.86,3.82,3.84,59010
3.84,3.87,3.83,3.84,73830
3.84,3.95,3.84,3.93,300440
4.0,4.0,3.88,3.98,173530
3.94,4.02,3.9,4.01,146680
4.01,4.07,3.94,3.98,98030
3.98,4.02,3.92,4.01,519740
4.04,4.28,3.98,4.11,1568050
4.14,4.19,3.89,4.07,183430
4.02,4.07,3.89,3.89,66410
3.89,3.89,3.78,3.85,128400
3.81,3.93,3.73,3.85,106310
3.93,3.93,3.81,3.85,124140
3.85,3.91,3.83,3.91,206350
3.91,4.01,3.86,3.91,53170
3.91,3.94,3.86,3.86,83810
3.94,3.94,3.81,3.81,162590
3.81,3.89,3.81,3.82,103870
3.82,3.87,3.77,3.82,83970
3.85,3.85,3.79,3.85,119640
3.85,3.89,3.83,3.85,699320
3.85,3.89,3.81,3.85,77800
3.85,3.85,3.81,3.81,95930
3.81,3.85,3.81,3.81,154790
3.81,3.89,3.81,3.89,145610
3.93,3.97,3.85,3.92,146300
3.97,4.08,3.92,3.94,636610
4.09,4.09,3.89,3.89,85450
3.89,4.01,3.85,3.85,235110
3.85,3.92,3.83,3.83,144590
3.83,3.85,3.81,3.81,188640
3.78,3.83,3.78,3.83,149390
3.83,3.97,3.79,3.9,153130
3.83,3.9,3.82,3.82,181340
3.96,3.96,3.82,3.82,178560
3.82,3.97,3.82,3.84,115870
3.89,3.89,3.83,3.84,106490
3.84,3.84,3.81,3.81,108570
3.82,3.85,3.82,3.85,307810
3.81,3.85,3.81,3.85,290020
3.81,3.85,3.78,3.84,339090
3.85,3.89,3.84,3.84,418460
3.85,3.85,3.81,3.84,99320
3.81,3.85,3.81,3.81,219190
3.85,3.88,3.79,3.85,299050
3.82,3.91,3.82,3.89,251330
3.85,3.93,3.85,3.89,176740
3.89,3.94,3.86,3.89,266620
3.87,3.94,3.87,3.91,247910
3.91,3.94,3.89,3.89,186730
3.9,3.91,3.88,3.88,142140
3.87,3.93,3.85,3.88,154580
3.85,3.9,3.61,3.84,154330
3.77,3.81,3.59,3.73,112400
3.83,3.83,3.68,3.74,88530
3.87,3.87,3.51,3.74,138810
3.74,3.87,3.71,3.83,95930
3.83,3.83,3.72,3.76,96530
3.76,3.89,3.7,3.76,79200
3.73,3.84,3.73,3.76,88620
3.76,3.83,3.68,3.76,140000
3.72,3.83,3.69,3.75,84550
3.7,3.85,3.69,3.75,170270
3.75,3.83,3.73,3.76,161890
3.76,3.76,3.75,3.76,140810
3.79,3.79,3.69,3.79,82770
3.79,3.87,3.75,3.77,108480
3.77,3.85,3.72,3.77,69360
3.77,3.83,3.64,3.75,136550
3.82,3.82,3.49,3.74,132570
3.7,3.74,3.69,3.74,95290
3.81,3.81,3.64,3.74,74410
3.74,3.74,3.68,3.71,81250
3.71,3.92,3.7,3.71,61160
3.84,3.84,3.69,3.75,71490
3.75,3.75,3.72,3.72,121850
3.7,3.83,3.7,3.72,72700
3.72,3.77,3.72,3.72,42910
3.71,3.76,3.71,3.76,36150
3.72,3.76,3.69,3.72,58380
3.75,3.75,3.72,3.72,85520
3.85,3.85,3.72,3.72,56800
3.72,3.75,3.72,3.75,99120
3.72,3.72,3.59,3.72,70830
3.54,3.72,3.54,3.71,221690
3.71,3.71,3.68,3.71,131010
3.64,3.72,3.64,3.71,118320
3.95,3.95,3.64,3.72,140110
3.93,3.93,3.64,3.74,95750
3.92,3.92,3.74,3.78,133260
3.81,3.85,3.81,3.85,161840
3.85,3.89,3.83,3.83,120320
3.83,3.95,3.83,3.94,213700
3.85,4.07,3.74,3.85,173730
3.85,3.94,3.85,3.85,69780
3.85,3.89,3.81,3.89,110100
3.7,3.94,3.63,3.77,117940
3.51,3.94,3.51,3.85,316820
3.85,3.94,3.62,3.83,115590
3.85,3.98,3.83,3.93,148980
3.93,3.93,3.83,3.92,182850
3.92,3.92,3.81,3.89,173270
3.85,3.91,3.84,3.85,132790
3.85,3.85,3.59,3.8,75020
3.8,3.92,3.7,3.8,148210
3.92,3.92,3.59,3.8,94750
3.59,3.85,3.53,3.8,63120
3.59,3.8,3.59,3.8,12210
3.8,3.8,3.53,3.77,38830
3.75,3.76,3.59,3.74,4950
3.77,3.77,3.56,3.75,14830
3.57,3.78,3.57,3.78,25780
3.64,3.85,3.64,3.85,24920
3.77,3.89,3.77,3.81,157490
3.81,3.85,3.81,3.81,48550
3.89,3.89,3.77,3.81,28790
3.77,3.81,3.68,3.81,217160
3.78,3.81,3.78,3.8,57420
3.8,3.88,3.77,3.79,187950
3.79,3.81,3.53,3.79,36460
3.79,3.85,3.77,3.85,265420
3.81,3.81,3.78,3.81,258130
3.77,3.85,3.77,3.83,308660
4.08,4.08,3.6,3.98,180970
3.94,4.25,3.88,4.02,136710
4.02,4.11,4.02,4.02,127050
4.11,4.11,3.98,4.02,136350
4.02,4.14,4.02,4.02,102840
4.02,4.1,3.85,3.85,156340
4.02,4.12,4.01,4.12,105720
4.19,4.4,4.12,4.12,235300
4.4,4.4,4.12,4.4,98630
4.36,4.62,4.36,4.45,130540
4.48,4.57,4.45,4.54,86100
4.54,4.62,4.49,4.62,139660
4.62,4.94,4.55,4.79,158190
4.75,5.13,4.75,5.13,161280
5.48,5.48,5.14,5.43,168400
5.39,5.39,5.06,5.06,68980
5.31,5.31,4.79,5.13,102490
4.88,5.22,4.88,5.14,187030
5.09,5.25,5.09,5.18,42370
5.21,5.22,5.14,5.18,124260
5.18,5.22,5.14,5.18,111200
5.26,5.26,5.14,5.18,108530
5.18,5.19,5.14,5.18,109810
5.14,5.19,5.14,5.18,94050
5.22,5.22,5.14,5.14,81660
5.06,5.18,5.06,5.14,217920
5.13,5.26,5.13,5.14,126610
5.22,5.22,5.14,5.14,127300
5.14,5.18,5.14,5.14,76840
5.06,5.14,5.06,5.14,86780
5.14,5.22,5.14,5.22,224900
5.22,5.58,5.22,5.58,65380
5.58,5.61,5.48,5.57,70510
5.39,5.57,5.39,5.48,85860
5.48,5.52,5.18,5.18,103740
5.14,5.18,5.09,5.09,86250
4.74,5.19,4.74,5.18,169250
5.26,5.31,5.14,5.15,114660
5.14,5.3,5.14,5.24,255150
5.2,5.27,5.2,5.22,150580
5.22,5.58,5.22,5.58,465470
5.96,5.97,5.81,5.97,229610
6.29,6.38,5.99,6.29,450980
5.91,6.25,5.91,6.02,96000
5.98,6.24,5.91,5.91,77290
5.75,5.9,5.56,5.67,104690
5.65,5.82,5.61,5.69,66550
5.61,5.69,5.61,5.65,89020
5.81,5.81,5.65,5.72,140310
5.75,6.11,5.75,6.11,80960
6.2,6.53,6.2,6.32,84310
6.32,6.5,6.32,6.36,175580
6.33,6.46,6.32,6.42,55290
6.42,6.5,6.38,6.42,70250
6.5,6.5,6.4,6.42,67420
6.44,6.68,6.42,6.59,256320
6.63,6.71,6.5,6.62,153080
6.59,6.68,6.59,6.65,127970
6.68,6.72,6.65,6.68,132000
6.69,6.72,6.68,6.7,211910
6.76,6.76,6.72,6.76,154680
6.85,6.93,6.8,6.93,199480
6.98,7.41,6.98,7.41,798350
7.87,7.93,7.79,7.93,543510
8.39,8.39,7.94,7.96,316940
8.13,8.13,7.4,7.74,232540
7.79,7.96,7.37,7.69,215460
7.57,7.7,7.38,7.66,331770
7.66,8.19,7.63,8.17,395180
8.04,8.3,7.7,7.83,152290
7.87,8.04,7.83,7.83,196530
7.75,7.83,7.69,7.79,156310
7.83,8.13,7.75,7.98,133910
8.04,8.39,7.98,8.34,221760
8.38,8.9,8.22,8.9,531490
9.16,9.24,8.64,8.77,288760
8.64,8.9,8.64,8.77,207130
8.82,8.99,8.6,8.9,165300
8.99,9.5,8.9,9.5,1331160
9.84,10.14,9.59,10.14,920140
10.74,10.83,10.06,10.74,1498330
10.7,11.47,10.01,11.3,1351280
11.47,11.94,10.91,11.85,873530
11.98,12.41,11.77,12.41,797510
12.41,13.27,12.2,13.27,1573000
13.44,13.78,12.97,13.18,953500
13.09,13.35,12.28,12.67,643940
12.15,12.5,11.81,12.11,623610
12.32,12.67,12.15,12.62,461200
12.67,13.09,12.5,12.92,732600
12.84,12.92,12.58,12.75,226110
12.75,13.05,12.67,12.88,310930
12.92,13.31,12.84,13.09,401040
13.18,13.39,12.84,13.22,341570
13.22,13.31,13.01,13.18,199470
13.01,13.14,12.84,13.01,499490
13.01,13.09,12.97,13.01,195260
12.79,13.09,12.79,13.05,252330
12.92,13.01,12.88,12.88,205460
12.92,13.18,12.88,13.14,386200
13.09,13.18,13.09,13.09,306130
13.09,13.35,12.92,13.35,484560
13.44,14.25,13.35,14.25,1509080
14.34,14.38,13.74,13.95,704360
13.78,13.95,13.61,13.78,399730
13.78,13.91,13.65,13.78,349990
13.86,14.04,13.69,13.95,338460
13.82,13.99,13.82,13.95,235420
13.91,13.99,13.78,13.91,219210
13.91,14.08,13.78,14.04,392850
14.12,14.98,14.08,14.98,2344400
15.06,15.49,13.95,14.98,1612450
14.93,14.98,13.95,13.95,371300
13.01,13.01,13.01,13.01,306690
12.11,12.11,12.11,12.11,28880
11.3,12.15,11.3,11.47,2190140
11.55,12.24,10.7,12.24,2395650
12.32,12.41,11.38,11.81,595140
11.0,11.47,11.0,11.0,1042300
10.27,10.53,10.27,10.27,1284730
9.59,9.59,9.59,9.59,510730
8.94,10.23,8.94,10.23,4060100
10.27,10.61,9.54,10.18,1075810
10.18,10.18,9.5,9.8,421940
9.11,9.63,9.11,9.11,1580920
8.56,8.9,8.48,8.64,1558930
8.73,8.86,8.56,8.73,380530
8.82,8.9,8.6,8.73,501640
8.77,9.24,8.69,8.86,1218250
8.94,9.33,8.77,9.07,1651070
9.16,9.2,8.44,8.64,1216100
8.56,8.73,8.04,8.04,889930
7.49,7.7,7.49,7.49,1512310
6.97,7.02,6.97,6.97,1980740
6.49,7.15,6.49,7.15,2509260
7.19,7.27,6.89,6.98,503920
6.89,7.15,6.76,7.1,1019210
7.09,7.23,7.02,7.19,764910
7.21,7.32,7.12,7.19,536780
7.21,7.61,7.1,7.36,1896080
7.36,7.51,7.36,7.45,902080
7.46,7.57,7.41,7.49,493970
7.53,7.57,6.97,6.97,1494650
6.49,6.72,6.49,6.49,1126770
6.03,6.49,6.03,6.27,4224820
6.33,6.33,5.84,5.84,1863960
5.99,5.99,5.43,5.56,1788760
5.39,5.52,5.18,5.18,689340
4.82,5.31,4.82,5.26,3993380
5.26,5.31,4.9,5.01,1429790
4.88,5.18,4.71,5.14,539020
4.9,5.03,4.9,4.9,897090
4.9,4.91,4.73,4.79,846000
4.75,4.92,4.71,4.84,866620
4.84,4.88,4.78,4.86,226200
4.84,4.88,4.79,4.83,259350
4.87,5.0,4.84,4.97,370720
4.85,4.94,4.84,4.9,247520
4.9,4.9,4.77,4.8,2145640
4.8,4.81,4.71,4.73,393240
4.72,4.88,4.71,4.73,450080
4.73,4.73,4.45,4.59,873600
4.68,4.68,4.6,4.6,447130
4.62,4.87,4.6,4.78,631320
4.75,4.78,4.65,4.66,323120
4.63,4.63,4.57,4.58,389610
4.58,4.62,4.52,4.57,655360
4.54,4.57,4.51,4.54,357960
4.56,4.7,4.54,4.67,409820
4.65,4.66,4.58,4.63,306190
4.63,4.92,4.6,4.9,924040
4.92,5.24,4.92,5.24,1147800
5.56,5.6,5.56,5.6,858980
5.98,5.98,5.91,5.98,796500
5.98,5.99,5.57,5.57,1437300
5.31,5.82,5.19,5.52,1351420
5.89,5.89,5.45,5.63,594280
5.63,5.63,5.39,5.46,562430
5.46,5.49,5.29,5.43,779030
5.48,5.48,5.17,5.3,827770
5.3,5.56,5.3,5.48,500800
5.48,5.66,5.48,5.65,785600
5.66,5.8,5.56,5.56,495800
5.56,5.57,5.47,5.53,643300
5.53,5.7,5.53,5.58,700400
5.58,5.73,5.58,5.71,519800
5.75,6.1,5.71,6.1,1181300
6.52,6.52,6.25,6.29,1556800
6.43,6.47,6.19,6.37,945000
6.37,6.42,6.2,6.28,787400
6.28,6.69,6.11,6.6,1319100
6.6,6.73,6.15,6.15,575200
5.75,5.93,5.72,5.82,955900
5.93,6.01,5.48,5.83,933300
5.84,5.87,5.76,5.83,431400
5.76,6.24,5.75,6.14,653700
6.14,6.16,5.72,5.8,562900
5.75,5.79,5.39,5.42,541700
5.04,5.08,5.04,5.04,885600
4.69,5.06,4.69,5.01,715600
5.01,5.1,4.67,4.69,298300
4.4,4.79,4.4,4.74,177400
4.75,5.05,4.74,5.03,203800
5.12,5.12,4.91,5.01,169500
5.01,5.1,5.01,5.04,261300
5.16,5.16,4.72,4.81,229600
4.81,4.97,4.81,4.97,218100
4.94,5.25,4.94,5.19,176300
5.3,5.3,5.2,5.25,298500
5.12,5.29,5.09,5.21,317400
5.21,5.27,5.19,5.21,148400
5.25,5.29,5.19,5.26,343500
5.26,5.54,5.2,5.26,297700
5.26,5.26,5.17,5.23,346200
5.1,5.23,5.1,5.17,183900
5.22,5.22,5.11,5.21,340600
5.27,5.27,5.18,5.21,365800
5.27,5.43,5.19,5.43,764900
5.46,5.62,5.31,5.37,652600
5.38,5.48,5.08,5.41,394300
5.57,5.57,5.41,5.52,430000
5.51,5.54,5.42,5.54,432500
5.55,5.57,5.48,5.54,368700
5.57,5.57,5.48,5.55,480300
5.57,5.94,5.56,5.94,1548600
6.35,6.35,6.02,6.25,2313000
6.28,6.28,6.01,6.07,966000
5.89,5.93,5.83,5.93,1456600
5.93,5.97,5.74,5.84,1205800
5.84,5.84,5.64,5.71,937000
5.62,6.1,5.55,6.1,4015400
6.43,6.51,6.11,6.29,2091500
6.1,6.2,5.98,6.0,722900
5.93,5.94,5.71,5.78,999400
5.71,5.77,5.37,5.62,1244100
5.89,5.93,5.66,5.93,725600
6.09,6.09,5.8,5.84,1174200
5.84,5.84,5.74,5.79,838000
5.84,5.98,5.84,5.93,1048700
6.06,6.06,5.96,5.98,718400
5.98,6.15,5.89,6.09,1018900
6.09,6.51,6.07,6.43,2305800
6.6,6.6,6.49,6.53,1390300
6.54,6.59,6.34,6.43,1391100
6.3,6.7,6.3,6.62,1376800
6.74,7.08,6.73,7.08,2054400
7.41,7.5,6.74,6.9,2097900
6.65,7.32,6.48,7.28,1614100
7.28,7.28,7.01,7.03,1429700
7.03,7.03,6.54,6.55,1653800
6.55,6.83,6.16,6.65,1232800
6.81,6.81,6.43,6.45,921400
6.45,6.45,6.0,6.0,951600
6.02,6.28,5.71,6.26,917200
6.14,6.26,5.93,5.98,738300
5.84,5.98,5.83,5.9,464200
5.9,6.26,5.9,6.07,504300
6.07,6.16,5.93,6.02,333400
5.75,5.93,5.74,5.89,637700
5.81,6.11,5.81,6.05,461200
6.05,6.11,5.94,6.0,364600
5.93,6.0,5.71,5.76,562800
5.75,5.75,5.39,5.49,797200
5.49,5.67,5.37,5.57,548700
5.57,5.77,5.56,5.75,314000
5.75,5.75,5.66,5.66,249100
5.66,5.71,5.62,5.66,346400
5.41,5.65,5.41,5.53,287000
5.53,5.57,5.48,5.49,250800
5.49,5.51,5.4,5.43,359800
5.43,5.45,5.26,5.26,467000
5.3,5.55,5.17,5.44,535400
5.46,5.57,5.46,5.54,218200
5.54,5.56,5.48,5.5,247400
5.5,5.5,5.39,5.39,439600
5.39,5.44,5.31,5.32,251200
5.37,5.37,5.27,5.32,315400
5.35,5.41,5.24,5.29,521100
5.27,5.27,5.22,5.25,293300
5.25,5.52,5.23,5.42,354900
5.48,5.6,5.48,5.52,438900
5.53,5.63,5.52,5.54,633700
5.54,5.62,5.4,5.48,480800
5.48,5.61,5.41,5.46,413700
5.41,5.56,5.39,5.48,551300
5.48,5.56,5.44,5.48,312900
5.48,5.56,5.47,5.49,323200
5.53,5.56,5.47,5.52,499000
5.52,5.52,5.48,5.49,234900
5.49,5.62,5.49,5.58,473700
5.59,5.89,5.49,5.89,955800
6.07,6.07,5.75,5.79,535700
5.71,5.93,5.66,5.8,461400
5.8,5.91,5.71,5.71,449200
5.71,5.75,5.57,5.62,471700
5.62,5.62,5.53,5.57,218000
5.56,5.62,5.53,5.57,227500
5.57,5.62,5.49,5.54,392300
5.53,5.57,5.51,5.53,207900
5.57,5.57,5.52,5.52,172100
5.48,5.52,5.47,5.49,256600
5.49,5.55,5.44,5.52,231800
5.52,5.52,5.39,5.42,515600
5.39,5.42,5.26,5.26,354300
5.08,5.21,4.94,5.09,416300
5.12,5.3,5.12,5.26,252600
5.24,5.24,4.97,5.02,250300
5.03,5.03,4.67,4.68,416900
4.72,4.8,4.58,4.76,171400
4.76,4.83,4.72,4.74,84200
4.74,4.92,4.74,4.85,103600
4.85,4.9,4.77,4.79,91100
4.6,4.7,4.46,4.46,242200
4.46,4.58,4.39,4.56,293800
4.58,4.71,4.56,4.65,75500
4.65,4.8,4.58,4.8,109600
4.77,4.83,4.73,4.76,54000
4.64,4.75,4.61,4.74,83700
4.76,4.77,4.72,4.73,141300
4.76,4.78,4.67,4.73,121000
4.75,4.75,4.67,4.72,138700
4.76,4.76,4.72,4.72,178600
4.75,5.02,4.74,4.92,375700
4.91,4.98,4.88,4.9,97500
4.93,4.93,4.87,4.89,212500
4.89,5.07,4.74,5.02,397600
5.02,5.14,4.86,5.1,275200
5.01,5.15,4.94,5.13,156400
5.13,5.28,5.1,5.2,461600
5.19,5.42,5.19,5.26,388100
5.32,5.32,5.2,5.26,230700
5.27,5.35,5.15,5.25,280600
5.26,5.29,5.21,5.27,356400
5.27,5.38,5.21,5.32,253000
5.32,5.56,5.3,5.52,488200
5.59,5.89,5.59,5.89,1424300
6.3,6.3,5.57,5.93,2259000
5.84,5.91,5.58,5.58,649500
5.53,5.65,5.19,5.31,872500
5.3,5.41,5.17,5.41,633700
5.53,5.59,5.42,5.51,225600
5.43,5.56,5.37,5.55,412000
5.57,5.83,5.57,5.79,515300
5.79,5.83,5.61,5.7,553300
5.68,5.77,5.63,5.65,345200
5.65,5.98,5.65,5.93,844200
5.94,6.04,5.72,5.78,690500
5.76,5.79,5.64,5.69,613500
5.65,5.73,5.62,5.72,442400
5.72,5.72,5.49,5.67,575500
5.73,5.85,5.67,5.75,907400
5.8,6.15,5.8,6.15,1367900
6.54,6.54,6.18,6.18,1926300
6.16,6.18,5.95,6.02,878200
6.03,6.22,5.89,6.06,1232900
6.11,6.48,6.11,6.48,2064400
6.43,6.46,6.13,6.31,934100
6.32,6.75,6.2,6.75,1777200
7.16,7.16,6.38,6.38,2042500
6.31,6.56,6.11,6.35,1037900
6.29,6.37,5.93,5.93,1351100
5.67,5.87,5.65,5.87,924200
5.83,5.95,5.73,5.89,549600
5.95,6.1,5.95,6.02,366300
6.0,6.06,5.9,5.91,358200
5.91,5.91,5.76,5.86,530500
5.86,5.99,5.8,5.89,353900
5.96,6.1,5.95,6.06,507900
6.07,6.23,6.02,6.2,524700
6.18,6.24,6.11,6.15,378800
6.07,6.13,6.0,6.04,504200
6.0,6.07,5.97,6.04,608400
6.04,6.43,6.04,6.41,1191900
6.41,6.65,6.41,6.47,903000
6.47,6.56,6.29,6.39,723000
6.44,6.44,6.33,6.34,690000
6.36,6.64,6.29,6.54,1549700
6.58,6.87,6.51,6.69,1651300
6.69,6.79,6.63,6.73,730600
6.6,7.14,6.6,7.1,1477500
7.14,7.59,7.1,7.59,2575000
7.76,8.12,7.64,8.12,2838300
8.17,8.62,8.13,8.62,2460400
8.38,8.98,8.18,8.63,1816300
8.54,8.9,8.36,8.9,2416800
9.08,9.48,8.7,9.48,1484700
9.62,10.11,9.44,10.11,690200
10.74,10.78,9.44,10.11,5846700
9.48,9.88,9.44,9.44,1357500
8.81,9.44,8.78,8.89,2408700
8.89,9.48,8.79,9.44,1678300
9.3,9.44,8.91,9.08,1312700
8.93,9.39,8.9,9.26,1421300
9.26,9.35,8.9,9.17,1604500
9.3,9.79,9.12,9.79,1478500
10.42,10.42,9.75,10.02,1786000
9.79,10.02,9.39,9.84,1830400
9.84,10.38,9.84,10.33,1668100
10.51,11.05,10.33,11.05,1895800
11.82,11.82,11.41,11.82,3279400
11.32,11.82,11.01,11.01,2377800
10.33,11.41,10.24,11.41,1550500
11.64,11.86,10.96,11.05,1054700
10.92,11.46,10.92,11.19,731800
11.28,11.46,10.69,10.92,1232900
10.51,11.68,10.51,11.5,893600
11.82,11.82,11.23,11.41,952200
11.41,11.68,11.32,11.46,694700
11.37,11.68,11.37,11.5,704500
11.5,12.27,11.41,11.91,2232100
12.36,12.58,11.77,12.36,1992600
12.4,12.4,11.55,11.55,1207400
11.55,11.77,11.14,11.32,1501800
11.32,11.73,10.96,11.37,1503500
11.37,11.5,11.28,11.5,865000
11.64,12.04,11.5,12.04,1518800
12.22,12.22,11.68,11.77,1283400
11.77,11.86,11.37,11.46,1365900
11.64,12.22,11.46,12.22,2309300
12.22,12.94,12.18,12.22,1457700
12.22,12.22,11.68,11.82,1003500
11.77,12.04,11.5,11.91,1547100
11.91,11.91,11.59,11.64,1624800
12.31,12.4,12.16,12.4,1364600
13.12,13.12,12.07,12.31,939400
12.45,12.5,12.11,12.45,914200
12.4,13.03,12.36,12.69,1448300
12.5,12.84,12.45,12.69,1119600
12.69,12.69,12.4,12.64,1130000
12.6,12.6,12.31,12.4,855000
12.45,12.5,12.31,12.4,870500
12.5,13.27,12.31,13.27,2158700
13.94,13.94,13.08,13.12,1366100
13.17,13.46,12.98,13.27,832200
13.27,13.89,12.88,13.17,1239800
12.88,13.12,12.4,12.64,1456300
11.78,12.64,11.78,12.45,2063700
12.4,12.45,11.59,11.59,804500
11.15,11.78,10.82,11.44,980300
11.83,11.83,10.67,10.67,759400
10.96,10.96,9.95,9.95,845700
9.81,9.81,9.26,9.26,1106200
9.08,9.9,8.64,9.9,1027600
9.9,10.38,9.58,10.05,416500
9.95,9.95,9.35,9.59,569500
9.34,9.62,9.06,9.57,396800
9.61,9.76,9.34,9.36,272400
9.37,9.5,9.29,9.34,185300
9.34,9.4,8.73,9.27,228100
9.36,9.9,9.36,9.76,212800
9.76,9.81,9.66,9.71,168900
9.62,10.0,9.57,9.9,281500
9.9,10.0,9.81,9.86,240400
9.86,9.95,9.81,9.95,231700
9.9,9.95,9.76,9.81,170400
9.81,9.81,9.62,9.81,253100
9.81,10.19,9.71,10.1,362100
10.1,10.19,9.86,10.1,258300
10.1,10.62,10.0,10.58,854400
10.77,10.91,10.67,10.72,351300
10.58,10.82,10.24,10.48,621100
10.43,10.72,10.43,10.58,356900
10.48,10.62,9.95,10.14,574200
10.14,10.82,10.14,10.82,918500
11.35,11.35,10.86,11.06,428500
11.11,11.15,10.77,10.96,387400
10.82,10.96,10.72,10.91,399700
10.82,10.96,10.77,10.86,374800
10.96,11.39,10.82,11.01,608400
10.82,10.86,10.72,10.86,614800
10.72,10.77,10.58,10.62,530800
10.62,10.72,10.24,10.48,588000
10.48,10.58,10.48,10.53,456200
10.53,11.01,10.43,10.53,610100
10.24,10.53,10.1,10.29,479400
10.53,10.58,10.38,10.53,371800
10.91,10.91,10.58,10.62,278800
10.67,10.91,10.67,10.86,676900
10.86,11.3,10.77,11.15,875500
11.2,11.68,11.2,11.44,975400
11.44,11.49,11.06,11.06,776200
11.2,11.2,10.86,10.91,695100
10.86,11.15,10.82,11.06,547500
11.06,11.3,11.01,11.15,543300
11.15,11.2,10.58,10.82,760300
10.82,11.2,10.82,11.2,533000
10.82,11.15,10.53,10.67,624400
10.67,10.77,10.29,10.67,427800
10.58,10.67,10.34,10.62,515600
10.67,10.77,10.53,10.62,286100
10.62,10.62,10.38,10.62,444700
10.38,10.62,10.38,10.62,314200
10.53,10.58,10.24,10.34,304600
10.34,10.38,10.0,10.05,318700
10.0,10.1,9.48,9.48,460800
9.31,9.52,9.13,9.46,281400
9.28,9.52,9.28,9.41,200400
9.41,9.42,8.85,8.85,173200
8.86,9.05,8.23,8.28,300000
8.27,8.65,7.7,7.73,186700
7.4,7.49,7.19,7.19,342200
6.69,6.71,6.69,6.69,138400
6.23,7.02,6.23,6.58,309000
6.63,6.75,6.18,6.32,182200
6.26,6.65,5.95,6.65,456700
6.85,7.12,6.62,7.12,331100
7.14,7.57,7.12,7.57,202600
7.57,8.1,7.5,8.06,332000
8.04,8.17,7.85,8.06,304900
8.06,8.22,7.93,8.08,178700
7.97,7.97,7.69,7.72,108500
7.7,7.7,7.18,7.18,88500
6.68,7.16,6.68,7.14,149500
7.18,7.29,7.16,7.23,93800
7.28,7.28,6.73,6.74,88200
6.73,6.78,6.27,6.27,117600
6.3,6.6,6.25,6.35,76400
6.4,6.78,6.25,6.78,252100
6.89,6.89,6.65,6.73,118500
6.65,6.77,6.63,6.74,148400
6.73,6.78,6.68,6.73,77500
6.79,6.79,6.49,6.6,84000
6.6,6.6,6.36,6.51,50100
6.51,6.7,6.49,6.62,149700
6.63,6.83,6.63,6.75,113200
6.75,6.86,6.63,6.8,132500
6.96,6.96,6.81,6.92,145600
6.92,6.93,6.87,6.88,125900
6.89,6.92,6.77,6.85,131100
6.83,6.87,6.68,6.73,115700
6.62,6.73,6.57,6.63,132600
6.55,6.64,6.54,6.59,86000
6.59,6.6,6.34,6.48,141800
6.45,6.64,6.45,6.61,174600
6.62,6.83,6.62,6.78,116400
6.78,6.81,6.69,6.72,108600
6.44,6.53,6.35,6.4,193600
6.38,6.38,6.06,6.25,79200
6.37,6.37,6.02,6.06,75000
6.06,6.1,5.96,6.04,99200
6.05,6.05,5.62,5.63,197100
5.63,5.76,5.24,5.24,281600
5.19,5.19,4.87,4.94,535700
5.09,5.12,4.94,5.12,86100
5.05,5.18,5.05,5.14,66900
5.14,5.27,5.14,5.27,64100
5.27,5.37,5.19,5.37,106900
5.37,5.64,5.34,5.61,91700
5.62,5.77,5.61,5.63,122600
5.63,5.66,5.55,5.57,72200
5.18,5.5,5.18,5.5,114100
5.45,5.59,5.45,5.48,44100
5.48,5.48,5.34,5.35,43800
5.34,5.34,5.19,5.2,77500
5.2,5.24,5.14,5.2,87600
5.22,5.35,5.19,5.25,109300
5.31,5.34,5.25,5.29,60400
5.29,5.45,5.22,5.45,88800
5.44,5.83,5.44,5.83,270400
5.87,6.23,5.8,6.15,230500
6.12,6.2,6.06,6.07,134500
6.07,6.07,5.87,5.92,170400
5.89,5.95,5.87,5.92,106500
5.8,6.04,5.8,5.96,146400
5.96,5.98,5.87,5.96,104300
5.95,5.97,5.87,5.95,99400
5.94,5.96,5.79,5.82,75100
5.82,5.91,5.75,5.85,44500
5.86,5.96,5.77,5.91,239100
6.09,6.09,5.91,5.99,139700
5.99,6.35,5.99,6.19,427600
6.19,6.24,6.12,6.24,76300
6.23,6.32,6.18,6.3,232600
6.28,6.29,6.18,6.25,199500
6.33,6.59,6.33,6.49,471700
6.53,6.53,6.04,6.47,178100
6.45,6.55,6.42,6.48,337800
6.49,6.52,6.36,6.44,392900
6.44,6.51,6.39,6.46,161400
6.47,6.49,6.35,6.41,184400
6.39,6.39,6.29,6.37,335100
6.35,6.46,6.35,6.38,233800
6.37,6.42,6.3,6.3,191900
6.35,6.35,6.24,6.24,329500
6.25,6.28,6.12,6.14,146000
6.08,6.13,5.96,6.05,190100
5.91,6.03,5.8,5.8,179700
5.62,5.8,5.62,5.78,200000
5.79,6.18,5.79,6.18,974300
6.18,6.58,6.18,6.52,627200
6.46,6.49,6.34,6.36,410800
6.15,6.15,5.91,5.99,385700
5.99,6.06,5.96,5.99,175800
5.96,6.01,5.77,6.0,170200
6.01,6.05,5.77,5.92,284100
5.92,5.96,5.87,5.89,202600
5.89,5.95,5.77,5.77,173600
5.79,5.88,5.77,5.79,114400
5.99,5.99,5.78,5.88,123000
5.88,5.96,5.88,5.92,82620
5.91,5.92,5.84,5.88,83274
5.67,5.87,5.67,5.87,111057
5.87,6.0,5.87,5.9,61815
5.87,5.87,5.67,5.77,158247
5.65,5.8,5.38,5.53,166955
5.48,5.76,5.48,5.67,84044
5.62,5.67,5.57,5.64,48427
5.64,5.71,5.62,5.7,101007
5.71,5.74,5.58,5.64,99817
5.58,5.64,5.34,5.43,206471
5.43,5.43,5.31,5.43,141218
5.38,5.41,5.24,5.4,92367
5.69,5.69,5.18,5.37,89650
5.19,5.37,5.08,5.29,124798
5.29,5.35,4.92,5.15,143045
5.18,5.28,5.05,5.14,289098
5.19,5.19,5.12,5.17,39532
5.18,5.18,4.82,4.9,54563
4.9,4.9,4.62,4.79,229350
4.79,4.9,4.76,4.84,187001
4.89,4.9,4.5,4.81,311490
4.81,4.92,4.66,4.9,126265
5.0,5.0,4.81,4.85,57114
4.85,4.88,4.81,4.85,158844
4.81,4.88,4.81,4.82,87703
4.95,5.04,4.83,4.84,64604
4.88,4.88,4.79,4.84,45001
4.81,4.86,4.69,4.71,59929
4.71,4.71,4.38,4.38,194878
4.5,4.5,4.09,4.09,100636
3.87,4.08,3.81,3.83,246508
3.83,3.99,3.57,3.72,334858
3.72,3.8,3.61,3.8,69893
3.8,3.91,3.76,3.85,51751
3.92,3.92,3.62,3.78,48557
3.78,3.95,3.71,3.83,126262
3.86,3.95,3.84,3.87,81227
3.88,3.88,3.75,3.8,130807
3.73,3.82,3.54,3.63,266500
3.61,3.64,3.38,3.38,37409
3.15,3.37,3.15,3.15,201617
3.19,3.27,3.15,3.15,82769
3.1,3.17,2.94,2.94,103361
2.88,2.94,2.74,2.74,327940
2.74,2.74,2.56,2.56,145925
2.38,2.38,2.38,2.38,328960
2.22,2.55,2.22,2.55,569576
2.55,2.72,2.53,2.72,125196
2.79,2.9,2.64,2.9,428376
2.93,3.08,2.93,3.08,66161
3.07,3.23,2.93,2.93,246658
2.93,3.0,2.77,2.79,89543
2.78,2.84,2.67,2.68,100633
2.7,2.84,2.6,2.79,173120
2.91,2.98,2.87,2.98,267186
3.04,3.14,2.98,3.12,221806
3.12,3.26,3.12,3.25,301592
3.27,3.47,3.27,3.46,473077
3.47,3.68,3.37,3.68,294155
3.69,3.93,3.69,3.93,349184
3.94,3.98,3.66,3.66,264989
3.46,3.62,3.41,3.41,149158
3.37,3.6,3.37,3.54,222421
3.54,3.6,3.53,3.57,161031
3.56,3.69,3.37,3.52,239685
3.5,3.59,3.46,3.53,201960
3.57,3.62,3.51,3.53,387448
3.51,3.58,3.29,3.48,193490
3.44,3.59,3.43,3.52,161441
3.46,3.58,3.46,3.51,146753
3.55,3.56,3.27,3.27,191159
3.36,3.37,3.05,3.13,252413
3.19,3.22,2.92,2.99,220062
3.0,3.0,2.88,2.88,65673
2.88,2.92,2.69,2.69,103004
2.69,2.87,2.69,2.79,178510
2.84,2.94,2.84,2.91,82636
2.88,2.92,2.74,2.83,158301
2.83,2.92,2.83,2.83,85625
2.82,3.02,2.82,3.02,180542
3.07,3.1,2.98,3.03,220189
3.08,3.08,2.93,3.05,199419
3.0,3.06,2.98,2.98,95978
3.15,3.15,2.93,2.95,56451
2.93,3.0,2.91,2.98,48735
2.95,3.04,2.95,3.01,60203
3.03,3.03,2.98,2.99,46501
2.98,3.04,2.98,2.98,49509
2.98,3.02,2.89,3.01,51501
2.99,3.06,2.99,3.03,50169
3.04,3.16,3.03,3.14,83221
3.16,3.16,3.09,3.12,52039
3.13,3.21,3.07,3.16,82530
3.17,3.38,3.15,3.38,574536
3.5,3.5,3.37,3.39,272955
3.41,3.48,3.27,3.28,270047
3.23,3.33,3.17,3.22,95185
3.19,3.28,3.17,3.21,145019
3.18,3.24,3.17,3.22,200536
3.21,3.23,3.04,3.16,159327
3.16,3.25,3.15,3.22,278615
3.22,3.23,3.18,3.2,78297
3.21,3.23,3.17,3.22,124733
3.18,3.23,3.08,3.11,154386
3.08,3.17,3.08,3.11,159519
3.11,3.16,2.93,3.11,199319
3.15,3.15,3.08,3.11,130407
3.12,3.17,3.08,3.17,171581
3.2,3.29,3.2,3.28,263063
3.32,3.33,3.26,3.31,208394
3.29,3.29,3.19,3.22,128855
3.22,3.22,3.08,3.18,133901
3.17,3.21,3.12,3.14,158995
3.04,3.13,3.04,3.08,83910
3.04,3.11,2.98,3.05,271000
3.05,3.12,2.9,3.12,226077
3.15,3.15,3.05,3.05,102518
3.08,3.08,3.03,3.04,62062
3.05,3.13,3.05,3.09,41084
3.11,3.11,3.07,3.07,34443
3.0,3.09,3.0,3.08,41200
3.11,3.12,3.05,3.12,54000
3.07,3.11,3.06,3.09,38037
3.09,3.09,3.0,3.03,112199
3.04,3.08,2.97,3.0,59352
3.01,3.08,2.99,3.06,121313
3.06,3.06,3.0,3.04,76840
3.04,3.05,2.98,3.03,37223
3.01,3.04,2.97,2.98,28333
3.01,3.01,2.93,2.95,63301
3.0,3.0,2.95,2.97,49251
2.97,2.98,2.93,2.97,71443
2.97,2.98,2.93,2.97,30330
2.96,2.98,2.89,2.97,103574
2.97,3.0,2.95,2.97,102227
2.97,2.98,2.94,2.96,39300
2.96,2.99,2.94,2.95,87957
2.95,2.95,2.88,2.93,82589
2.93,2.97,2.93,2.95,100636
2.99,2.99,2.94,2.97,52968
2.98,3.08,2.98,3.05,157641
3.09,3.19,3.08,3.13,279541
3.11,3.16,2.99,3.05,199586
3.06,3.11,3.05,3.06,130961
3.04,3.06,2.98,3.05,131047
3.06,3.07,2.98,3.04,119199
3.04,3.05,3.01,3.04,85304
3.05,3.05,3.01,3.02,43754
3.03,3.03,2.96,2.99,39881
2.99,3.01,2.97,3.0,94626
2.98,3.0,2.95,2.99,79005
2.99,2.99,2.95,2.99,31970
2.99,3.01,2.98,2.99,56163
2.99,3.0,2.93,2.99,41034
2.98,3.02,2.95,2.99,33995
3.0,3.0,2.95,3.0,71990
3.01,3.03,2.99,3.01,45317
3.01,3.04,3.0,3.02,108482
3.02,3.03,2.99,3.02,98983
3.02,3.03,3.0,3.02,59017
3.01,3.14,3.01,3.12,209844
3.14,3.26,3.13,3.19,337634
3.2,3.37,3.2,3.35,376339
3.38,3.38,3.27,3.27,368554
3.27,3.3,3.17,3.27,255421
3.3,3.45,3.29,3.37,498841
3.37,3.54,3.34,3.42,498027
3.43,3.51,3.42,3.42,348336
3.41,3.44,3.38,3.4,155825
3.39,3.46,3.37,3.46,299709
3.46,3.5,3.32,3.46,106988
3.46,3.48,3.41,3.44,116661
3.45,3.6,3.45,3.52,177165
3.54,3.54,3.49,3.52,54215
3.52,3.66,3.52,3.64,267052
3.67,3.89,3.66,3.89,619259
3.99,4.05,3.87,3.91,495415
3.9,4.03,3.9,3.91,553868
3.93,4.13,3.93,4.09,487308
4.1,4.19,4.06,4.09,655019
4.1,4.1,3.94,3.97,386640
3.98,4.08,3.93,4.06,528719
4.01,4.1,4.01,4.1,431515
4.11,4.37,4.11,4.37,1020210
4.5,4.67,4.45,4.67,1760981
5.0,5.0,4.99,5.0,1832588
5.35,5.35,5.0,5.06,2071062
5.07,5.14,4.71,4.71,1382275
4.55,4.84,4.55,4.62,819064
4.61,4.67,4.31,4.47,686754
4.2,4.37,4.16,4.16,1209597
4.13,4.29,4.13,4.28,342826
4.32,4.49,4.32,4.38,405807
4.44,4.45,4.35,4.39,214942
4.4,4.48,4.33,4.43,623041
4.46,4.57,4.16,4.26,547046
4.26,4.35,4.24,4.29,271147
4.29,4.34,4.13,4.21,487053
4.22,4.22,4.12,4.13,304691
4.12,4.21,4.1,4.15,218961
4.16,4.23,4.13,4.19,93412
4.22,4.27,4.18,4.26,261119
4.26,4.36,4.25,4.27,284101
4.29,4.32,4.14,4.18,138458
4.13,4.23,4.13,4.19,157993
4.22,4.31,4.22,4.29,217582
4.31,4.4,4.3,4.39,410809
4.39,4.46,4.33,4.39,332091
4.39,4.44,4.37,4.39,255890
4.42,4.47,4.36,4.4,259088
4.41,4.5,4.41,4.48,461482
4.5,4.58,4.42,4.51,277086
4.6,4.61,4.37,4.37,557637
4.37,4.4,4.28,4.33,298647
4.35,4.4,4.34,4.36,196908
4.37,4.4,4.31,4.36,341675
4.37,4.51,4.37,4.42,499487
4.42,4.46,4.32,4.43,384622
4.47,4.52,4.39,4.43,552797
4.47,4.68,4.45,4.62,967805
4.69,4.72,4.56,4.67,568351
4.67,4.67,4.46,4.46,482944
4.45,4.47,4.37,4.45,408227
4.46,4.47,4.37,4.41,387734
4.44,4.44,4.37,4.42,291579
4.44,4.48,4.4,4.42,462939
4.47,4.61,4.44,4.57,688815
4.61,4.76,4.52,4.7,859849
4.71,5.01,4.7,4.75,1207788
4.77,4.81,4.58,4.62,574745
4.61,4.69,4.61,4.66,543347
4.7,4.84,4.66,4.76,667358
4.76,4.8,4.71,4.76,453851
4.79,4.81,4.68,4.68,598415
4.62,4.68,4.36,4.36,1015941
4.13,4.38,4.09,4.13,285525
4.24,4.29,3.89,4.11,358181
4.19,4.24,4.1,4.2,136972
4.2,4.3,4.18,4.24,214980
4.24,4.42,4.2,4.33,231173
4.35,4.42,4.32,4.35,167144
4.37,4.4,4.34,4.37,146458
4.37,4.45,4.35,4.37,212859
4.41,4.45,4.36,4.43,358216
4.42,4.51,4.42,4.51,268652
4.51,4.57,4.48,4.52,151608
4.5,4.58,4.5,4.54,244191
4.54,4.56,4.49,4.49,295200
4.52,4.52,4.37,4.37,208563
4.37,4.47,4.13,4.38,274756
4.42,4.43,4.26,4.37,452533
4.39,4.39,4.23,4.27,398362
4.23,4.32,4.23,4.29,142370
4.27,4.33,4.23,4.26,114668
4.26,4.32,4.18,4.26,187457
4.27,4.36,4.25,4.36,327879
4.37,4.4,4.32,4.36,74467
4.31,4.36,4.18,4.32,255945
4.33,4.33,4.15,4.15,306262
4.18,4.26,4.13,4.19,285750
4.21,4.26,4.13,4.26,301621
4.27,4.28,4.21,4.26,242923
4.29,4.29,4.25,4.26,94966
4.32,4.33,4.26,4.28,58116
4.28,4.3,4.16,4.27,234371
4.25,4.33,4.23,4.27,210173
4.28,4.34,4.27,4.32,182916
4.28,4.35,4.28,4.35,109675
4.35,4.4,4.32,4.4,139696
4.4,4.71,4.4,4.71,699150
5.04,5.04,5.04,5.04,531123
5.38,5.38,5.05,5.38,3108825
5.48,5.54,5.09,5.15,2122195
5.19,5.19,4.89,4.89,963759
4.98,5.23,4.88,5.23,2119020
5.27,5.58,4.87,5.0,1757531
5.0,5.35,4.72,5.35,1773933
5.35,5.71,5.1,5.67,2654554
5.69,6.0,5.63,5.91,2199530
5.91,5.91,5.5,5.62,2078528
5.66,5.77,5.39,5.48,2651783
5.52,5.52,5.11,5.27,2168120
5.34,5.63,5.29,5.57,873083
5.56,5.56,5.29,5.34,649564
5.34,5.56,5.19,5.28,1232016
5.31,5.31,5.17,5.29,694574
5.34,5.53,5.27,5.43,991952
5.43,5.44,5.32,5.36,1073618
5.39,5.57,5.36,5.43,1062426
5.46,5.46,5.3,5.36,718153
5.36,5.53,5.24,5.52,1268200
5.49,5.86,5.42,5.65,2172018
5.62,5.62,5.46,5.5,1049535
5.55,5.55,5.24,5.29,1592579
5.35,5.36,5.27,5.31,594552
5.37,5.43,5.31,5.32,891562
5.36,5.36,5.28,5.32,500463
5.34,5.44,5.3,5.32,1156477
5.29,5.33,5.26,5.3,415249
5.43,5.59,5.33,5.52,1834264
5.49,5.53,5.42,5.51,682619
5.51,5.52,5.38,5.38,1151175
5.37,5.48,5.12,5.23,885199
5.23,5.29,5.15,5.19,278227
5.19,5.32,5.05,5.12,450503
5.25,5.47,5.14,5.38,948099
5.43,5.43,5.3,5.3,444268
5.3,5.3,5.18,5.19,380499
5.19,5.43,5.19,5.35,1007583
5.37,5.64,5.34,5.36,945029
5.43,5.48,5.34,5.47,584141
5.54,5.69,5.38,5.45,960032
5.47,5.67,5.44,5.55,964104
5.55,5.72,5.49,5.5,907959
5.54,5.57,5.35,5.38,943531
5.44,5.44,5.23,5.25,1023778
5.26,5.39,5.25,5.25,1129393
5.3,5.33,5.22,5.25,500803
5.29,5.34,5.21,5.26,702266
5.28,5.35,5.25,5.31,902544
5.33,5.36,5.29,5.33,386597
5.32,5.34,5.3,5.33,301600
5.33,5.34,5.29,5.31,231609
5.32,5.38,5.29,5.31,304016
5.34,5.34,5.27,5.29,218922
5.29,5.3,5.26,5.28,612071
5.36,5.64,5.36,5.64,4629623
5.89,5.89,5.55,5.65,967615
5.65,5.65,5.26,5.37,1236337
5.37,5.49,5.34,5.39,745058
5.42,5.44,5.37,5.4,511012
5.38,5.41,5.32,5.34,359540
5.35,5.38,5.3,5.35,892296
5.35,5.35,5.3,5.33,386823
5.33,5.34,4.99,5.27,567823
5.27,5.32,5.26,5.27,203316
5.26,5.29,5.23,5.23,194719
5.24,5.3,5.17,5.18,224286
5.19,5.24,5.14,5.2,205297
5.2,5.21,5.17,5.21,162532
5.2,5.22,4.85,5.2,214278
5.22,5.23,5.17,5.2,60831
5.2,5.23,5.18,5.21,48510
5.22,5.23,5.1,5.17,294379
5.14,5.2,5.14,5.16,159118
5.15,5.36,5.15,5.23,527389
5.21,5.33,5.21,5.21,146299
5.21,5.27,5.19,5.21,97586
5.21,5.24,5.19,5.2,105431
5.23,5.23,5.18,5.21,136146
5.2,5.22,5.19,5.21,130568
5.21,5.29,5.21,5.24,105226
5.23,5.27,5.22,5.23,137801
5.25,5.3,5.23,5.3,233177
5.3,5.38,5.3,5.36,304484
5.35,5.39,5.34,5.36,119689
5.36,5.36,5.31,5.33,136470
5.33,5.34,5.3,5.32,207889
5.33,5.59,5.28,5.44,1193124
5.44,5.47,5.42,5.43,132036
5.44,5.45,5.3,5.43,249757
5.43,5.44,5.32,5.35,350375
5.3,5.35,5.29,5.35,269787
5.35,5.36,5.3,5.35,236286
5.34,5.4,5.33,5.34,359693
5.34,5.36,5.33,5.35,103620
5.35,5.36,5.33,5.35,152809
5.35,5.36,5.33,5.35,215896
5.35,5.36,5.32,5.35,182885
5.35,5.36,5.31,5.35,208344
5.34,5.35,5.3,5.34,168361
5.34,5.34,5.3,5.3,142208
5.3,5.33,4.93,5.25,304379
5.25,5.26,5.22,5.25,168270
5.23,5.26,5.2,5.25,159802
5.25,5.26,5.21,5.22,130041
5.22,5.25,5.2,5.21,177384
5.16,5.35,5.16,5.25,683511
5.25,5.29,5.21,5.23,44575
5.24,5.24,5.2,5.23,75172
5.24,5.27,5.22,5.27,90522
5.26,5.28,5.24,5.27,137676
5.26,5.31,5.23,5.25,81049
5.19,5.27,5.19,5.26,130247
5.26,5.27,5.24,5.26,102460
5.29,5.29,5.25,5.27,122218
5.28,5.28,5.26,5.27,77483
5.34,5.34,5.2,5.28,36397
5.27,5.28,4.93,5.24,307455
5.24,5.24,5.02,5.08,488220
5.02,5.09,4.89,4.89,387799
4.55,4.87,4.55,4.55,864134
4.3,4.51,4.3,4.46,104672
4.56,4.56,4.46,4.55,83928
4.5,4.5,4.3,4.4,116690
4.39,4.4,4.35,4.4,14361
4.44,4.47,4.4,4.45,44612
4.41,4.45,4.3,4.3,192590
4.3,4.38,4.23,4.29,100283
4.4,4.4,4.28,4.29,27666
4.28,4.31,4.27,4.27,41994
4.3,4.35,4.26,4.34,11040
4.34,4.38,4.25,4.35,23063
4.3,4.43,4.3,4.43,49785
4.43,4.54,4.43,4.53,136641
4.53,4.62,4.53,4.62,178448
4.62,4.69,4.62,4.68,57988
4.68,4.78,4.68,4.75,34588
4.7,4.78,4.7,4.77,155861
4.78,4.78,4.73,4.74,29478
4.74,4.81,4.65,4.75,54370
4.75,4.76,4.67,4.76,48614
4.74,4.81,4.74,4.79,13644
4.79,4.89,4.79,4.85,94709
4.9,5.0,4.9,4.92,32952
4.95,4.96,4.91,4.93,19341
4.85,4.93,4.8,4.8,16727
4.8,5.13,4.8,5.13,355080
5.13,5.22,5.12,5.19,118737
5.07,5.2,5.05,5.15,78361
5.18,5.21,5.13,5.13,107530
5.13,5.18,5.05,5.13,33846
5.13,5.15,5.04,5.08,48928
5.04,5.14,5.04,5.14,82215
5.1,5.14,5.03,5.14,23450
5.07,5.12,5.06,5.08,33501
5.05,5.08,4.74,5.03,96644
5.05,5.2,5.05,5.12,19529
5.05,5.14,5.05,5.12,43126
5.1,5.14,5.01,5.05,62190
5.05,5.15,5.05,5.06,18904
5.11,5.11,5.01,5.06,7516
5.05,5.09,5.04,5.05,32763
5.04,5.1,5.03,5.04,21316
5.07,5.08,5.0,5.04,24358
5.04,5.3,5.0,5.3,284335
5.32,5.35,5.15,5.24,61030
5.24,5.24,5.05,5.1,37059
5.1,5.16,5.0,5.09,38085
5.02,5.1,5.02,5.08,19154
5.05,5.08,5.02,5.07,23234
5.07,5.2,5.04,5.2,170149
5.09,5.3,5.09,5.21,152444
5.2,5.26,4.85,5.16,46710
5.16,5.18,5.03,5.16,10222
5.16,5.17,5.04,5.11,14111
5.11,5.21,5.1,5.19,158363
5.19,5.2,5.04,5.04,11065
5.16,5.16,5.0,5.16,36825
5.19,5.19,5.01,5.16,13080
5.05,5.16,5.05,5.13,9620
5.15,5.15,4.99,5.14,52311
5.15,5.15,5.12,5.12,13322
5.05,5.15,5.0,5.15,26051
5.18,5.18,5.05,5.15,42125
5.16,5.16,5.06,5.11,14418
5.07,5.14,5.07,5.11,15560
5.13,5.13,5.08,5.08,4442
5.13,5.15,5.06,5.08,16428
5.09,5.11,5.05,5.09,9681
5.13,5.13,5.04,5.07,5601
5.01,5.16,5.01,5.14,90823
5.18,5.18,5.1,5.13,16010
5.07,5.16,5.06,5.15,211318
5.15,5.16,5.1,5.14,52461
5.14,5.16,5.07,5.16,202237
5.18,5.18,5.15,5.16,11866
5.16,5.16,5.13,5.13,6400
5.12,5.16,5.11,5.13,43400
5.13,5.14,5.1,5.1,11000
5.18,5.18,5.11,5.12,7400
5.12,5.18,5.12,5.15,121200
5.1,5.14,5.09,5.14,14700
5.15,5.2,5.1,5.14,89200
5.02,5.15,5.02,5.13,45800
5.12,5.16,5.1,5.14,14300
5.15,5.15,5.11,5.13,21800
5.13,5.15,5.11,5.13,13700
5.13,5.16,5.09,5.13,6700
5.11,5.13,5.09,5.11,38200
5.14,5.19,5.1,5.11,14100
5.09,5.15,5.08,5.14,72600
5.2,5.2,5.12,5.14,17400
5.12,5.18,5.12,5.14,19100
5.12,5.21,5.12,5.21,94300
5.19,5.23,5.15,5.18,15000
5.18,5.24,5.17,5.19,24900
5.17,5.21,5.15,5.19,28900
5.2,5.2,5.17,5.18,8900
5.18,5.2,5.11,5.11,16300
5.07,5.16,5.07,5.13,32900
5.14,5.14,5.11,5.13,2800
5.14,5.17,5.12,5.14,19200
5.14,5.17,5.13,5.15,7300
5.14,5.19,5.12,5.15,29300
5.13,5.21,5.13,5.2,83500
5.24,5.24,5.18,5.21,83300
5.2,5.23,5.2,5.23,94600
5.22,5.23,5.18,5.22,19700
5.21,5.45,5.21,5.42,346400
5.44,5.45,5.4,5.43,70200
5.44,5.45,5.35,5.4,130300
5.4,5.45,5.4,5.42,118000
5.45,5.6,5.4,5.53,424600
5.54,5.55,5.51,5.51,154500
5.52,5.53,5.45,5.49,132600
5.47,5.49,5.36,5.4,1039900
5.4,5.5,5.32,5.45,116500
5.45,5.51,5.45,5.49,162400
5.52,5.55,5.45,5.5,149100
5.51,5.52,5.46,5.5,80900
5.5,5.5,5.45,5.5,64400
5.5,5.52,5.46,5.47,128800
5.48,5.5,5.41,5.45,67400
5.47,5.52,5.4,5.44,47600
5.45,5.47,5.43,5.44,45400
5.42,5.46,5.4,5.44,31100
5.44,5.5,5.42,5.42,26000
5.42,5.43,5.35,5.35,40600
5.35,5.42,5.35,5.4,190200
5.4,5.53,5.36,5.53,199300
5.58,5.6,5.5,5.57,167200
5.56,5.84,5.56,5.75,645100
5.75,5.77,5.7,5.73,193700
5.73,5.75,5.66,5.7,128800
5.71,5.95,5.7,5.82,571200
5.8,5.85,5.72,5.74,143900
5.75,5.8,5.61,5.65,270000
5.64,5.69,5.6,5.61,68600
5.64,5.66,5.58,5.6,164700
5.6,5.63,5.58,5.6,134200
5.59,5.68,5.59,5.62,123600
5.63,5.7,5.6,5.68,144600
5.68,5.73,5.68,5.72,87100
5.75,6.01,5.73,5.94,823600
5.98,6.2,5.94,6.18,1241400
6.18,6.48,6.18,6.38,907100
6.4,6.55,5.94,6.0,1195800
6.08,6.14,5.81,5.83,485800
5.81,5.91,5.78,5.79,298300
5.79,5.81,5.71,5.79,483600
5.73,5.88,5.71,5.8,179500
5.81,5.81,5.72,5.8,162400
5.77,5.84,5.74,5.83,197100
5.85,5.85,5.79,5.84,118000
5.84,6.11,5.82,6.03,393100
6.02,6.03,5.83,5.87,111200
5.84,5.87,5.75,5.75,274900
5.75,5.8,5.7,5.75,238600
5.77,5.8,5.69,5.79,320600
5.78,5.8,5.7,5.8,135100
5.74,5.92,5.73,5.89,180600
5.89,5.89,5.81,5.83,95100
5.81,5.84,5.73,5.75,83700
5.75,5.81,5.73,5.77,195600
5.75,5.78,5.73,5.75,67400
5.76,5.84,5.38,5.75,283200
5.74,5.94,5.74,5.94,617000
5.95,6.05,5.86,5.86,429600
5.88,5.9,5.77,5.83,99800
5.84,6.1,5.76,6.09,450000
6.1,6.1,6.0,6.05,267400
6.05,6.45,6.0,6.22,962300
6.24,6.28,6.09,6.14,143800
6.18,6.22,6.02,6.1,190300
6.03,6.1,6.0,6.0,149700
6.0,6.03,5.97,6.02,99800
6.02,6.1,5.98,6.03,118800
6.03,6.09,5.92,6.03,148200
5.99,6.06,5.96,5.98,91700
6.04,6.09,5.98,5.99,132500
6.0,6.2,5.99,6.2,323800
6.24,6.35,6.12,6.12,608500
6.14,6.24,6.12,6.15,944200
6.15,6.18,6.07,6.08,195900
6.1,6.15,5.98,6.0,277900
6.0,6.09,5.91,6.0,85400
6.01,6.03,5.91,5.93,128100
5.96,6.0,5.88,5.99,147100
5.96,6.03,5.9,5.94,106800
5.99,5.99,5.9,5.9,131200
5.94,5.94,5.8,5.9,173400
5.95,5.96,5.88,5.95,63300
5.96,6.04,5.81,5.95,105200
5.95,6.0,5.9,5.92,81000
5.93,6.0,5.89,5.93,128800
5.96,6.01,5.93,5.97,82400
5.97,5.99,5.92,5.97,123100
5.97,6.03,5.97,6.02,87200
6.04,6.06,5.95,6.03,384900
6.02,6.03,5.99,5.99,129200
5.99,6.02,5.9,5.94,152500
5.95,5.99,5.9,5.9,99800
5.91,5.94,5.84,5.9,160000
5.85,5.99,5.84,5.9,71200
5.87,5.89,5.85,5.88,153700
5.89,5.89,5.85,5.87,78100
5.88,5.89,5.85,5.88,83600
5.88,5.9,5.85,5.89,199600
5.9,5.99,5.82,5.96,77200
5.96,5.97,5.88,5.93,73700
5.93,5.94,5.84,5.9,103400
5.98,5.98,5.85,5.96,96100
5.96,5.97,5.88,5.94,79300
5.84,5.97,5.84,5.92,114600
5.92,5.94,5.9,5.91,139000
5.91,5.92,5.85,5.91,161500
5.91,5.98,5.9,5.94,178200
5.98,6.09,5.97,6.09,250200
6.08,6.17,6.03,6.09,169400
6.09,6.2,6.03,6.14,206200
6.14,6.2,6.08,6.12,150900
6.08,6.12,5.99,6.02,169100
6.02,6.05,5.98,5.98,122400
6.01,6.38,6.01,6.26,621400
6.33,6.4,6.18,6.35,458800
6.35,6.47,6.25,6.38,312500
6.39,6.49,6.26,6.3,251900
6.3,6.35,6.25,6.28,135700
6.27,6.32,6.25,6.29,147200
6.29,6.35,6.25,6.29,105600
6.24,6.29,6.21,6.27,101700
6.27,6.31,6.23,6.28,111100
6.29,6.34,6.25,6.3,85300
6.3,6.33,6.25,6.28,67700
6.29,6.49,6.29,6.41,422700
6.41,6.43,6.3,6.34,92400
6.22,6.32,6.09,6.15,247600
6.15,6.17,6.09,6.13,93900
6.1,6.16,6.1,6.14,114600
6.15,6.22,6.0,6.16,364600
6.14,6.2,6.14,6.19,69700
6.2,6.24,6.17,6.2,94000
6.2,6.3,6.1,6.29,1309600
6.28,6.29,6.24,6.28,59300
6.28,6.29,6.24,6.28,65800
6.28,6.29,6.2,6.21,128700
6.23,6.24,6.17,6.21,92300
6.19,6.19,5.78,5.78,599900
5.61,5.79,5.38,5.79,199000
5.77,5.77,5.4,5.5,159600
5.21,5.48,5.12,5.38,170600
5.75,5.75,5.75,5.75,123700
5.8,5.81,5.7,5.71,109300
5.75,5.9,5.75,5.83,863100
5.83,6.04,5.77,6.01,184500
6.01,6.05,5.9,6.01,154000
6.0,6.07,5.91,6.05,107900
6.05,6.14,6.0,6.0,141700
6.01,6.04,5.99,6.0,79700
6.0,6.2,5.82,6.0,208600
6.4,6.4,6.02,6.1,160200
6.15,6.17,6.07,6.13,85200
5.98,6.16,5.98,6.15,91000
6.17,6.17,6.09,6.14,87100
6.11,6.2,6.11,6.14,80500
6.18,6.2,6.14,6.2,90800
6.2,6.29,6.19,6.25,110700
6.11,6.24,6.1,6.18,88900
6.14,6.25,6.14,6.2,83700
6.2,6.21,6.15,6.2,61900
6.18,6.25,6.18,6.23,153800
6.22,6.26,6.2,6.21,100400
6.19,6.4,6.19,6.33,1115000
6.35,6.39,6.3,6.39,173600
6.39,6.64,6.35,6.6,385200
6.56,6.75,6.55,6.72,364900
6.7,6.76,6.67,6.7,140700
6.64,6.69,6.57,6.6,224100
6.6,6.7,6.6,6.68,178700
6.67,6.69,6.56,6.6,124200
6.6,6.67,6.5,6.64,162000
6.85,7.1,6.75,7.1,2236800
7.3,7.59,7.15,7.59,1563400
7.65,7.9,7.07,7.24,841000
7.19,7.24,6.85,7.0,697300
6.91,7.04,6.89,7.0,382300
7.01,7.22,7.01,7.15,195300
7.16,7.2,7.09,7.1,378600
7.1,7.35,7.09,7.12,1175000
7.07,7.13,6.97,6.97,417800
6.97,6.97,6.65,6.79,316200
6.82,6.95,6.77,6.9,407300
6.9,7.0,6.8,6.85,383200
6.81,6.95,6.81,6.88,97800
6.83,6.88,6.67,6.82,220400
6.82,6.99,6.8,6.82,115100
6.85,6.85,6.75,6.79,126000
6.82,6.86,6.7,6.75,193300
6.8,6.8,6.74,6.75,117200
6.77,6.83,6.61,6.72,144900
6.69,6.82,6.68,6.74,105000
6.8,7.01,6.8,6.87,655900
6.89,6.9,6.87,6.9,352700
6.81,6.91,6.81,6.88,138600
6.85,6.99,6.84,6.86,138800
6.8,6.97,6.8,6.85,192300
6.6,6.94,6.4,6.82,254800
6.72,6.84,6.72,6.82,99500
6.73,6.86,6.7,6.82,186300
6.84,6.9,6.8,6.82,103800
6.85,6.95,6.85,6.95,149800
6.95,7.08,6.9,7.0,316800
6.95,7.1,6.95,7.03,330600
7.08,7.08,7.0,7.04,285500
7.02,7.1,7.0,7.04,423300
7.05,7.2,7.02,7.07,158300
7.05,7.19,7.04,7.1,334700
7.09,7.14,7.06,7.1,224300
7.1,7.21,7.06,7.21,316800
7.3,7.3,7.1,7.12,280400
7.15,7.15,7.1,7.12,105100
7.25,7.25,7.1,7.16,344900
7.16,7.25,7.15,7.2,200600
7.2,7.35,7.2,7.25,662800
7.26,7.52,7.25,7.45,712200
7.5,7.59,7.45,7.5,558400
7.52,7.64,7.44,7.52,696700
7.59,7.64,7.51,7.59,237400
7.6,7.6,7.26,7.4,297100
7.43,7.5,7.4,7.41,240400
7.42,7.5,7.4,7.43,270600
7.44,7.47,7.4,7.4,311500
7.41,7.47,7.4,7.42,312000
7.42,7.5,7.3,7.5,324500
7.52,7.6,7.48,7.52,154900
7.55,7.62,7.55,7.6,230800
7.6,7.95,7.6,7.85,1415400
7.9,8.05,7.85,7.95,574600
7.96,7.98,7.77,7.79,367800
7.79,7.8,7.61,7.69,268100
7.7,7.76,7.67,7.76,156900
7.79,8.12,7.79,8.1,1114900
8.1,8.2,7.98,8.02,540600
8.0,8.1,7.96,7.96,198400
