,ticker,yearReport,lengthReport,CURRENT ASSETS (Bn. VND),Cash and cash equivalents (Bn. VND),Short-term investments (Bn. VND),Accounts receivable (Bn. VND),Net Inventories,Other current assets,LONG-TERM ASSETS (Bn. VND),Fixed assets (Bn. VND),Long-term investments (Bn. VND),Good will (Bn. VND),Other non-current assets,TOTAL ASSETS (Bn. VND),LIABILITIES (Bn. VND),Current liabilities (Bn. VND),Long-term liabilities (Bn. VND),OWNER'S EQUITY(Bn.VND),Capital and reserves (Bn. VND),Other Reserves,Undistributed earnings (Bn. VND),Minority Interest_x,TOTAL RESOURCES (Bn. VND),Prepayments to suppliers (Bn. VND),"Inventories, Net (Bn. VND)",Other current assets (Bn. VND),Investment and development funds (Bn. VND),Common shares (Bn. VND),Paid-in capital (Bn. VND),Long-term borrowings (Bn. VND),Advances from customers (Bn. VND),Short-term borrowings (Bn. VND),Long-term prepayments (Bn. VND),Other long-term assets (Bn. VND),_Other Reserves,MINORITY INTERESTS,Revenue (Bn. VND),Revenue YoY (%),Attribute to parent company (Bn. VND),Attribute to parent company YoY (%),Net Sales,Cost of Sales,Gross Profit,Financial Income,Financial Expenses,Interest Expenses,General & Admin Expenses,Operating Profit/Loss,Net other income/expenses,Profit before tax,Business income tax - current,Business income tax - deferred,Net Profit For the Year,Minority Interest_y,Attributable to parent company,Sales,Other income,Other Income/Expenses,Net Profit/Loss before tax,Depreciation and Amortisation,Provision for credit losses,Profit/Loss from investing activities,Interest Expense,Interest income and dividends,Operating profit before changes in working capital,Increase/Decrease in receivables,Increase/Decrease in payables,Increase/Decrease in prepaid expenses,Interest paid,Business Income Tax paid,Other receipts from operating activities,Other payments on operating activities,Net cash inflows/outflows from operating activities,Purchase of fixed assets,Proceeds from disposal of fixed assets,"Loans granted, purchases of debt instruments (Bn. VND)","Collection of loans, proceeds from sales of debts instruments (Bn. VND)",Investment in other entities,Proceeds from divestment in other entities,Gain on Dividend,Net Cash Flows from Investing Activities,Increase in charter captial,Proceeds from borrowings,Repayment of borrowings,Dividends paid,Cash flows from financial activities,Net increase/decrease in cash and cash equivalents,Cash and cash equivalents,Cash and Cash Equivalents at the end of period,_Increase/Decrease in receivables,_Increase/Decrease in payables,Chỉ tiêu cơ cấu nguồn vốn_(ST+LT borrowings)/Equity,Chỉ tiêu cơ cấu nguồn vốn_Debt/Equity,Chỉ tiêu cơ cấu nguồn vốn_Fixed Asset-To-Equity,Chỉ tiêu cơ cấu nguồn vốn_Owners' Equity/Charter Capital,Chỉ tiêu hiệu quả hoạt động_Asset Turnover,Chỉ tiêu hiệu quả hoạt động_Fixed Asset Turnover,Chỉ tiêu hiệu quả hoạt động_Days Sales Outstanding,Chỉ tiêu hiệu quả hoạt động_Days Inventory Outstanding,Chỉ tiêu hiệu quả hoạt động_Days Payable Outstanding,Chỉ tiêu hiệu quả hoạt động_Cash Cycle,Chỉ tiêu hiệu quả hoạt động_Inventory Turnover,Chỉ tiêu khả năng sinh lợi_EBIT Margin (%),Chỉ tiêu khả năng sinh lợi_Gross Profit Margin (%),Chỉ tiêu khả năng sinh lợi_Net Profit Margin (%),Chỉ tiêu khả năng sinh lợi_ROE (%),Chỉ tiêu khả năng sinh lợi_ROIC (%),Chỉ tiêu khả năng sinh lợi_ROA (%),Chỉ tiêu khả năng sinh lợi_EBITDA (Bn. VND),Chỉ tiêu khả năng sinh lợi_EBIT (Bn. VND),Chỉ tiêu thanh khoản_Current Ratio,Chỉ tiêu thanh khoản_Cash Ratio,Chỉ tiêu thanh khoản_Quick Ratio,Chỉ tiêu thanh khoản_Interest Coverage,Chỉ tiêu thanh khoản_Financial Leverage,Chỉ tiêu định giá_P/B,Chỉ tiêu định giá_Market Capital (Bn. VND),Chỉ tiêu định giá_Outstanding Share (Mil. Shares),Chỉ tiêu định giá_P/E,Chỉ tiêu định giá_P/S,Chỉ tiêu định giá_P/Cash Flow,Chỉ tiêu định giá_EPS (VND),Chỉ tiêu định giá_BVPS (VND),Chỉ tiêu định giá_EV/EBITDA
0,VIX,2010,1,344030887545,91320479941,0,39107078267,0,613404117,103563549921,12293247915,87500000000,0,3770302006,447594437466,108913406434,108767781893,145624541,338681031032,338681031032,0,35154939248,0,447594437466,0,0,3000000,0,0,301763045892,0,446078000,10000000000,3055013942,0,0,0,13538860073,0.0,3420133914,0.0,13538860073,-4124303313,9414556760,0,0,0,-4854378208,4560178552,0,4560178552,-1140044638,0,3420133914,0,3420133914,13538860073,0,0,0.0,0.0,0.0,0.0,0.0,0.0,0.0,0.0,0.0,0.0,0.0,0.0,0.0,0.0,-49278576437.0,0.0,0.0,0.0,0.0,0.0,0.0,0.0,0.0,0.0,20000000000.0,0.0,0.0,20000000000.0,-29278576437.0,120599056378.0,91320479941.0,0.0,0.0,0.0,0.0,0.03629742084326678,0.02211534725294614,0.0,0.0,0.0,0.0,0.0,0.0,0.0,0.33682145523419504,0.69537292720641,0.2526160914256463,0.0,0.0,0.0,0.0,4560178552,0.0,0.0,0.0,0.0,1.3215810643487425,1.6196340555,543000000000,0.0,15.5266697799,6.0871365416,0.0,0.0,11175.3639276667,9.8405275618
1,VIX,2010,3,510380552477,97185966841,165903428171,245902780553,55788648,1332588264,13481639065,10836613968,0,0,2645025097,523862191542,166679673304,166534048763,145624541,357182518238,357182518238,0,53656426454,0,523862191542,46390000,55788648,693046750,0,301763045892,301763045892,0,86231923820,0,2640025097,0,0,0,34102882751,0.0,15230439964,0.0,34102882751,-8322731871,25780150880,0,0,0,-5472736088,20307414792,0,20307414792,-5076974828,0,15230439964,0,15230439964,34102882751,0,0,0.0,0.0,0.0,0.0,0.0,0.0,0.0,0.0,0.0,0.0,0.0,0.0,0.0,0.0,-46184228282.0,-67930500.0,0.0,27358369318.0,0.0,0.0,0.0,0.0,27290438818.0,0.0,30000000000.0,0.0,0.0,30000000000.0,11106210536.0,91320463441.0,102426673977.0,0.0,0.0,0.0,0.0,0.03033914991544822,0.02332346573838317,0.0,0.0,0.0,0.0,0.0,0.0,0.0,0.5954750201111525,0.7559522480322883,0.44660271318422184,0.0,0.0,0.0,0.0,20307414792,0.0,0.0,0.0,0.0,1.4666512631307924,0.7895123238,282000000000,30000000.0,10.5316097391,3.2785743234,-6.1059805585,507.68133213333334,11906.0839412667,4.8658463214
2,VIX,2011,3,480493626680,191363541939,51112596274,236884655402,0,1132833065,10626015552,6230970031,0,0,4395045521,491119642232,142311917399,142311917399,0,348807724833,348807724833,0,44536600923,0,491119642232,8659281736,0,565590100,0,300000000000,300000000000,0,850407548,95000000000,1933841109,0,0,0,12236777623,-0.6411805502676696,5416459551,-0.644366179584909,12236777623,-1162235457,11074542166,0,0,0,-3961300312,7113241854,0,7113448706,-1696989155,0,5416459551,0,5416459551,12236777623,206852,206852,0.0,0.0,0.0,0.0,0.0,0.0,0.0,0.0,0.0,0.0,0.0,0.0,0.0,0.0,-141741606724.0,-6012175742.0,0.0,0.0,0.0,0.0,0.0,0.0,-6012175742.0,0.0,95000000000.0,-26000000000.0,0.0,69000000000.0,-78753782466.0,270117324405.0,191363541939.0,0.0,0.0,0.0,0.0,0.017863623960688444,0.022776604688152815,0.0,0.0,0.0,0.0,0.0,0.0,0.0,0.5813002469400191,0.9050211180747875,0.44263773665538647,0.0,0.0,0.0,0.0,7113241854,0.0,0.0,0.0,0.0,1.4079953145164295,0.2752232624,96000000000,30000000.0,-11.5303066236,2.2870790201,-0.6812690847,180.5486517,11626.9241611,0.0522685734
3,VIX,2011,4,337925237762,264831972069,41277627024,31376243869,0,439394800,18296456560,12839003976,0,0,5457452584,356221694322,6985614949,6985614949,0,349236079373,349236079373,0,44964955463,0,356221694322,692000000,0,360598940,0,300000000000,300000000000,0,0,0,2996248172,0,2135561955,0,26284521151,0.0,428354539,0.0,26284521151,-10021654871,16262866280,0,0,0,-16194120009,68746271,-524335260,762067594,-333713055,0,428354539,0,428354539,26284521151,693321323,1217656583,0.0,0.0,0.0,0.0,0.0,0.0,0.0,0.0,0.0,0.0,0.0,0.0,0.0,0.0,258338579128.0,-6035128651.0,0.0,0.0,1793825232.0,-223852618818.0,112223773239.0,0.0,-115870148998.0,0.0,488097000.0,-69488097000.0,0.0,-69000000000.0,73468430130.0,191363541939.0,264831972069.0,0.0,0.0,0.0,0.0,0.03676310878031407,0.022804575576781002,0.0,0.0,0.0,0.0,0.0,0.0,0.0,0.002615465984906654,0.6187240842841558,0.016296836322000227,0.0,0.0,0.0,0.0,68746271,0.0,0.0,0.0,0.0,1.020002558044809,0.8754898401,315000000000,30000000.0,48.5505647034,5.6697084554,1.2806573113,14.278484633333333,11993.2859506,2.3955617417
4,VIX,2012,1,353937820189,293820522688,56666545864,2681394147,0,769357490,17227041270,12456450773,0,0,4770590497,371164861459,11366282941,11366282941,0,359798578518,359798578518,0,55527454608,0,371164861459,672000000,0,416100572,0,300000000000,300000000000,0,0,0,1993413464,0,2135561955,0,10390922993,-0.23251123529061382,10553072686,2.0855729487088146,10390922993,5521345842,15912268835,0,0,0,-1586541854,14325726981,-257963400,14070763581,-3517690895,0,10553072686,0,10553072686,10390922993,-254963400,3000000,0.0,0.0,0.0,0.0,0.0,0.0,0.0,0.0,0.0,0.0,0.0,0.0,0.0,0.0,5461177988.0,0.0,0.0,26246746050.0,578576071.0,0.0,0.0,-3297949490.0,23527372631.0,0.0,0.0,0.0,0.0,0.0,28988550619.0,264831972069.0,293820522688.0,0.0,0.0,0.0,0.0,0.03462062252804823,0.023494290426587724,0.0,0.0,0.0,0.0,0.0,0.0,0.0,1.3786770425159285,1.531362405988336,1.0156049364535984,0.0,0.0,0.0,0.0,14325726981,0.0,0.0,0.0,0.0,1.0315906832867918,1.0422498097,375000000000,30000000.0,16.0846423546,5.6424538339,68.6665039711,351.76908953333333,11993.2859506,2.4887121902
5,VIX,2012,2,407103562188,202683589866,199467902041,4397374337,0,554695944,15975096352,11559849225,0,0,4415247127,423078658540,84492678104,84492678104,0,338585980436,338585980436,0,33661456526,0,423078658540,672000000,0,334934900,2462261955,300000000000,300000000000,0,380878000,33217988722,1638070094,0,0,0,24288311020,0.0,9102401918,0.0,24288311020,-11740405047,12547905973,0,0,0,-1358941723,11188964250,-4808234,11191788950,-2089387032,0,9102401918,0,9102401918,24288311020,2824700,7632934,0.0,0.0,0.0,0.0,0.0,0.0,0.0,0.0,0.0,0.0,0.0,0.0,0.0,0.0,-89183047650.0,0.0,0.0,150832115566.0,1496522870.0,0.0,0.0,-157555612330.0,-5226973894.0,0.0,80232368891.0,-47014380169.0,-29944900000.0,3273088722.0,-91136932822.0,293820522688.0,202683589866.0,0.0,0.0,0.0,0.0,0.034141547178398485,0.02210914059610819,0.0,0.0,0.0,0.0,0.0,0.0,0.0,0.4606728002118609,0.5166232416353502,0.3747647133843397,0.0,0.0,0.0,0.0,11188964250,0.0,0.0,0.0,0.0,1.249545707696456,0.8771774886,297000000000,30000000.0,11.6469269647,4.0573475177,-3.3302293185,303.41339726666666,11286.1993478667,3.4887017972
6,VIX,2012,3,255816119337,66437366128,185830817255,3130508802,0,417427152,14846185243,10735026819,0,0,4111158424,270662304580,10101880790,10101880790,0,260560423790,260560423790,0,-44364100120,0,270662304580,672000000,0,307126900,0,300000000000,300000000000,0,0,0,1333981391,0,2462261955,0,4855039361,-0.6032420045065977,-78025556646,-15.405268960532482,4855039361,-81504751847,-76649712486,0,0,0,-1375844160,-78025556646,0,-78025556646,0,0,-78025556646,0,-78025556646,4855039361,0,0,0.0,0.0,0.0,0.0,0.0,0.0,0.0,0.0,0.0,0.0,0.0,0.0,0.0,0.0,-114848246613.0,0.0,0.0,154012641966.0,586954310.0,0.0,0.0,-142779584679.0,11820011597.0,0.0,76557727618.0,-109775716340.0,0.0,-33217988722.0,-136246223738.0,202683589866.0,66437366128.0,0.0,0.0,0.0,0.0387698202,0.04119975959070419,0.01701419248350583,0.1852579551,5.5321149005,84.05788664013326,0.0,1.5455376122,85.60342425233326,0.0,-16.07104512329411,-15.787660364140146,-16.07104512329411,-0.1771673025,7.1678277709,-0.1630866385,-48366759763.0,-78025556646,25.3236129642,34.3034468343,25.3236129642,0.0,1.0387698202323377,1.0937961945,285000000000,30000000.0,-4.9187349477,4.3300701882,0.0,-2600.8518882,8685.3474596666,-4.518860369
7,VIX,2012,4,254064760767,249444746745,2062459926,2233066195,0,324487901,14634388369,10907446958,0,0,3726941411,268699149136,1361901612,1361901612,0,267337247524,267337247524,0,-37587276386,0,268699149136,0,0,307126900,2462261955,300000000000,300000000000,0,0,0,949764378,0,0,0,2672418684,-0.8983272828655535,7115971275,15.612340076078896,2672418684,1220714101,3893132785,0,0,0,-2105674179,1787458606,-278565258,1508893348,5607077927,0,7115971275,0,7115971275,2672418684,-278565258,0,0.0,0.0,0.0,0.0,0.0,0.0,0.0,0.0,0.0,0.0,0.0,0.0,0.0,0.0,182025101628.0,0.0,0.0,26817799294.0,51192551.0,0.0,0.0,-25886712856.0,982278989.0,0.0,68780195215.0,-68780195215.0,0.0,0.0,183007380617.0,66437366128.0,249444746745.0,0.0,0.0,0.0,0.0301630092,0.040800326400535686,0.017456708586910678,0.1334952546,3.4544515744,132.11258757646743,0.0,1.3803571495,133.49294472596745,0.0,0.6688542542759741,1.456782505042537,2.662745668410392,-0.1662521713,0.0,-0.1621112727,-48035703650.0,1787458606,32.5109077776,31.0448957664,32.5109077776,0.0,1.005094320468298,0.9217714092,252000000000,30000000.0,-4.9166788034,5.9706171631,-15.8341041833,237.1990425,9112.8884183666,-0.9971552525
8,VIX,2013,1,268090281485,204100945796,51856972942,4327481426,0,7804881321,13542535194,9879051285,0,0,3663483909,281632816679,8246164128,8246164128,0,273386652551,273386652551,0,-31537871359,0,281632816679,0,0,307126900,2462261955,300000000000,300000000000,0,0,0,585325362,0,0,0,8534639025,-0.17864476228440085,6049405027,-0.4267636349150415,8534639025,-1554846038,6979792987,0,0,0,-1206641154,5773151833,-275696806,6049405027,0,0,6049405027,0,6049405027,8534639025,276253194,551950000,0.0,0.0,0.0,0.0,0.0,0.0,0.0,0.0,0.0,0.0,0.0,0.0,0.0,0.0,-46844419474.0,0.0,551600000.0,25808729711.0,744663041.0,0.0,0.0,-25604374227.0,1500618525.0,0.0,0.0,0.0,0.0,0.0,-45343800949.0,249444746745.0,204100945796.0,0.0,0.0,0.0,0.0301630092,0.03613582152902316,0.01785172537435273,0.1297364717,3.7464364828,134.95530406965355,0.0,1.448889788,136.40419385765355,0.0,0.6764377281908533,0.8178193555174995,0.7088061966393476,-0.195663588,7.8126907395,-0.1792749512,-57605277605.0,5773151833,32.5109077776,31.0448957664,32.5109077776,0.0,1.0301630092437,0.8778775326,240000000000,30000000.0,-4.3043321806,5.9478952347,-5.1233423894,201.64683423333332,9112.8884183666,-0.6231903689
9,VIX,2013,2,273804857121,209642285637,51481755495,5000157669,0,7680658320,12484278738,8642159614,0,0,3842119124,286289135859,6414573035,6414573035,0,279874562824,279874562824,0,-25049961086,0,286289135859,0,0,307126900,2462261955,300000000000,300000000000,0,0,0,763960577,0,0,0,9361402091,-0.6145717138054007,6568762732,-0.2783484193320148,9361402091,-1384691253,7976710838,0,0,0,-1574675282,6402035556,-45386461,6568762732,0,0,6568762732,0,6568762732,9361402091,166727176,212113637,0.0,0.0,0.0,0.0,0.0,0.0,0.0,0.0,0.0,0.0,0.0,0.0,0.0,0.0,52146327748.0,0.0,81200000.0,5512078499.0,2937622431.0,0.0,0.0,-55135888837.0,-46604987907.0,0.0,0.0,0.0,0.0,0.0,5541339841.0,204100945796.0,209642285637.0,0.0,0.0,0.0,0.0243585364,0.030878689105571375,0.018275375875817616,0.0918409831,2.5319887222,219.56170092301008,0.0,1.9490021809,221.5107031039101,0.0,0.6838757158134336,0.8520850573942087,0.7016857804147919,-0.2156627238,6.6407871285,-0.2105745188,-63707776578.0,6402035556,40.3737397737,38.1032327303,40.3737397737,0.0,1.0229194570963343,0.7190280827,204000000000,30000000.0,-3.4996575543,8.0240724814,3.9120683816,218.95875773333333,9457.2105914333,0.0929100379
10,VIX,2013,3,279019454497,209919091940,53336549046,8052391342,0,7711422169,11607777520,8029004260,0,0,3578773260,290627232017,6910914274,6910914274,0,283716317743,283716317743,0,-21208206167,0,290627232017,0,0,307126900,2462261955,300000000000,300000000000,0,0,0,500614713,0,0,0,5743898204,0.18307963682850975,3841754919,1.0492371356788897,5743898204,-1056687392,4687210812,0,0,0,-845455893,3841754919,0,3841754919,0,0,3841754919,0,3841754919,5743898204,0,0,0.0,0.0,0.0,0.0,0.0,0.0,0.0,0.0,0.0,0.0,0.0,0.0,0.0,0.0,370022408.0,0.0,0.0,1100568077.0,5116569.0,0.0,0.0,-1198900751.0,-93216105.0,0.0,0.0,0.0,0.0,0.0,276806303.0,209642285637.0,209919091940.0,0.0,0.0,0.0,0.0243585364,0.02829940950831368,0.018526236527314725,0.093368452,2.8098238402,217.65231032794992,0.0,58.4407533183,276.0930636462499,0.0,0.6688410522882589,0.8160330572599402,0.6688410522882589,0.085395557,9.5705461559,0.0836582082,17968816026.0,3841754919,40.3737397737,38.1032327303,40.3737397737,0.0,1.0243585364739582,1.0362463545,294000000000,30000000.0,12.4703648814,11.1734569723,794.5464751421,128.0584973,9457.2105914333,4.6792681241
11,VIX,2013,4,305901308717,239253458672,54881164006,4238242718,0,7528443321,11052456780,7520265621,0,0,3532191159,316953765497,7336582698,7336582698,0,309617182799,309617182799,0,4692658889,0,316953765497,0,0,307126900,2462261955,300000000000,300000000000,0,0,0,454032612,0,0,0,0,-1.0,25952865056,2.647128979732988,28416896148,-1157888084,27259008064,0,0,0,-1306143008,25952865056,0,25952865056,0,0,25952865056,0,25952865056,0,0,0,0.0,0.0,0.0,0.0,0.0,0.0,0.0,0.0,0.0,0.0,0.0,0.0,0.0,0.0,26405320187.0,0.0,0.0,1678426256.0,2964972757.0,0.0,0.0,-1714352468.0,2929046545.0,0.0,22081667000.0,-22081667000.0,0.0,0.0,29334366732.0,209919091940.0,239253458672.0,0.0,0.0,0.0,0.23858943,0.024288915598983638,0.02021752293659407,0.1755988181,5.6505578281,104.03658142439353,0.0,32.0393330826,136.07591450699354,0.0,0.9132899286689542,0.9592535343068601,0.9132899286689542,0.1470230073,0.0,0.1430673865,42553899795.0,25952865056,5.0499035964,4.2223258956,5.0499035964,0.0,1.0236956574298488,1.1682049666,372000000000,30000000.0,8.7709396122,7.14603561,11.597003793,865.0955018666667,10614.5756561333,1.2384922624
12,VIX,2014,1,383670297453,319297324365,1445152168,55046969621,0,7880851299,10742738921,6907951939,0,0,3834786982,394413036374,75975766690,75975766690,0,318437269684,318437269684,0,13512745774,0,394413036374,0,0,307126900,2462261955,300000000000,300000000000,0,0,0,373715366,0,0,0,0,-1.0,8835086885,0.46048856797764554,12027783984,-1682347126,10345436858,0,0,0,-1510131451,8835305407,-218522,8835086885,0,0,8835086885,0,8835086885,0,-218522,0,0.0,0.0,0.0,0.0,0.0,0.0,0.0,0.0,0.0,0.0,0.0,0.0,0.0,0.0,80002512959.0,0.0,0.0,4271810540.0,12525711.0,0.0,0.0,-4242983517.0,41352734.0,0.0,0.0,0.0,0.0,0.0,80043865693.0,239253458672.0,319297324365.0,0.0,0.0,0.0,0.23858943,0.02169328968890821,0.020793460962023374,0.1724775475,7.144834124,102.08234978195428,0.0,30.1558439101,132.23819369205427,0.0,0.7345746663519394,0.8601282556921584,0.7345564982504594,0.1517178587,12.1741650965,0.1403370645,46379752700.0,8835305407,5.0499035964,4.2223258956,5.0499035964,0.0,1.2385894300795703,1.8465175278,588000000000,30000000.0,13.0092900336,10.5850622354,7.3497691291,294.5028961666667,10614.5756561333,5.7935340313
13,VIX,2014,2,330459958143,129415822886,91536616015,102673495547,0,6834023695,12998293850,8926739174,0,0,4071554676,343458251993,16000308801,16000308801,0,327457943192,327457943192,0,22533419282,0,343458251993,174593374,0,735185860,2462261955,300000000000,300000000000,0,0,0,649896529,0,0,0,0,-1.0,9005673508,0.3709847463554267,22971145564,-10190713286,12780432278,0,0,0,-2410994989,10369437289,0,10369437289,-1363763781,0,9005673508,0,9005673508,0,0,0,0.0,0.0,0.0,0.0,0.0,0.0,0.0,0.0,0.0,0.0,0.0,0.0,0.0,0.0,-243223204388.0,-2338000000.0,0.0,45728189460.0,5708529932.0,0.0,0.0,4242983517.0,53341702909.0,0.0,300350606774.0,-300350606774.0,0.0,0.0,-189881501479.0,319297324365.0,129415822886.0,0.0,0.0,0.0,0.0488621795,0.02726071961175772,0.021382496983547775,0.2056103352,8.8146584063,79.19170682617845,0.0,11.3057665793,90.49747340547844,0.0,0.45141141351046987,0.5563689561059281,0.39204285580400233,0.1537581557,20.1246402617,0.1416189362,51452813223.0,10369437289,20.653348773,13.9472701403,20.653348773,0.0,1.0488621795062656,2.9683201162,972000000000,30000000.0,20.4050013349,14.0544227939,-3.9963292254,300.1891169333333,10915.2647730667,16.3758621605
14,VIX,2014,3,354040414752,54116744543,0,62808469837,0,3560941713,12624252320,8249782481,0,0,4374469839,366664667072,25688990378,25688990378,0,340975676694,340975676694,0,36051152784,0,366664667072,16830000,0,975576570,0,0,300000000000,0,3120000000,0,952811692,0,0,0,0,-1.0,13517733502,2.5186350475263097,24393602338,-4081741101,20311861237,0,0,0,-3333477794,16978383443,0,16978383443,-3460649941,0,13517733502,0,13517733502,0,0,0,0.0,0.0,0.0,0.0,0.0,0.0,0.0,0.0,0.0,0.0,0.0,0.0,0.0,0.0,-56060796193.0,0.0,0.0,-50000000000.0,2649935721.0,-60735984327.0,88847766456.0,0.0,-19238282150.0,0.0,39284065901.0,-39284065901.0,0.0,0.0,-75299078343.0,129415822886.0,54116744543.0,0.0,0.0,0.0,0.1176891266,0.02419463628897952,0.022265184063950776,0.2470912782,11.1134507311,102.42403978853912,0.0,9.3179940155,111.74203380403912,0.0,0.6960178823835018,0.8326716552789941,0.5541507693163576,0.1768203199,16.2115157663,0.1612712581,64653243086.0,16978383443,9.2395600946,7.6185382079,9.2395600946,0.0,1.0753396565616435,2.0131583666,783000000000,30000000.0,13.6622131167,8.9170379255,-13.9669796573,450.5911167333333,12964.7028434333,11.3381602985
15,VIX,2014,4,422932886342,49951166073,0,80584152705,0,1551244269,11782335609,7716966145,0,0,4065369464,434715221951,45774136648,45774136648,0,388941085303,388941085303,0,84016561393,0,434715221951,4143651060,0,1507514320,0,0,300000000000,0,3380000000,0,643711317,0,0,0,0,0.0,47965408609,0.8481739301422891,79989550969,-11877078657,68112472312,0,0,0,-6253241548,61859230764,-416585127,61491669091,-13526260482,0,47965408609,0,47965408609,0,-367561673,49023454,0.0,0.0,0.0,0.0,0.0,0.0,0.0,0.0,0.0,0.0,0.0,0.0,0.0,0.0,-43638059302.0,0.0,0.0,0.0,527138426.0,-470698445848.0,509643788254.0,0.0,39472480832.0,0.0,58856987610.0,-58856987610.0,0.0,0.0,-4165578470.0,54116744543.0,49951166073.0,0.0,0.0,0.0,0.1176891266,0.019840964188671886,0.025397251024669523,0.3708614239,18.297737063,38.66187304311302,0.0,6.6317650597,45.29363810281302,0.0,0.7733413929023503,0.851517123010192,0.5996459290987772,0.2271074758,0.0,0.2110613849,99916915968.0,61859230764,9.2395600944,7.6185382077,9.2395600944,0.0,1.1176891266509945,0.9564430554,744000000000,60000000.0,5.3149175304,5.3378453296,-1.6135599128,799.4234768166667,12964.7028434,6.9462595717
16,VIX,2015,1,423843509124,96409522580,241449825884,81442772271,0,4541388389,11238579206,7038687550,0,0,4199891656,435082088330,44355898497,44355898497,0,390726189833,390726189833,0,77869275673,0,435082088330,5668085396,0,4098995080,2462261955,300000000000,300000000000,0,5725000000,14986385199,581801211,0,0,0,12529930068,0.0,1785104531,-0.7979528040600588,12529930068,-6942904020,5587026048,892206124,-66449523,-66449523,-3620336598,2792446051,-283188400,2509257651,-724153120,0,1785104531,0,1785104531,12529930068,0,-283188400,2509257651.0,678278595.0,1794516692.0,0.0,0.0,0.0,15762258147.0,0.0,1917496603.0,0.0,0.0,-11151795136.0,0.0,0.0,20565386168.0,0.0,0.0,0.0,0.0,0.0,0.0,2531968800.0,2531968800.0,0.0,17097523487.0,-2111138288.0,0.0,14986385199.0,38083740167.0,36288336483.0,74372076650.0,-67957923645.0,-18702138822.0,0.0,0.0,0.018014373577078108,0.02551381558821612,0.0,0.0,0.0,0.0,0.0,0.0,0.0,0.15695933172226545,0.44589443178686383,0.142467238149952,0.0,0.0,0.0,0.0,1966689450,0.0,0.0,0.0,-29.59674292921561,1.1135216928150071,0.537460773,424851000000,60693000.0,3.1359709864,3.0179127622,-0.7274125619,29.41203319987478,13024.2063277667,3.6553834403
17,VIX,2015,2,765666278344,267921308933,257233649943,238893246811,24934500,1593138157,37621323145,9263009598,750000000,10213436646,27608313547,803287601489,91001593591,79251593591,11750000000,710528521968,710528521968,3966195125,90741607808,1757485930,803287601489,26830192500,24934500,1351668660,2462261955,606930000000,606930000000,0,2907052827,0,2026786456,750000000,0,0,40196868755,0.0,12872332134,0.429358073281819,40196868755,-21035474154,19161394601,263375390,-117357403,-78061206,-5386115225,13921297363,73426467,13994723830,-1122391696,0,12872332134,0,12872332134,40196868755,172270667,-98844200,0.0,0.0,0.0,0.0,0.0,0.0,0.0,0.0,0.0,0.0,0.0,0.0,0.0,0.0,0.0,0.0,0.0,0.0,0.0,0.0,0.0,0.0,0.0,0.0,0.0,0.0,0.0,0.0,0.0,0.0,0.0,0.0,0.0,0.0,0.1280759192,0.01303678784398915,0.04639641301599854,0.3103626745,19.6186125297,127.6248464268588,0.2062757303,2.7059905111,130.5371126682588,1769.4762219816,0.3426953343047777,0.4766887370702614,0.32023221043551653,0.1663210243,0.0,0.1493135816,97685209573.0,13775279376,9.6612098716,6.7851280176,9.660895247,-176.46767302057825,1.1305494102672737,0.6406463441,500717227500,66762297.0,4.5235321038,3.1637793522,-5.0384530253,192.8084070264988,11706.9270256537,2.401114821
18,VIX,2015,3,743394012935,119966770744,445959218816,175696236926,38220682,1733565767,53294077685,13078514808,1500000000,9825685822,38715562877,796688090620,73627037831,50127037831,23500000000,715525566603,715525566603,0,35045682443,7535486186,796688090620,24284708082,38220682,1598772770,2462261955,667622970000,667622970000,23500000000,861294905,0,1771786610,1500000000,0,0,36249237507,0.0,5823395480,-0.5692032633178923,36249237507,-25880319953,10368917554,373241352,-147663572,-93519451,-5544403940,5050091394,2441941234,7492032628,-1716987737,0,5775044891,-48350589,5823395480,36249237507,2441941234,0,7879783452.0,891651790.0,9274491957.0,0.0,0.0,-1813491193.0,-135799686154.0,0.0,-2045757922.0,0.0,0.0,-1685336133.0,0.0,0.0,-120048226138.0,-4707157000.0,0.0,0.0,0.0,-103000000000.0,80000000000.0,0.0,-27707157000.0,27250000000.0,107582724134.0,-107582724134.0,0.0,27250000000.0,-120505383138.0,194370581720.0,73865198582.0,32592110835.0,12595762477.0,0.0,0.0,0.018278193566291453,0.04672271229826055,0.0,0.0,0.0,0.0,0.0,0.0,0.0,0.13309283024417687,0.2860451216938752,0.1606487716845205,0.0,0.0,0.0,0.0,4824513614,0.0,0.0,0.0,-51.58834405475712,1.1134306414826292,0.5878231201,420602471100,66762297.0,4.9488793302,2.4669575424,-2.119765657,87.22581069971274,10717.5097136487,3.8397052557
19,VIX,2015,4,834783873273,124970212332,374420958327,333703213842,54874101,1634614671,104726169867,13103752973,51500000000,9458808215,40122416894,939510043140,163381517298,139881517298,23500000000,766289100090,766289100090,0,79396595064,9839425752,939510043140,48889010400,54874101,1570599770,2462261955,667622970000,667622970000,23500000000,610294905,0,3314668234,51500000000,0,0,75611273682,0.0,50763078736,0.0583268277730268,75611273682,-3849778924,71761494758,174469358,-81927225,-8931331,-8437934367,63416102524,1296203803,64712306327,-11645288025,0,53067018302,2303939566,50763078736,75611273682,1296900003,-696200,65079638685.0,576902630.0,-10762177103.0,11914260711.0,0.0,508789049.0,-99514096943.0,0.0,-112486650.0,0.0,0.0,-1716987737.0,-230950000.0,0.0,-30370428983.0,-599150000.0,2400000.0,-41722341333.0,0.0,0.0,0.0,0.0,-42319091333.0,0.0,11378855561.0,-11378855561.0,0.0,0.0,-72689520316.0,73865198582.0,1175678266.0,-161149132960.0,-2123386202.0,0.0,0.0,0.0171002732147188,0.05003749248370734,0.0,0.0,0.0,0.0,0.0,0.0,0.0,0.8374883440969569,0.949084591007009,0.6713691790128467,0.0,0.0,0.0,0.0,63323560391,0.0,0.0,0.0,-7090.047428653132,1.2260516860146586,0.6795684769,520745916600,66762297.0,7.3092926293,3.1338536767,-3.0563875451,760.3554853123163,11477.8720104552,4.5760196235
20,VIX,2016,1,727040591326,31089498475,665705729767,29022760504,0,1222602580,106542607704,13902256775,51500000000,9095468600,41140350929,833583199030,40710644492,17063141155,23647503337,792872554538,792872554538,2462261955,96471179057,0,833583199030,0,0,45100000,0,667622970000,667622970000,0,543000000,8963472657,2893470474,0,0,9508870455,46995993410,2.750698779239188,17074583993,8.565033137546834,46995993410,-19231555523,27764437887,269039317,-58246121,-58246121,-6713286807,21261944276,-996783,21260947493,-4516918797,0,16744028696,-330555297,17074583993,46995993410,7,-996790,21260947493.0,604236198.0,-1946101636.0,1874591652.0,0.0,-1591789790.0,19168539811.0,-242062000.0,-138513350.0,0.0,0.0,-11645288025.0,-210758550.0,0.0,39022279039.0,-1402740000.0,0.0,0.0,0.0,-17322037500.0,0.0,650000700.0,-18074776800.0,0.0,71166208831.0,-62202736174.0,0.0,8963472657.0,29910974896.0,1178523579.0,31089498475.0,33047116778.0,-1702004112.0,0.0113050611,0.0513457608,0.017534037085065613,0.05177335092404865,0.2369308519,16.1950158141,68.46654670478824,0.2043414925,1.5515900843,70.22247828158825,1786.2255751058,0.44793501642462674,0.5907830832466703,0.363319992920222,0.1159492617,0.0,0.1026168063,105508442184.0,21051151080,42.608836481,1.8220266827,42.608836481,-361.41721918271605,1.0513457607518295,0.5710085864,469671105500,70100165.0,3.1003544347,2.3475918169,-2.6231689615,243.57409134486346,11733.6239057653,4.1087236325
21,VIX,2016,2,978532333815,233118143084,696775558345,45859737271,0,7698040783,108342123703,13304181210,52897257379,8732128985,42140685114,1086874457518,279573040892,255925537555,23647503337,807301416626,807301416626,2462261955,77449478734,0,1086874457518,0,0,6562164091,0,701001650000,701001650000,0,735500000,0,2905394274,0,0,9580752866,46392826003,0.1541402959957994,11459722298,-0.10974000836016651,46392826003,-27527319776,18865506227,494554119,-209223115,-209223115,-7480479680,11670357551,742884563,12413242114,-881637405,0,11531604709,71882411,11459722298,46392826003,743058587,-174024,12413242114.0,825802232.0,9163327787.0,-11783109852.0,0.0,-7096880405.0,176323295554.0,223664212000.0,233721699.0,0.0,0.0,-9869370363.0,210758550.0,0.0,184328371492.0,-309445630.0,0.0,0.0,0.0,17322037500.0,0.0,9651153904.0,26663745774.0,0.0,-71166208831.0,62202736174.0,0.0,-8963472657.0,202028644609.0,31089498475.0,233118143084.0,99055777898.0,1129358822.0,0.0,0.0,0.016479818982113162,0.05271553329124134,0.0,0.0,0.0,0.0,0.0,0.0,0.0,0.24540489398649235,0.406647058443477,0.24701496514264845,0.0,0.0,0.0,0.0,11385026547,0.0,0.0,0.0,-54.41572049531908,1.3463056488373764,0.5272534724,420600990000,70100165.0,4.778577211,2.0368856133,2.8975344381,163.4763954977852,11379.7259073499,1.7964069069
22,VIX,2016,3,927356625272,46178143142,677951927341,172672663217,0,30553891572,106373409166,13275362468,51768661266,8364796627,41329385432,1033730034438,259328656722,235681153385,23647503337,774401377716,774401377716,2462261955,44169244146,0,1033730034438,0,0,28728326005,0,701001650000,701001650000,0,4938225000,0,2135582619,0,0,9960948544,30465116947,-0.15956530282555717,1229510026,-0.7888671600232791,30465116947,-16233163851,14231953096,237528383,-5440832242,-5440832242,-7265347705,1763301532,-123200000,1640101532,-30395829,0,1609705703,380195677,1229510026,30465116947,1800000,-125000000,1640101532.0,655282742.0,3657183221.0,0.0,0.0,-4901548438.0,-156047070529.0,0.0,4868339010.0,0.0,0.0,-1789497822.0,0.0,0.0,-150952667904.0,-626464000.0,0.0,0.0,0.0,0.0,0.0,0.0,-626464000.0,0.0,23248914881.0,-23248914881.0,-33381148500.0,-33381148500.0,-184960280404.0,231138423546.0,46178143142.0,-146645414676.0,705476705.0,0.0606920408,0.3348762853,0.01714274128379526,0.05056721165978468,0.2050197602,14.897391643,46.63734832482365,0.2995879745,8.4251195547,55.36205585402365,1218.3399569134,0.22867482843147346,0.46715570206932905,0.04035796180067098,0.1062435566,0.0,0.0857017243,105282019155.0,6966605391,3.9347933085,0.1959348148,3.9347933085,-1.2804301035459127,1.3348762853274583,0.5777180571,441631039500,70100165.0,5.2938031329,2.212899167,3.116569543,17.539331412415365,10904.9733217033,3.9793394895
23,VIX,2016,4,988146566013,5220167615,780188762972,127353950808,0,75383684618,104751514331,12606555047,51578629069,7997464269,40566330215,1092898080344,294832525912,271185022575,23647503337,798065554432,798065554432,2462261955,62384849007,0,1092898080344,0,0,74337070000,0,701001650000,701001650000,0,5099225000,0,2063704091,0,0,9930185439,63509610326,-0.16005104486000635,23884972018,-0.5294814141944206,63509610326,-20156519514,43353090812,256009419,-5017716331,-5017716331,-8900636270,29690747630,1920528,29692668158,-5838459245,0,23854208913,-30763105,23884972018,63509610326,2353332,-432804,29692668158.0,668807421.0,4867977203.0,0.0,0.0,-3270525090.0,-69476344349.0,0.0,28921275990.0,0.0,0.0,0.0,0.0,0.0,-40959793709.0,0.0,1818182.0,0.0,0.0,0.0,0.0,0.0,1818182.0,0.0,0.0,0.0,0.0,0.0,-40957975527.0,46178143142.0,5220167615.0,79439412003.0,2601148392.0,0.0,0.3694339698,0.01579639038045233,0.052112445781503106,0.1844323321,14.5794352117,24.83040675634802,0.1203826903,66.5002443951,91.45103384174801,3031.9973673555,0.5424762388739711,0.6826225289285363,0.3760843736152134,0.0681603228,0.0,0.0527933221,76430098879.0,34452454542,3.6438095166,2.8551130605,3.6438095166,-6.866162267713097,1.3694339697718674,0.6048213806,476681122000,70100165.0,8.8852169228,2.5433724845,20.4187467979,340.7263309294636,11242.9887860321,6.1685247213
24,VIX,2017,1,1490957804545,57891915959,1090254264963,341371580167,0,1440043456,52754453167,11937747626,1500000000,7638117398,39316705541,1543712257712,738391855071,107206851733,631185003338,805320402641,805320402641,2462261955,69602773962,0,1543712257712,52730899600,0,0,0,701001650000,701001650000,0,5786225000,0,1531495972,1500000000,0,9967108693,36639862988,-0.22036198557718711,8796554023,-0.4848159096229642,36639862988,-6952405700,29687457288,506112667,-12789887171,-12789887171,-6274516050,11129166734,-1,11129166733,-2295689456,0,8833477277,36923254,8796554023,36639862988,0,-1,11129166733.0,668807421.0,-9588023899.0,-268150.0,12789887171.0,-3502638890.0,-479117752587.0,-165230653940.0,-25174890000.0,253279281.0,-3145879390.0,-5838459245.0,0.0,0.0,-467620822201.0,0.0,0.0,0.0,0.0,0.0,50000000000.0,450268150.0,50450268150.0,0.0,469885000000.0,0.0,0.0,469885000000.0,52714445949.0,4608685305.0,57323131254.0,21051128209.0,-6142541910.0,0.0,0.9168920254,0.014823600130893086,0.05258617614343262,0.148832813,13.8493035167,0.0,0.0,46.4208899262,0.0,0.0,0.6390018774269987,0.8102502265830798,0.24008152066182611,0.0569789565,0.0946418686,0.0381490094,78839628140.0,23412941238,13.9072995843,8.4721702548,13.9072995843,-1.8305823128046732,1.9168920253969577,0.7050971238,588836640000,73604580.0,12.9783292416,3.3266212932,31.383678463,119.51096009242903,11345.9546628457,6.7344904659
25,VIX,2017,2,1522034827209,122302261324,1217062150042,194237569836,0,909241969,42550323549,10358638987,1500000000,0,30691684562,1564585150758,684233951724,44825804805,639408146919,880351199034,880351199034,0,119556529048,0,1564585150758,10207133194,0,0,0,736045800000,736045800000,0,5088225000,0,718675941,1500000000,2462261955,0,110681917677,1.3857550231978266,25290773206,1.2069272315973882,110681917677,-60167426813,50514490864,1427399041,-16661478884,-16661478884,-5161785678,30118625343,390933997,30509559340,-4027191509,-1228517879,25253849952,-36923254,25290773206,110681917677,1585262301,-1194328304,30509559340.0,679107905.0,9522651188.0,2062160985.0,16627291898.0,-8450265279.0,110079684484.0,159214918340.0,-4562501372.0,-253279281.0,-4341387230.0,-409766771.0,0.0,0.0,144982661252.0,-355916667.0,772653635.0,0.0,0.0,0.0,0.0,149731850.0,566468818.0,0.0,130115000000.0,-210685000000.0,0.0,-80570000000.0,64979130070.0,57323131254.0,122302261324.0,52048317626.0,-10002082333.0,0.0,0.7772283976,0.011766484782853052,0.057485571045592085,0.1843743579,20.0336240393,0.0,0.0,41.8036544276,0.0,0.0,0.4097571323109124,0.45639334702724477,0.2284995935813596,0.0726817582,0.1251599435,0.0452360279,112860497708.0,45352705186,33.954433921,23.7049806628,33.954433921,-2.7220095828079316,1.7772283975699728,0.6103398673,537313434000,73604580.0,9.0759630592,2.2267766682,-3.3979691095,343.60325411815404,11960.5491809613,3.6772048777
26,VIX,2017,3,1530083313763,55219192904,1352697831996,121336027626,0,830261237,41785318344,9700432723,1500000000,0,30584885621,1571868632107,687372612533,51569469771,635803142762,884496019574,884496019574,2462261955,123701349588,0,1571868632107,103612619600,0,0,0,736045800000,736045800000,0,4871225000,10000000000,611877000,1500000000,0,0,93753680574,2.0774108215997584,4144820541,2.3711156910891265,93753680574,-68476720055,25276960519,257967779,-14955036878,-14955036878,-5981157538,4598733882,-74583681,4524150201,-3984333818,3605004158,4144820541,0,4144820541,93753680574,1,-74583682,4524150201.0,658206264.0,-150102363.0,0.0,12527856368.0,0.0,-102202199678.0,0.0,482033000.0,109547605.0,-27187335260.0,-4142178281.0,0.0,59619559.0,-66617068420.0,0.0,0.0,0.0,0.0,0.0,0.0,0.0,0.0,0.0,10000000000.0,-10466000000.0,0.0,-466000000.0,-67083068420.0,122302261324.0,55219192904.0,-93432033035.0,17655057109.0,0.0113058734,0.777134772,0.010967186407093184,0.05775622141317817,0.2110387587,27.3149801582,0.0,0.0,27.6674644041,0.0,0.0,0.20581381832545526,0.2696103274478791,0.04420968345587759,0.0737681942,0.1369641689,0.0430392724,125192618820.0,19295802981,29.6703324769,18.2777616959,29.6703324769,-1.2902544566363188,1.7771347720299062,0.7739125772,684522594000,73604580.0,11.0198701475,2.2473937757,-9.2763522583,56.31199228363235,12016.8611732313,5.106558255
27,VIX,2017,4,1282391540764,13926517615,1209929659262,58030900737,0,504463150,40982479329,9214623593,1500000000,0,30267855736,1323374020093,398808367550,66907697802,331900669748,924565652543,924565652543,2462261955,122255551445,0,1323374020093,14702195225,0,0,0,736045800000,736045800000,0,1350000000,30000000000,506531115,1500000000,0,33012665644,146492436627,1.3066184137336443,40069632969,0.6776085372343349,146492436627,-79295502437,67196934190,202223155,-14516971131,-14516971131,-6752593642,46129592572,3367899614,49497492186,-13330332231,3902473014,40069632969,0,40069632969,146492436627,3367899614,0,49497492186.0,663767463.0,-8673998.0,0.0,12640665464.0,0.0,156579666860.0,0.0,100811759933.0,238378316.0,-8274304352.0,-3844280906.0,0.0,4103083417.0,238885283044.0,-177958333.0,0.0,0.0,0.0,0.0,0.0,0.0,-177958333.0,0.0,20000000000.0,-300000000000.0,0.0,-280000000000.0,-41292675289.0,55219192904.0,13926517615.0,-4660248.0,-24413495616.0,0.0324476687,0.4313909597,0.009966435122974075,0.06037270644249121,0.3208781564,35.5316306476,0.0,0.0,26.7158169902,0.0,0.0,0.4126106571761365,0.4587058263021269,0.27352697444050006,0.0909095115,0.1556822431,0.0648109585,151278811006.0,60444340548,19.1554796518,11.6817912183,19.1554796518,-4.163701918434296,1.431346726382367,0.6109271126,544673892000,73604580.0,6.9560856326,1.4049899271,-3.6004015623,544.3904845187623,12112.7379152085,3.3015509295
28,VIX,2018,1,1389390875386,62806901511,1044618999012,281194203790,0,770771073,41855686346,8539733732,1500000000,0,31815952614,1431246561732,443843219104,106117271344,337725947760,987403342628,987403342628,2462261955,218105907174,0,1431246561732,250190342654,0,0,0,736045800000,736045800000,0,555000000,21000000000,574785381,1500000000,0,0,115192576704,2.143913959004895,62837690085,6.14344388958458,115192576704,-26077786571,89114790133,1088533947,-7873652603,-7873652603,-4017851817,78311819660,233013696,78544833356,-9881865259,-5825278012,62837690085,0,62837690085,115192576704,233013699,-3,78544833356.0,674889861.0,425495030.0,0.0,7873652603.0,0.0,-512096892.0,0.0,-188075064987.0,-311960313.0,-13788888889.0,-13993529007.0,0.0,-1621783856.0,57880383896.0,0.0,0.0,0.0,0.0,0.0,0.0,0.0,0.0,0.0,-9000000000.0,0.0,0.0,-9000000000.0,48880383896.0,13926517615.0,62806901511.0,-20414140.0,6041317227.0,0.0212679045,0.4495054857,0.008648678167597929,0.06447591037029396,0.3164927704,49.3074152202,0.0,0.0,34.7854682838,0.0,0.0,0.7387363035958988,0.7736157370799184,0.5455012109544902,0.1439755583,0.2084382093,0.0898599533,212869544386.0,85096938316,13.0929758916,6.9197927846,13.0929758916,-10.807809616032154,1.4495054856941234,0.4845332696,526269789500,80964583.0,3.9765618155,1.12904209,2.0112036811,776.113304813785,13414.9714953608,2.2758675478
29,VIX,2018,2,1308940512459,21540399436,1141317777652,283828648092,0,887125461,39104966725,5917992813,1500000000,0,31686973912,1348045479184,364616341915,28012898623,336603443292,983429137269,983429137269,2462261955,140531671815,0,1348045479184,136243052224,0,0,0,809645830000,809645830000,0,265000000,0,445806679,1500000000,0,0,95458844776,-0.137538933373246,32828084641,0.2980261367893585,95458844776,-45203840477,50255004299,317095822,-7728435542,-7728435542,-4455449084,38388215495,2480913908,40869129403,-9163549230,1122504468,32828084641,0,32828084641,95458844776,2480913910,-2,40869129403.0,2621740919.0,125186625.0,-1405629769.0,7728435542.0,-6361771728.0,-33028825409.0,0.0,186302299154.0,122205402.0,-1888199254.0,-9243734623.0,0.0,458654001.0,16160787925.0,0.0,0.0,0.0,0.0,0.0,0.0,375000000.0,375000000.0,0.0,99000000000.0,-120000000000.0,-36802290000.0,-57802290000.0,-41266502075.0,62806901511.0,21540399436.0,-136250246234.0,-6273805429.0,0.0,0.0,0.006017711483955387,0.06421640091001804,0.0,0.0,0.0,0.0,0.0,0.0,0.0,0.4797832544744434,0.5264572855132118,0.34389777833613117,0.0,0.0,0.0,0.0,45799555215,0.0,0.0,0.0,-5.926109490866994,1.3707601575925907,0.7409595866,728681247000,80964583.0,5.2093226912,1.6160683625,2.9583982061,405.4622826995848,12146.4114410248,3.2851271933
30,VIX,2018,3,1330018448498,6264356419,1246181868120,76886465563,0,685758396,38366096639,5291392614,1500000000,0,31574704025,1368384545137,276030186624,153875695682,122154490942,1092354358513,1092354358513,2462261955,249456893059,0,1368384545137,58210739970,0,0,0,809645830000,809645830000,0,50356000000,80000000000,333536792,1500000000,0,0,152369609660,0.6252120314330946,108925221244,25.27984014422978,152369609660,-14440018002,137929591658,361258422,-6409838066,-6409838066,-5131842937,126749169077,7903448144,134652617221,-15176348327,-10551047650,108925221244,0,108925221244,152369609660,8353448144,-450000000,134652617221.0,626600199.0,-209970593.0,-361258422.0,6409838066.0,-9635617132.0,50996985895.0,0.0,49956734500.0,201872480.0,-17656611099.0,-9163549230.0,0.0,-466094620.0,129723956983.0,0.0,0.0,0.0,0.0,0.0,0.0,0.0,0.0,0.0,80000000000.0,-225000000000.0,0.0,-145000000000.0,-15276043017.0,21540399436.0,6264356419.0,77966388391.0,2986796936.0,0.0732363078,0.2526928963,0.0048440257255008955,0.07132904930687331,0.372515997,70.3656943966,0.0,0.0,37.4465336595,0.0,0.0,0.8715501012132737,0.9052303275290808,0.7148749772809518,0.2454120505,0.2764851603,0.1788765241,328725581242.0,132797748721,8.6434601813,5.4163220719,8.6434601813,-20.717800879464527,1.252692896286654,0.659662117,720584788700,80964583.0,2.9452421169,1.4142605334,1.6278868593,1345.3440653674459,13491.7555063922,2.4163633061
31,VIX,2018,4,1492760047632,3939873002,1451978421701,36291812295,0,549940634,37524667188,4664792415,1500000000,0,31359874773,1530284714820,425965501795,308567686565,117397815230,1104319213025,1104319213025,2462261955,239766162523,0,1530284714820,814192203,0,0,0,809645830000,809645830000,0,10411000000,80000000000,266957540,1500000000,0,0,89335451509,-0.39017021242901084,11964854512,-0.701398450011842,89335451509,-63557880440,25777571069,271913731,-4696605367,-4696605367,-7355740348,13997139085,251635663,14248774748,-7040595948,4756675712,11964854512,0,11964854512,89335451509,1416567174,-1164931511,14248774748.0,626600199.0,-148648345.0,-271913731.0,4696605367.0,-1475042586.0,-243784237631.0,0.0,-40184357000.0,213811835.0,-1184909591.0,-15251348327.0,0.0,-191438224.0,-202324483417.0,0.0,0.0,0.0,0.0,0.0,0.0,0.0,0.0,0.0,440000000000.0,-240000000000.0,0.0,200000000000.0,-2324483417.0,6264356419.0,3939873002.0,57638098316.0,-2997967862.0,0.0724428218,0.3857267869,0.004224134072812149,0.072110335792147,0.3170316018,65.1837919388,0.0,0.0,2.5747582431,0.0,0.0,0.20620963357580516,0.2885480582857195,0.1339317629216282,0.2134727841,0.2382094877,0.1517720002,286665904151.0,18421830721,4.8377069688,3.594066372,4.8377069688,-3.9223714324474135,1.3857267869388747,0.7679867263,848102497200,100964583.0,3.1405408613,1.8748543013,472.0818206458,118.50546158349408,10937.689041166,3.2157229982
32,VIX,2019,1,1990851586973,108708576143,1825538772553,55224536737,0,1379701540,39367957795,4038192216,1500000000,0,33829765579,2030219544768,674653405232,428250024818,246403380414,1355566139536,1355566139536,2462261955,291013089034,0,2030219544768,12749953804,0,0,0,1009645830000,1009645830000,0,127036507668,80000000000,236548346,1500000000,0,0,135903025719,0.17978978860953668,51246926511,-0.18445559596989122,135903025719,-60585598686,75317427033,1009361675,-9729242554,-9729242554,-4549953688,62047592466,901753423,62949345889,-7696854194,-4005565184,51246926511,0,51246926511,135903025719,951369864,-49616441,62949345889.0,626600199.0,-587362574.0,-450000000.0,9729242554.0,-38919381893.0,-234001915112.0,0.0,116256203123.0,-269370922.0,-5067161418.0,-7103579281.0,0.0,-2500000000.0,-220681296859.0,0.0,0.0,0.0,0.0,0.0,0.0,450000000.0,450000000.0,200000000000.0,440000000000.0,-315000000000.0,0.0,325000000000.0,104768703141.0,3939873002.0,108708576143.0,-11970640463.0,397160597.0,0.0590159327,0.4976912491,0.002978970998333023,0.08851637131499626,0.3014636829,95.029758946,0.0,0.0,1.1583532382,0.0,0.0,0.5207203663833241,0.5541997805753798,0.3770845147845402,0.1807584229,0.1865372835,0.1306147732,272288149518.0,70767473345,4.6488067054,3.4944299253,4.6488067054,-7.2736878489996375,1.497691249106391,0.5995727116,812760466000,116108638.0,3.4113366378,1.718066539,-2.523102981,441.3704905486877,11674.9809737325,2.8794932546
33,VIX,2019,2,1845907806535,102732365520,1712917775185,28826657647,0,1431008183,38686195227,3420173523,1500000000,0,33766021704,1884594001762,518914499365,275514338061,243400161304,1365679502397,1365679502397,2462261955,149685901895,0,1884594001762,334519042,0,0,0,1161086380000,1161086380000,0,325000000,50000000000,172804471,1500000000,0,0,66636329543,-0.3019365602070064,10113362861,-0.6919295483852533,66636329543,-41121828217,25514501326,245781655,-11559824658,-11559824658,-4398645767,9801812556,1747698520,11549511076,-4439367325,3003219110,10113362861,0,10113362861,66636329543,1747698521,-1,11549511076.0,618018693.0,63705642.0,-805143330.0,11559824658.0,12866049654.0,-26844272567.0,0.0,-117902043123.0,89391984.0,-11647430138.0,-7558870861.0,0.0,0.0,24023789377.0,0.0,0.0,0.0,0.0,0.0,0.0,0.0,0.0,0.0,251000000000.0,-281000000000.0,0.0,-30000000000.0,-5976210623.0,108708576143.0,102732365520.0,12478738404.0,-739963563.0,0.0366118111,0.3799679928,0.002504374940823973,0.08917675826044917,0.2608031335,102.0398222956,0.0,0.0,5.280657113,0.0,0.0,0.3168820327262184,0.38289175740893194,0.15176950666938988,0.1482337202,0.1717217124,0.1069939532,245600727636.0,21115855559,6.699861138,5.413704817,6.699861138,-1.8266588104679191,1.3799679928227793,0.518615598,708262691800,116108638.0,3.5124540062,1.5943085959,-2.3774444752,87.10258801761158,11762.0835617502,2.669089512
34,VIX,2019,3,1848209731999,2005178895,1632468064913,212626269501,0,1110218690,38029968497,2814506231,1500000000,0,33715462266,1886239700496,480383185053,231930881222,248452303831,1405856515443,1405856515443,2462261955,189862914941,0,1886239700496,175381916291,0,0,0,1161086380000,1161086380000,0,15455000000,0,122245033,1500000000,0,0,104253801626,-0.3157834960748826,40177013046,-0.6311505031878639,104253801626,-39123225612,65130576014,322088009,-11501583562,-11501583562,-4860453641,49090626820,0,49090626820,-3861471247,-5052142527,40177013046,0,40177013046,104253801626,2,-2,49090626820.0,605667292.0,3456392615.0,-322088009.0,11501583562.0,-8711301567.0,-81312354701.0,0.0,6344315500.0,212951947.0,-11470021918.0,-4439367325.0,0.0,0.0,-50952186625.0,0.0,0.0,0.0,0.0,0.0,0.0,225000000.0,225000000.0,0.0,150000000000.0,-200000000000.0,0.0,-50000000000.0,-100727186625.0,102732365520.0,2005178895.0,-175051761929.0,67947533.0,0.0,0.3417014324,0.00200198683157443,0.09180025504263088,0.2161289579,106.0751127318,0.0,0.0,4.3818102449,0.0,0.0,0.5781095886480283,0.6247309450416914,0.38537695910726577,0.0867849473,0.1213319283,0.0619271175,173052168381.0,60270122373,7.9687953681,5.6194842564,7.9687953681,-5.240158631036341,1.3417014323838206,0.4872765867,685040964200,116108638.0,5.7207123105,1.7293397893,-1.4431292817,346.02949218989204,12108.1130539401,3.9469935089
35,VIX,2019,4,1728809880343,152040947355,1359795713835,216020279062,0,952940091,37431080716,2213068313,1500000000,0,33718012403,1766240961059,345549708425,212839196888,132710511537,1420691252634,1420691252634,2462261955,193060448172,0,1766240961059,184213869712,0,0,0,1161086380000,1161086380000,0,230000000,180000000000,124795170,1500000000,0,0,130182076635,0.4572274996772692,14834737191,0.23985938785312327,130182076635,-96069578710,34112497925,95675056,-10333917809,-10333917809,-5315961792,18558293380,28565712,18586859092,-19493914195,15741792294,14834737191,0,14834737191,130182076635,76935577,-48369865,18586859092.0,601437918.0,-749335280.0,44701799922.0,-34463557169.0,5620769913.0,157028832593.0,0.0,-13432655500.0,57192605.0,-13036109590.0,-3861471247.0,0.0,0.0,270035768460.0,0.0,0.0,0.0,0.0,0.0,0.0,0.0,0.0,0.0,340000000000.0,-460000000000.0,0.0,-120000000000.0,150035768460.0,2005178895.0,152040947355.0,-9154243880.0,-59365675.0,0.1266988867,0.243226463,0.0015577405075852418,0.09276894042600023,0.2651125922,127.0671945258,0.0,0.0,1.9193732554,0.0,0.0,0.22120200320462494,0.26203682416776497,0.11395376056715643,0.0921754909,0.113044903,0.0706028413,183401711512.0,28796536133,8.122610429,5.3045182003,8.122610429,-2.78660394491628,1.2432264630223784,0.4086343102,580543190000,116108638.0,4.9886827794,1.328549413,25.8869733892,127.7660081672821,12235.8790621073,3.1544853444
36,VIX,2020,1,1651098290613,76419217978,1332429503256,240661120671,0,1588448708,38428644709,1655812981,1500000000,0,35272831728,1689526935322,293415016291,68377749550,225037266741,1396111919031,1396111919031,2462261955,168481114569,0,1689526935322,209293895929,0,0,0,1161086380000,1161086380000,0,345000000,50000000000,100977210,1500000000,0,0,94296331014,-0.3061498777152182,-24579333603,-1.4796255166195014,94296331014,-115365258108,-21068927094,1346500304,-5989523356,-5989523356,-5772102887,-31484053033,645010955,-30839042078,-1413536321,7673244796,-24579333603,0,-24579333603,94296331014,645010955,0,-30839042078.0,557255332.0,3670976498.0,-1346500304.0,5989523356.0,-28765317119.0,-33554849042.0,0.0,5638890688.0,-262059638.0,-10525632945.0,-19493914196.0,0.0,-1330352945.0,-45921729377.0,0.0,0.0,0.0,0.0,0.0,0.0,300000000.0,300000000.0,0.0,410000000000.0,-440000000000.0,0.0,-30000000000.0,-75621729377.0,152040947355.0,76419217978.0,-25299078420.0,4723004845.0,0.0358137477,0.2101658272,0.0011860173661071892,0.09116394797567019,0.218840645,156.5264116047,0.0,0.0,5.8193606659,0.0,0.0,-0.28464553914632124,-0.22343315871825317,-0.2606605510383087,0.0290217026,0.061622884,0.0224425154,91495966206.0,-26841029981,24.1467188008,16.9272962239,24.1467188008,4.481329879799537,1.2101658271742646,0.6495215105,906804722500,127718975.0,22.3649596529,2.2935682369,4.5987360645,-192.44856610382286,10931.1237349893,9.622123696
37,VIX,2020,2,1737369461475,152171187094,1548359464022,35143307953,0,1695502406,38614396437,1320909125,25000000000,0,12293487312,1775983857912,309094464733,76202964690,232891500043,1466889393179,1466889393179,2462261955,239258588717,0,1775983857912,3897333535,0,0,0,1161086380000,1161086380000,0,54600000000,0,86586263,25000000000,0,0,167289856686,1.5104902660949973,70777474148,5.998411420689556,167289856686,-83249947346,84039909340,121593143,-4976328769,-4976328769,-3342430593,75842743121,12654462188,88497205309,-9865497859,-7854233302,70777474148,0,70777474148,167289856686,12707643385,-53181197,88497205309.0,456792103.0,-3787583470.0,-221460411.0,4976328769.0,406010678.0,90595620634.0,0.0,48975829312.0,49178490.0,-472273973.0,-1413536320.0,0.0,0.0,125773990095.0,-149392727.0,127371748.0,0.0,0.0,0.0,0.0,0.0,-22020979.0,0.0,40000000000.0,-90000000000.0,0.0,-50000000000.0,75751969116.0,76419217978.0,152171187094.0,204872637826.0,-4570388343.0,0.0,0.2107142271,0.0009004831115026091,0.09578560751680212,0.2787427151,247.8779024068,0.0,0.0,3.2401226932,0.0,0.0,0.4823811816544723,0.5023610576566,0.4230828787237712,0.071154947,0.0974327771,0.0568755337,145144259917.0,80697478747,22.7992371234,17.4585152429,22.7992371234,-16.216267552438314,1.2107142271055211,1.0796419262,1583715290000,127718975.0,15.6478312323,3.1928323328,5.2978434318,554.1656918872078,11485.2894268765,9.8629053862
38,VIX,2020,3,1891821430831,190452381057,1646624947313,53174723050,0,1569379411,39843911578,2335768728,1500000000,0,36008142850,1931665342409,315267555907,70380900541,244886655366,1616397786502,1616397786502,2462261955,272663612040,0,1931665342409,4522966083,0,0,0,1277189750000,1277189750000,0,195000000,40000000000,1469698001,1500000000,0,0,230800741288,1.2138352528953753,149508393323,2.721242122997617,230800741288,-36091920905,194708820383,469076781,-5072986301,-5072986301,-3257778569,186847132294,-538520511,186308611783,-24805063137,-11995155323,149508393323,0,149508393323,230800741288,1,-538520512,186308611783.0,235140397.0,-241728403.0,-469076781.0,5072986301.0,-7521491062.0,-124252471658.0,0.0,-56471380000.0,-1219808524.0,-9841972603.0,-9865497859.0,0.0,0.0,-843806037.0,-1250000000.0,0.0,0.0,0.0,0.0,0.0,375000000.0,-875000000.0,0.0,120000000000.0,-80000000000.0,0.0,40000000000.0,38281193963.0,152171187094.0,190452381057.0,851818283.0,262204377.0,0.0247463838,0.1950432985,0.0014450457353414037,0.10554827425220542,0.3476380042,330.9091024133,0.0,0.0,4.2947167377,0.0,0.0,0.8295079155534502,0.8436230286627917,0.6477812527319355,0.1427376589,0.165482005,0.1175647143,275954652463.0,191451041814,26.8797559606,18.5313077698,26.8797559606,-37.73931772223802,1.1950432984626027,2.070181717,3346237145000,127718975.0,15.8934974039,5.3748855384,9.5868572609,1170.6043939281535,12655.8938208046,11.5808330659
39,VIX,2020,4,2098630081539,55551627636,2010309025952,31874047287,0,895380664,16233430204,2244103720,1500000000,0,12489326484,2114863511743,365748689908,126910043885,238838646023,1749114821835,1749114821835,2462261955,372538290453,0,2114863511743,9082943444,0,0,0,1277189750000,1277189750000,0,165000000,80000000000,1450881635,1500000000,0,0,226065980841,0.7365369080325548,132717035333,7.9463691620716626,226065980841,-50017710271,176048270570,459894301,-5635397260,-5635397260,-5034699624,165838067987,-3694364,165834373623,-15665347633,-17451990657,132717035333,0,132717035333,226065980841,6545457,-10239821,165834373623.0,158225008.0,1538973256.0,-459894301.0,5635397260.0,14667501458.0,-275248816441.0,0.0,15295714000.0,176511792.0,-581041096.0,-24805063137.0,0.0,0.0,-175134193421.0,-66560000.0,0.0,0.0,0.0,0.0,0.0,300000000.0,233440000.0,0.0,160000000000.0,-120000000000.0,0.0,40000000000.0,-134900753421.0,190452381057.0,55551627636.0,-4574980141.0,828956498.0,0.0457374204,0.2091050201,0.0012829939418417975,0.11421449129373054,0.3702311622,322.3806056889,0.0,0.0,11.1800379295,0.0,0.0,0.7564763628291323,0.7787472927818397,0.5870721230999567,0.2072199759,0.2276079427,0.1692423234,417728474366.0,171013570946,16.536359277,9.4483536675,16.536359277,-30.346320420008865,1.2091050200605427,2.311057861,4042305558750,127718975.0,12.3082078688,5.6264029325,-42.0522704089,1039.1332637378275,13695.0270845424,9.3167055073
40,VIX,2021,1,2535597313040,52412732399,2068366829323,413587519834,0,1230231484,18306125201,2098759549,1500000000,0,14707365652,2553903438241,486089525550,332572425403,153517100147,2067813912691,2067813912691,2462261955,691237381309,0,2553903438241,15617211699,0,0,0,1277189750000,1277189750000,0,125000000,180000000000,1273037919,1500000000,0,0,510943936638,4.418492227042653,318699090856,13.96614041713082,510943936638,-104674621528,406269315110,932451758,-5863073974,-5863073974,-3113446649,398225246245,0,398225246245,-64847701265,-14678454124,318699090856,0,318699090856,510943936638,1,-1,398225246245.0,145344171.0,0.0,-932451758.0,5863073974.0,-53656779055.0,-279391058196.0,0.0,59902441000.0,-95313294.0,-10707621919.0,-15665347633.0,0.0,-2395882884.0,-3138895237.0,0.0,0.0,0.0,0.0,0.0,0.0,0.0,0.0,0.0,340000000000.0,-340000000000.0,0.0,0.0,-3138895237.0,55551627636.0,52412732399.0,-6531922442.0,1457492538.0,0.0870484519,0.235074115,0.0010149653874166695,0.13502504877314467,0.5420459037,567.5828141348,0.0,0.0,41.3360899635,0.0,0.0,0.7890413009179771,0.7951348200415945,0.6237457145553641,0.3893802756,0.3753243536,0.3207586546,844654805409.0,403155868461,7.6241958724,2.6238673424,7.6241958724,-68.761859435649,1.2350741150190907,1.3804525996,2854519091250,127718975.0,4.2496808379,2.5147720862,-53.5126295176,2495.31513117765,16190.3422157201,3.5305622365
41,VIX,2021,2,2901598109642,86996922693,2529437302539,283426008140,0,1737876270,18940917847,2903433350,1500000000,0,14537484497,2920539027489,744879092111,429422430123,315456661988,2175659935378,2175659935378,2462261955,799083403996,0,2920539027489,18254630877,0,0,0,1277189750000,1277189750000,0,32075479600,180000000000,1103156764,1500000000,0,0,356223496247,1.129378931297819,107846022687,0.5237337017917227,356223496247,-206400687571,149822808676,1087079978,-12064986303,-12064986303,-6597811560,132247090791,-808946720,131438144071,-61652559543,38060438159,107846022687,0,107846022687,356223496247,2724219,-811670939,131438144071.0,191326199.0,-2724218.0,-1087079978.0,12064986303.0,25808530963.0,-623735183839.0,106521885700.0,-43317675400.0,-370708361.0,-1209424658.0,-64847701265.0,0.0,0.0,-265019809706.0,-996000000.0,0.0,0.0,0.0,0.0,0.0,600000000.0,-396000000.0,0.0,540000000000.0,-240000000000.0,0.0,300000000000.0,34584190294.0,52412732399.0,86996922693.0,-2633985342.0,25961361004.0,0.0827335178,0.3423692646,0.001334506970867925,0.14206722717417464,0.556260117,552.713473376,0.0,0.0,41.7619555238,0.0,0.0,0.4020649918518849,0.4205865425904279,0.3027482011243335,0.3725965587,0.3858135314,0.2977723673,909575514112.0,143224997116,6.7569784578,3.3052534888,6.7569784578,-11.871128032726123,1.3423692646073313,1.4871604191,5134941385200,274595796.0,4.2121262922,3.8782544738,-6.721874158,392.7446241274575,12574.2991541575,5.7476750214
42,VIX,2021,3,2977226425919,118621270336,2817420844516,40177420157,0,1006890910,18488563817,2677471380,1500000000,0,14311092437,2995714989736,672421724111,346794915153,325626808958,2323293265625,2323293265625,2462261955,946716734243,0,2995714989736,5903815036,0,0,0,1277189750000,1277189750000,0,70000000,180000000000,876764704,1500000000,0,0,389138787181,0.6860378567650314,147633330247,-0.012541523818994482,389138787181,-194153877704,194984909477,1470680325,-13938375343,-13938375343,-4112023150,178405191309,8711122,178413902431,-20610425214,-10170146970,147633330247,0,147633330247,389138787181,8945822,-234700,178413902431.0,225961970.0,0.0,-1470680325.0,13938375343.0,-5078536497.0,-104409764287.0,235646699800.0,-32005479600.0,386499316.0,-10917323288.0,-61652559543.0,0.0,0.0,30768523783.0,0.0,0.0,0.0,0.0,0.0,0.0,855823860.0,855823860.0,0.0,340000000000.0,-340000000000.0,0.0,0.0,31624347643.0,86996922693.0,118621270336.0,12326200692.0,-11358798204.0,0.0774762285,0.2894261065,0.0011524465807288952,0.15170745519217896,0.5601773319,597.5037711709,0.0,0.0,29.873592987,0.0,0.0,0.4905007997525041,0.5010677832695889,0.3793847725036244,0.3400218929,0.3628289723,0.2671304975,908988180198.0,190872886327,8.5849771604,3.4640295198,8.5849771604,-13.694055557404571,1.289426106492892,2.0286814463,7304233091400,274595229.0,6.9819979556,4.9273948115,-12.2894824037,537.6398227479765,13111.9649410405,8.1030886666
43,VIX,2021,4,4711549942912,80418561952,4587892705848,43036713589,0,201961523,18035412793,2451978735,1500000000,0,14083434058,4729585355705,967910100548,449269607690,518640492858,3761675255157,3761675255157,2462261955,842762584695,0,4729585355705,13302472500,0,0,0,2745952290000,2745952290000,0,50000000,250000000000,649106325,1500000000,0,0,313242246833,0.38562310732331756,161568547001,0.21739117058792595,313242246833,-92172233630,221070013203,847388098,-17900197261,-17900197261,-4900932354,199116271686,-12270844,199104000842,-44521769941,6986316100,161568547001,0,161568547001,313242246833,180833260,-193104104,199104000842.0,225492645.0,-180833260.0,-847388098.0,17900197261.0,5380425791.0,-1842205434068.0,0.0,-20000000.0,825379390.0,-871715069.0,-20799080984.0,0.0,0.0,-1585691958384.0,0.0,0.0,0.0,0.0,0.0,0.0,300000000.0,300000000.0,1277189250000.0,330000000000.0,-60000000000.0,0.0,1547189250000.0,-38202708384.0,118621270336.0,80418561952.0,-7481543881.0,-11306812656.0,0.0664597508,0.2573082563,0.0006518315826541658,0.24563157336305508,0.4586339959,668.4501313336,0.0,0.0,4.7719697769,0.0,0.0,0.6901019355931483,0.7057477573287229,0.5157942411488883,0.2670205109,0.237662017,0.2149908649,954210957738.0,216169080849,10.4871325865,3.7413368402,10.4871325865,-12.076351880209595,1.2573082562672206,1.3101509753,10324780610400,549190458.0,5.5524809901,6.5781852731,-2.2408322101,294.1940171163717,14349.4912836905,10.8845525781
44,VIX,2022,1,5622350933169,307670345170,5235421818813,78260507942,0,998261244,39172672420,2226486090,1500000000,0,35446186330,5661523605589,1631773005791,1091049351265,540723654526,4029750599798,4029750599798,2462261955,1110837929336,0,5661523605589,28395014551,0,0,0,2745952290000,2745952290000,0,50000000,750000000000,19511927415,0,0,0,446209483673,-0.12669580422257537,268075344641,-0.15884496588624936,446209483673,-85485750596,360723733077,1989625914,-20446981740,-20446981740,-7527810775,334738566476,3713251,334742279727,-44583773418,-22083161668,268075344641,0,268075344641,446209483673,3713256,-5,334742279727.0,225492645.0,-3060256.0,-1989625914.0,20446981740.0,-47577254773.0,-368627221612.0,0.0,239163000000.0,-19551560617.0,-14320437114.0,-44521769941.0,0.0,-2499931182.0,-173198216782.0,0.0,0.0,0.0,0.0,0.0,0.0,450000000.0,450000000.0,0.0,750000000000.0,-350000000000.0,0.0,400000000000.0,227251783218.0,80418561952.0,307670345170.0,-15137337605.0,-632411566.0,0.1861157363,0.4049315126,0.000552512130679156,0.26313647854957783,0.3691127783,586.7081815766,0.0,0.0,151.0661326763,0.0,0.0,0.7915473230076749,0.8084178984894742,0.6007836105013318,0.222978719,0.1883674516,0.1680524915,901217713404.0,353195922302,5.1531591368,2.6609313751,5.1531591368,-17.27374371401967,1.4049315126034838,0.7110305004,5793959331900,549190458.0,4.4603114018,3.8502826783,-1.5416334415,488.1281907505392,14837.6194744411,6.9198473288
45,VIX,2022,2,8507760768765,3357361504794,5072576816945,66258753323,0,11563693703,19796295606,2000993445,1500000000,0,16295302161,8527557064371,320481431738,84093834642,236387597096,8207075632633,8207075632633,2462261955,1169235627171,0,8527557064371,20059931774,0,0,0,5491904580000,5491904580000,0,50000000,0,361043246,1500000000,0,0,321681720817,-0.09696658360247314,58397697835,-0.45850856267099604,321681720817,-235781438714,85900282103,2147289443,-13259324575,-13259324575,-5161017864,69627229107,34318,69627263425,-15565623020,4336057430,58397697835,0,58397697835,321681720817,34313,5,69627263425.0,225492645.0,0.0,-2147289443.0,13259324575.0,2546439992.0,-124427693719.0,0.0,-188254935000.0,8479449698.0,-40194800709.0,-44547061923.0,0.0,0.0,-19236175376.0,0.0,0.0,0.0,0.0,0.0,0.0,0.0,0.0,4118927335000.0,0.0,-1050000000000.0,0.0,3068927335000.0,3049691159624.0,307670345170.0,3357361504794.0,8485350305.0,-4397165059.0,0.0,0.0390494064,0.00024381320881747983,0.5359093392204842,0.268366647,628.5276446442,0.0,0.0,87.2159189779,0.0,0.0,0.2509911475042481,0.267035011765146,0.18153875105704745,0.1387800547,0.1024697702,0.1160288158,841879593622.0,80739264239,101.169851571,92.0164795308,101.169851571,-6.089244122678097,1.0390494064004603,0.5248922017,4307829998600,582139189.0,4.0158844775,2.9299539812,-1.4701321685,100.3156958653062,14098.1328653224,1.1289838844
46,VIX,2022,3,8214486916310,2024913103892,6091627967720,97439129593,0,506715105,23680330995,3297066034,1500000000,0,18883264961,8238167247305,272514651526,48104404432,224410247094,7965652595779,7965652595779,2462261955,598325280317,0,8238167247305,18104513584,0,0,0,5821391890000,5821391890000,0,50000000,0,2949006046,1500000000,0,0,182330603419,-0.5314509644750662,88091237946,-0.40331063589354976,182330603419,-72568979929,109761623490,1275086832,-4082517467,-4082517467,-4617093128,102337099727,2959481,102340059208,-26226171264,11977350002,88091237946,0,88091237946,182330603419,2959486,-5,102340059208.0,231859026.0,-2959486.0,-1275086832.0,4082517467.0,-33166612419.0,-1134102721462.0,0.0,-50908065000.0,8470793067.0,0.0,-15602334515.0,0.0,0.0,-1002006194487.0,-1527931615.0,0.0,0.0,0.0,0.0,0.0,600000000.0,-927931615.0,0.0,0.0,0.0,-329514274800.0,-329514274800.0,-1332448400902.0,3357361504794.0,2024913103892.0,1967647335.0,129116815.0,0.0,0.0342112147,0.0004139103475021137,0.5201447884907962,0.1860988786,506.5748415951,0.0,0.0,109.0347569459,0.0,0.0,0.5766696779935259,0.6019923229111748,0.48314016568882995,0.0961657692,0.094813173,0.0848600898,756157134713.0,105144530362,170.7637172376,139.4853655685,170.7637172376,-25.754826822398016,1.0342112147434606,0.5327617087,4243794687810,582139189.0,5.6659875405,3.358856686,-1.1741747449,151.3233254358349,13683.4158330114,2.9344186308
47,VIX,2022,4,8120725819241,1349906924794,6683345996656,87153216148,0,319681643,27343794799,3500084053,1500000000,0,22343710746,8148069614040,284995914812,284848411475,147503337,7863073699228,7863073699228,2462261955,495746383766,0,8148069614040,216512500,0,0,0,5821391890000,5821391890000,0,0,0,507541971,0,0,0,237226885654,-0.24267276188810621,-102578896551,-1.6348939719707023,237226885654,-360987197431,-123760311777,2179782388,-131506848,-131506848,-8663934545,-130375970782,95818,-130375874964,-2188100365,29985078778,-102578896551,0,-102578896551,237226885654,95820,-2,-130375874964.0,290081981.0,-95818.0,-2179782388.0,131506848.0,-7131223461.0,-485923085187.0,0.0,264790000000.0,2588485915.0,-16000000000.0,-26226171264.0,0.0,-179574839.0,-475263079098.0,-493100000.0,0.0,0.0,0.0,0.0,0.0,750000000.0,256900000.0,0.0,0.0,-200000000000.0,0.0,-200000000000.0,-675006179098.0,2024913103892.0,1349906924794.0,17657835223.0,2974680402.0,0.0,0.0362448485,0.00044512924422209594,0.5134465452761207,0.18442002,399.0040884505,0.0,0.0,128.1365190703,0.0,0.0,-0.5582176993005056,-0.5216959765576774,-0.43240839362791833,0.0536760639,0.0517171129,0.0484537572,407628396884.0,-132424246322,28.5089384111,21.9138791744,28.5089384111,1006.9760498099688,1.0362448484795432,0.555259188,4366043917500,582139189.0,12.4174432494,3.676827421,-2.3206255493,-176.2102577687825,13507.2055752426,5.743296668
48,VIX,2023,1,7850080532358,31527505379,7610033306057,190209710207,0,18310010715,54178416593,3421841714,1500000000,0,49256574879,7904258948951,30746492953,30598989616,147503337,7873512455998,7873512455998,2462261955,506185140536,0,7904258948951,28957500,0,0,0,5821391890000,5821391890000,0,0,0,427875586,1500000000,0,0,272028447637,-0.3903570910286765,10438756770,-0.9610603623993123,272028447637,-253638643445,18389804192,1224403806,0,0,-7728708578,11885499420,-3,11885499417,-25939204347,24492461700,10438756770,0,10438756770,272028447637,0,-3,11885499417.0,308847339.0,0.0,-1224403806.0,0.0,-205690941516.0,-1245890124350.0,0.0,-264840000000.0,-17867273791.0,0.0,-2188100365.0,0.0,-2500068818.0,-1318148814415.0,-230605000.0,0.0,0.0,0.0,0.0,0.0,0.0,-230605000.0,0.0,0.0,0.0,0.0,0.0,-1318379419415.0,1349906924794.0,31527505379.0,348876090.0,-3422417953.0,0.0,0.0039050542,0.00043460167658631937,0.5141281799403182,0.1235012524,331.6755747667,0.0,0.0,62.4911637603,0.0,0.0,0.03919110558696556,0.06760250389892938,0.0383737688490936,0.0068129068,0.0081438423,0.006624256,65176924884.0,10661095614,256.5470504377,199.2329118514,256.5470504377,0.0,1.0039050542086305,0.9650327819,7598197628750,669444725.0,140.4415129672,7.4987073478,-2.7118169494,15.593157104942458,11761.2584907559,116.094310016
49,VIX,2023,2,8528658686483,20272547435,8285280076678,211295588590,0,11810473780,23709516655,3111961199,1500000000,0,19097555456,8552368203138,113293514708,33774428244,79519086464,8439074688430,8439074688430,2462261955,780760232968,0,8552368203138,28710000,0,0,0,6694447250000,6694447250000,0,0,0,483652884,1500000000,0,0,687812647635,1.1381775933307896,565562232432,8.68466657761013,687812647635,20058766547,707871414182,958027165,0,0,-6686591518,702142849829,1054371081,703197220910,-28048608630,-109586379848,565562232432,0,565562232432,687812647635,1054721660,-350579,703197220910.0,309880515.0,-158927.0,-958027165.0,0.0,-40820768999.0,-125501205039.0,0.0,0.0,6464455094.0,0.0,-25939204347.0,0.0,0.0,-11704957944.0,0.0,0.0,0.0,0.0,0.0,0.0,450000000.0,450000000.0,0.0,0.0,0.0,0.0,0.0,-11254957944.0,31527505379.0,20272547435.0,12852080.0,1021642096.0,0.0,0.013424874,0.0003687562101170297,0.5510585185697744,0.1679997924,413.8934656345,0.0,0.0,144.9785813564,0.0,0.0,1.0194415951421938,1.0291631254760591,0.8222620423986818,0.0698805706,0.081118633,0.0683878641,685706871179.0,701184822664,252.5182254713,139.8506565253,252.5182254713,0.0,1.0134248740401985,1.2612959975,10644171127500,669444725.0,18.9562216024,7.7165304128,-3.7918434473,844.8228977112337,12606.0813884671,15.4933529568
50,VIX,2023,3,8752832929023,2218180352909,6408667608251,121553849228,0,4431118635,23873175116,3264718675,1500000000,0,19108456441,8776706104139,138429663718,89259852749,49169810969,8638276440421,8638276440421,2462261955,979961984959,0,8776706104139,5459642750,0,0,0,6694447250000,6694447250000,0,0,0,494553869,1500000000,0,0,323023165823,0.7716343815343231,199201751991,1.26131175626242,323023165823,-67846753863,255176411960,1303165914,0,0,-8056162711,248423415163,0,248423415163,-79570938667,30349275495,199201751991,0,199201751991,323023165823,2,-2,248423415163.0,335667524.0,0.0,-1303165914.0,0.0,347840691974.0,1451083244254.0,-78066195000.0,0.0,7787782082.0,0.0,-28108608630.0,0.0,0.0,2198126230474.0,-488425000.0,0.0,0.0,0.0,0.0,0.0,270000000.0,-218425000.0,0.0,0.0,0.0,0.0,0.0,2197907805474.0,20272547435.0,2218180352909.0,-5599002966.0,841199182.0,0.0,0.0160251486,0.0003779363507890804,0.5640660847309273,0.1821482641,457.2182040086,0.0,0.0,146.0121069362,0.0,0.0,0.7650233029553339,0.789963194465822,0.6166794616214996,0.0819924581,0.0956836618,0.0805986312,827786398564.0,247120249249,98.0601318449,68.7638881138,98.0601318449,0.0,1.016025148613009,1.313582422,11347088088750,669444725.0,16.8698867564,7.4647419091,28.8723086384,297.5626583524129,12903.6440468195,11.0280958369
51,VIX,2023,4,9041916205385,139539567122,8796530648416,104884583146,0,961406701,44895623168,24076066040,1500000000,0,19319557128,9086811828553,257314667846,186613270147,70701397699,8829497160707,8829497160707,2462261955,1171182705245,0,9086811828553,1013582600,0,0,0,6694447250000,6694447250000,0,0,0,705654556,1500000000,0,0,341091837969,0.437829599409272,191220720286,2.8641331376666663,341091837969,-92162162944,248929675025,2971999026,0,0,-16155743257,235745930794,-390882028,235355048766,-22602741750,-21531586730,191220720286,0,191220720286,341091837969,1267848952,-1658730980,235355048766.0,1000278476.0,-180770.0,-2895936231.0,0.0,-56851861196.0,-2126182512544.0,42023260000.0,110460000000.0,3144319688.0,0.0,-39510938667.0,0.0,0.0,-2057233097151.0,-23155356818.0,1267668182.0,0.0,0.0,0.0,0.0,480000000.0,-21407688636.0,0.0,0.0,0.0,0.0,0.0,-2078640785787.0,2218180352909.0,139539567122.0,4547588867.0,-589854394.0,0.0,0.0291426186,0.0027267765764899085,0.5765525018715548,0.1884499298,117.779754867,0.0,0.0,174.1566066268,0.0,0.0,0.6824377069648778,0.729802496908835,0.5606135914145768,0.1157908473,0.1349725899,0.1121473872,1193694773149.0,232773931768,48.4526968434,31.7811069013,48.4526968434,0.0,1.029142618561689,1.4784728847,13054172137500,669444725.0,13.5077144314,8.0385006374,-10.9767125128,285.6407902624074,13189.284837082,9.0776905691
52,VIX,2024,1,10235478670675,707346070591,9384421606437,122874073575,0,20836920072,45438618741,22462998863,1500000000,0,21475619878,10280917289416,1289472625598,1226334814977,63137810621,8991444663818,8991444663818,2462261955,1333130208356,0,10280917289416,577922400,0,0,0,6694447250000,6694447250000,0,0,990000000000,750257598,1500000000,0,0,360594815882,0.32557759680775983,161947503111,14.514060407693549,360594815882,-135029407308,225565408574,2550141013,-14095397261,-14095397261,-12184345434,201835806892,-4,201835806888,-47451890855,7563587078,161947503111,0,161947503111,360594815882,0,-4,201835806888.0,1613067177.0,0.0,-2550141013.0,14095397261.0,-106992916229.0,-568462646004.0,12185185000.0,-110460000000.0,-20242470962.0,-3698876713.0,-62602741750.0,0.0,-2111459708.0,-422643496531.0,0.0,0.0,0.0,0.0,0.0,0.0,450000000.0,450000000.0,0.0,1440000000000.0,-450000000000.0,0.0,990000000000.0,567806503469.0,139539567122.0,707346070591.0,253364159.0,167022213086.0,0.1101046647,0.1434110617,0.002498263594213305,0.5871274232278942,0.1866672089,129.4527724802,0.0,0.0,146.8172364341,0.0,0.0,0.5917474509944874,0.6255370256010928,0.4491121224659958,0.1281360334,0.1397052344,0.1218560859,1397718960513.0,213381063140,8.3463981823,4.8315897944,8.3463981823,-15.13835042665989,1.1434110617159108,1.2545418493,11280143616250,669444725.0,10.0901857352,6.5868587604,-38.4390495015,241.91318127273317,13431.1980183547,8.2726197986
53,VIX,2024,2,10559449824364,571174286048,9857109667122,118210961594,0,12954909600,48164141199,24905796139,1500000000,0,21758345060,10607613965563,1492382356439,1425328972668,67053383771,9115231609124,9115231609124,2462261955,1456917153662,0,10607613965563,702630000,0,0,0,6694447250000,6694447250000,0,450000000,1372000000000,972982780,1500000000,0,0,378836549181,-0.449215494243083,123786945306,-0.7811258634196663,378836549181,-190605517201,188231031980,2562908993,-19963405478,-19963405478,-15949223719,154881311776,5381920,154886693696,-27184175240,-3915573150,123786945306,0,123786945306,378836549181,28813777,-23431857,154886693696.0,1578918724.0,-28813777.0,750141013.0,19963405478.0,-130080788076.0,-538431759852.0,23857750000.0,3660000000.0,7840432380.0,-15435726028.0,-47451890855.0,0.0,-60000000.0,-510940068543.0,-7231716000.0,0.0,0.0,0.0,0.0,0.0,0.0,-7231716000.0,0.0,1706000000000.0,-1324000000000.0,0.0,382000000000.0,-136171784543.0,707346070591.0,571174286048.0,46157676.0,-165812189498.0,0.1505172944,0.1637240194,0.002732327296441952,0.5952105192090358,0.1448745445,75.1467950521,0.0,0.0,83.1303422043,0.0,0.0,0.45476554105841416,0.4968660821848719,0.3267555508400992,0.0760272525,0.0825343699,0.0697931526,870084984319.0,172281808261,7.4084299322,4.4424010678,7.4084299322,-8.629880731063514,1.16372401935955,1.0705772615,16772901489500,1458513173.0,15.9086505693,11.950372187,-13.5699180291,84.87201048132049,10741.8683486406,16.6636549059
54,VIX,2024,3,18170499183659,4152905571996,13515925037689,497239319837,0,4429254137,47332545663,24195808432,1500000000,0,21636737231,18217831729322,2285291193646,2173316262072,111974931574,15932540535676,15932540535676,2462261955,1052922500214,0,18217831729322,633930000,0,0,0,14585131730000,14585131730000,0,605000000,1878800000000,851374951,1500000000,0,0,553757747081,0.7142973188010628,265385146552,0.33224303450900466,553757747081,-197382244369,356375502712,1981751967,-24765180278,-24765180278,-9127937622,324464136779,272727272,324736864051,-14430169696,-44921547803,265385146552,0,265385146552,553757747081,272727273,-1,324736864051.0,1678533707.0,0.0,-272727273.0,24765180278.0,-120077060298.0,-3482519726774.0,-373158000000.0,252255000000.0,8603382398.0,-22587624659.0,-27184175240.0,0.0,0.0,-3476296675325.0,-968546000.0,272727273.0,0.0,0.0,0.0,0.0,0.0,-695818727.0,6551923780000.0,2525800000000.0,-2019000000000.0,0.0,7058723780000.0,3581731285948.0,571174286048.0,4152905571996.0,103106984.0,806875099.0,0.1179221855,0.1434354545,0.0015186409460450432,1.040370243040932,0.1356441825,68.3508787256,0.0,0.0,107.6450967913,0.0,0.0,0.6270748660771457,0.6435584957331022,0.4792441242599559,0.0692663947,0.0542173884,0.06161373,971555166343.0,347247565090,8.360724806,6.1832846981,8.360724806,-14.021604575133066,1.1434354545358787,0.8275490688,13184959083920,1458513173.0,11.0846128961,8.0677432378,-1.2723690776,181.9559476491612,10923.823542097,11.2302974549
55,VIX,2024,4,19558155308985,693527828012,18710234088694,152196410675,0,2196981604,48170088620,24643693104,1500000000,0,22026395516,19606325397605,3561584498167,3472527045297,89057452870,16044740899438,16044740899438,2462261955,1165122863976,0,19606325397605,330125000,0,0,0,14585131730000,14585131730000,0,605000000,2845000000000,883749352,1500000000,0,0,544617506222,0.5966887670630727,112200363762,-0.41324160062681964,544617506222,-376453766488,168163739734,2597584553,-22009816437,-22009816437,-15085023065,133666484785,192880,133666677665,-44383792607,22917478704,112200363762,0,112200363762,544617506222,192880,0,133666677665.0,1896365328.0,-192880.0,-675000000.0,22009816437.0,-160711516310.0,-4536032037746.0,373158000000.0,284684210000.0,2314675936.0,-28398498082.0,0.0,0.0,-357283884.0,-4425258493984.0,-2344250000.0,0.0,0.0,0.0,0.0,0.0,2025000000.0,-319250000.0,0.0,-5671800000000.0,3793000000000.0,0.0,-1878800000000.0,-6304377743984.0,4152905571996.0,-2151472171988.0,-5926449906.0,925906854.0,0.1773166683,0.2219783118,0.0015359358719755454,1.0476967531762724,0.1281007792,75.4439944144,0.0,0.0,131.3837972929,0.0,0.0,0.2810756446866789,0.3087740254633904,0.20601681451691028,0.0533338916,0.0469031925,0.0462354432,892756038096.0,153078716669,5.6322542788,3.8043129256,5.6322542788,-6.9550201432695395,1.2219783118025764,1.1453763009,18377265979800,1458513173.0,20.4272810676,9.9995645876,-1.5336288022,76.92790565011921,11000.7514477471,18.0375821844
56,VIX,2025,1,20563916458536,487051070917,19613202092816,461134058951,0,2529235852,46822071630,23444211311,1500000000,0,21877860319,20610738530166,4193720690957,4070672382812,123048308145,16417017839209,16417017839209,2462261955,1537399803747,0,20610738530166,16830000,0,0,0,14585131730000,14585131730000,0,975000000,3970500000000,707214155,1500000000,0,0,979684153559,1.7168559014436553,372276939771,1.2987507224229242,979684153559,-467829446160,511854707399,2205920939,-41448529865,-41448529865,-7477237163,465134861310,70000000,465204861310,-58937066264,-33990855275,372276939771,0,372276939771,979684153559,70000000,0,465204861310.0,1979981793.0,0.0,0.0,41448529865.0,-180604011376.0,-1489271342314.0,-251646610000.0,-521680765000.0,-354584686.0,-36926277807.0,-58813962303.0,0.0,-28000000.0,-1331196257095.0,-780500000.0,0.0,0.0,0.0,0.0,0.0,0.0,-780500000.0,0.0,5267500000000.0,-4142000000000.0,0.0,1125500000000.0,-206476757095.0,693527828012.0,487051070917.0,198411082.0,-990639724.0,0.2418526945,0.2554496031,0.0014280432378533361,1.0720058612837233,0.1423410574,101.1177433316,0.0,0.0,79.3878311858,0.0,0.0,0.5148368159306198,0.5224691095997954,0.37999689840709483,0.060765538,0.0577306943,0.0506151587,1184119359808.0,504377470236,5.0517247581,3.2205837377,5.0517247581,-12.168766223525502,1.2554496030905855,1.4738725384,24196591756400,1531429858.0,23.6887818463,9.8484397342,-2.1240091549,243.09108107450783,10720.0586128372,23.3760561857
57,VIX,2025,2,24339768830051,1053870185574,23040741638637,241755825235,0,3401180605,45429129464,22225768554,1500000000,0,21703360910,24385197959515,6666569152664,6342316592151,324252560513,17718628806851,17718628806851,2462261955,2109843921389,0,24385197959515,180490500,0,0,0,15314298580000,15314298580000,0,885000000,6207000000000,532714746,1500000000,0,0,1976150333018,4.216366629065237,1301610967642,9.51492921506732,1976150333018,-288624680113,1687525652905,3500521113,-70244408220,-70244408220,-18306239219,1602475526579,31802359,1602507328938,-99692108928,-201204252368,1301610967642,0,1301610967642,1976150333018,31802359,0,1602507328938.0,2051692757.0,-31802359.0,-2250000000.0,70244408220.0,-231845308382.0,-2105752692675.0,251646610000.0,-14823445000.0,-601541892.0,-62146686303.0,-58937066265.0,0.0,0.0,-1671097635343.0,-833250000.0,0.0,0.0,0.0,0.0,0.0,2250000000.0,1416750000.0,0.0,8434500000000.0,-6198000000000.0,0.0,2236500000000.0,566819114657.0,487051070917.0,1053870185574.0,6228481137.0,1031131857.0,0.3503092744,0.3762463352,0.001254372942527375,1.156999043364022,0.195808025,171.5895455051,0.0,0.0,73.5383337408,0.0,0.0,0.8446824038618299,0.8539459901958931,0.6586598933767172,0.1241193502,0.1117597864,0.0990809514,2681529739266.0,1669219413686,3.8376779961,2.2035755334,3.8376779961,-23.7630219398836,1.3762463351614622,3.197928314,56662904746000,1531429858.0,26.5704230969,13.9763131119,-4.9990160697,849.9318208029871,11569.9904336402,23.0525261962
