ticker,yearReport,lengthReport,CURRENT ASSETS (Bn. VND),Cash and cash equivalents (Bn. VND),Short-term investments (Bn. VND),Accounts receivable (Bn. VND),Net Inventories,Other current assets,LONG-TERM ASSETS (Bn. VND),Fixed assets (Bn. VND),Long-term investments (Bn. VND),Other non-current assets,TOTAL ASSETS (Bn. VND),LIABILITIES (Bn. VND),Current liabilities (Bn. VND),Long-term liabilities (Bn. VND),OWNER'S EQUITY(Bn.VND),Capital and reserves (Bn. VND),Other Reserves,Undistributed earnings (Bn. VND),MINORITY INTERESTS,TOTAL RESOURCES (Bn. VND),Prepayments to suppliers (Bn. VND),"Inventories, Net (Bn. VND)",Other current assets (Bn. VND),Investment and development funds (Bn. VND),Common shares (Bn. VND),Paid-in capital (Bn. VND),Long-term borrowings (Bn. VND),Advances from customers (Bn. VND),Short-term borrowings (Bn. VND),Good will (Bn. VND),Long-term prepayments (Bn. VND),Other long-term assets (Bn. VND),Other long-term receivables (Bn. VND),Long-term trade receivables (Bn. VND),Revenue YoY (%),Revenue (Bn. VND),Attribute to parent company (Bn. VND),Attribute to parent company YoY (%),Financial Income,Interest Expenses,Sales,Sales deductions,Net Sales,Cost of Sales,Gross Profit,Financial Expenses,Gain/(loss) from joint ventures,Selling Expenses,General & Admin Expenses,Operating Profit/Loss,Other income,Net income from associated companies,Other Income/Expenses,Net other income/expenses,Profit before tax,Business income tax - current,Business income tax - deferred,Net Profit For the Year,Minority Interest,Attributable to parent company,Net Profit/Loss before tax,Depreciation and Amortisation,Provision for credit losses,Unrealized foreign exchange gain/loss,Profit/Loss from investing activities,Interest Expense,Operating profit before changes in working capital,Increase/Decrease in receivables,Increase/Decrease in inventories,Increase/Decrease in payables,Increase/Decrease in prepaid expenses,Interest paid,Business Income Tax paid,Other receipts from operating activities,Other payments on operating activities,Net cash inflows/outflows from operating activities,Purchase of fixed assets,Proceeds from disposal of fixed assets,"Loans granted, purchases of debt instruments (Bn. VND)","Collection of loans, proceeds from sales of debts instruments (Bn. VND)",Investment in other entities,Proceeds from divestment in other entities,Gain on Dividend,Net Cash Flows from Investing Activities,Increase in charter captial,Proceeds from borrowings,Repayment of borrowings,Finance lease principal payments,Dividends paid,Cash flows from financial activities,Net increase/decrease in cash and cash equivalents,Cash and cash equivalents,Foreign exchange differences Adjustment,Cash and Cash Equivalents at the end of period,Chỉ tiêu cơ cấu nguồn vốn_(ST+LT borrowings)/Equity,Chỉ tiêu cơ cấu nguồn vốn_Debt/Equity,Chỉ tiêu cơ cấu nguồn vốn_Fixed Asset-To-Equity,Chỉ tiêu cơ cấu nguồn vốn_Owners' Equity/Charter Capital,Chỉ tiêu hiệu quả hoạt động_Asset Turnover,Chỉ tiêu hiệu quả hoạt động_Fixed Asset Turnover,Chỉ tiêu hiệu quả hoạt động_Days Sales Outstanding,Chỉ tiêu hiệu quả hoạt động_Days Inventory Outstanding,Chỉ tiêu hiệu quả hoạt động_Days Payable Outstanding,Chỉ tiêu hiệu quả hoạt động_Cash Cycle,Chỉ tiêu hiệu quả hoạt động_Inventory Turnover,Chỉ tiêu khả năng sinh lợi_EBIT Margin (%),Chỉ tiêu khả năng sinh lợi_Gross Profit Margin (%),Chỉ tiêu khả năng sinh lợi_Net Profit Margin (%),Chỉ tiêu khả năng sinh lợi_ROE (%),Chỉ tiêu khả năng sinh lợi_ROIC (%),Chỉ tiêu khả năng sinh lợi_ROA (%),Chỉ tiêu khả năng sinh lợi_EBITDA (Bn. VND),Chỉ tiêu khả năng sinh lợi_EBIT (Bn. VND),Chỉ tiêu khả năng sinh lợi_Dividend yield (%),Chỉ tiêu thanh khoản_Current Ratio,Chỉ tiêu thanh khoản_Cash Ratio,Chỉ tiêu thanh khoản_Quick Ratio,Chỉ tiêu thanh khoản_Interest Coverage,Chỉ tiêu thanh khoản_Financial Leverage,Chỉ tiêu định giá_Market Capital (Bn. VND),Chỉ tiêu định giá_Outstanding Share (Mil. Shares),Chỉ tiêu định giá_P/E,Chỉ tiêu định giá_P/B,Chỉ tiêu định giá_P/S,Chỉ tiêu định giá_P/Cash Flow,Chỉ tiêu định giá_EPS (VND),Chỉ tiêu định giá_BVPS (VND),Chỉ tiêu định giá_EV/EBITDA
VSC,2013,1,534988262949,43360827816,319135213244,134065484027,12607811621,25818926241,527618311744,366459942481,24920716000,136237653263,1062606574693,282937484436,250529984436,32407500000,779669090257,779669090257,0,237060678435,0,1062606574693,9431309322,12607811621,3184320816,251349616292,240385020000,240385020000,31366400000,1991986743,6739200000,0,135613125763,0,0,0,0.0,168752335315,45272669331,0.0,3763034391,-110815699,168752335315,0,168752335315,-109145962535,59606372780,-157608122,0,-153265181,-6341411172,56717122696,114195449,0,-56750937,57444512,56774567208,-11501897877,0,45272669331,0,45272669331,0,0,0,0,0,0,0,0,0,0,0,0,0,0,0,12614431934,-27687693955,3249063,-470460000000,483417750000,-1539326872,0,3598453490,-12667568274,0,0,-2246400000,0,-1195000000,-3441400000,-3494536340,46856015142,-650986,43360827816,0.0891044686,0.3628943201,0.47001984182828754,0.2082614355719217,0.746404239,2.4473605739,58.258362512346906,12.6984330301,51.5925637846,122.54935932704691,28.7437039777,0.3147316232860395,0.35321806165666575,0.2682787722403497,0.2946191353,6.4253342803,0.2119761886,323969078225.0,53111696427,0.0,2.1354260814,1.5052930367,2.0851015198,-479.2795326499723,1.3628943201310393,1031266152000,28646282,4.7014679668,1.1099402077,1.3390146629,81.5200048151,1580.402976239639,32434.1795614802,3.1670026343
VSC,2013,2,506548308294,299929063664,33094825168,133367888155,13095351299,27061180008,532203018877,370744283846,24920716000,136538019031,1038751327171,250765298213,234637578213,16127720000,787986028958,787986028958,0,245377617136,0,1038751327171,28046381446,13095351299,4751610166,251349616292,240385020000,240385020000,15298120000,2193843219,0,0,135913491531,0,0,0,0.0,194742267316,56310742701,0.0,4638988993,-619216000,194742267316,0,194742267316,-123685619714,71056647602,959410493,0,-19479363,-7441916527,69193651198,902632715,0,0,902632715,70096283913,-13785541212,0,56310742701,0,56310742701,0,0,0,0,0,0,0,0,0,0,0,0,0,0,0,47929679419,-14675220994,216750937,470460000000,-181082864090,-858039604,0,4021573213,278082199462,0,0,-23046400000,0,-46467681200,-69514081200,256497797681,43360827816,70438167,299929063664,0.038828404,0.3182357161,0.4704960116313951,0.2104830160027465,0.7247784098,2.1785531372,56.76806870269284,11.6661479867,51.9786507025,120.41286739189283,31.2871052566,0.3265611137658508,0.36487532255490995,0.2891552176992319,0.2814811298,8.674131028,0.2055068962,323385673621.0,63595251712,0.0,2.1588541449,1.4736509448,2.103043173,-102.70285605023126,1.3182357161136493,1392198030000,28646050,6.4405454392,1.4826039476,1.8290669667,29.0008472172,1965.7419679502061,32780.1636290814,3.4249108005
VSC,2013,3,511627544220,312652552852,33925532155,137773082543,13142857991,14133518679,556053306781,392578746524,24920716000,138553844257,1067680851001,263269242279,247278142279,15991100000,804411608722,804411608722,0,155259464563,0,1067680851001,29544631693,13142857991,3865264505,310151868629,288126500000,288126500000,15204000000,1846836610,0,0,137957966757,0,0,0,0.0,213216131387,59338125599,0.0,3162099857,-463589975,213216131387,0,213216131387,-126583246582,86632884805,-673783233,0,-81256274,-9796976209,79242968946,1056553543,0,-767185528,289368015,79532336961,-20194211362,0,59338125599,0,59338125599,0,0,0,0,0,0,0,0,0,0,0,0,0,0,0,-219592876060,-60629272149,651430881,0,331063029246,-8843960,0,3133701619,274210045637,0,0,0,0,-41894331375,-41894331375,12722838202,299929063664,650986,312652552852,0.0378015428,0.327281754,0.4880321744084538,0.21487053740701834,0.7367357222,2.0819722796,53.38333491871576,10.1205829694,51.7865049185,115.29042280661577,36.0651161202,0.3599852029145287,0.4063148704623861,0.27830035754329374,0.2854700108,11.4227239875,0.2115179254,342658416664.0,76754652322,0.0,2.0690366706,1.4531332276,2.0158865706,-165.56581561540455,1.3272817540478636,1833347200000,28646050,8.2063045675,2.2791157911,2.3567333643,-8.3463982661,2071.4243534099814,28081.0655822356,4.4823024109
VSC,2013,4,493460334578,281725141654,60857070180,121090992561,10322798343,19464331840,639103117015,456541762976,41630716000,140930638039,1132563451593,249038914756,239371686676,9667228080,883524536837,883524536837,0,234372392678,0,1132563451593,15697380802,10322798343,2320949178,310151868629,288126500000,288126500000,8938628080,2852044762,0,0,140334760539,4500000000,0,0,0.0,220196289107,79386917667,0.0,16957115208,-271025660,220196289107,-5032080318,215164208789,-129218582789,85945626000,4098271459,0,-3055876967,-7762688398,96182447302,2333017809,0,-1226026018,1106991791,97289439093,-17902521426,0,79386917667,0,79386917667,0,0,0,0,0,0,0,0,0,0,0,0,0,0,0,398744384174,-71185863585,1677427722,0,-360283764322,-12211817574,2378640699,16268455155,-423356921905,0,0,-6330000000,0,0,-6330000000,-30942537731,312652552852,15126533,281725141654,0.0202340234,0.2818698342,0.5167278824088013,0.2360028000392296,0.7241249833,1.9282528704,51.67649912671269,9.5718035883,59.2800179314,120.5283206464127,38.1328342804,0.34916151277126706,0.39944201911518784,0.36895968020801495,0.2930813345,10.6181358666,0.2198880208,359697610433.0,75127060635,0.0287769784,2.0614816289,1.4656378818,2.0183570703,-277.19537934157233,1.2818698342522035,1990900475000,28646050,8.2795152525,2.2533618388,2.5141602131,8.3059526887,2771.304164692863,30842.8050930931,4.7765509461
VSC,2014,1,516142185864,290697141420,78379587782,121901457703,11365259550,13798739409,642166266721,460180370068,41630716000,140355180653,1158308452585,230477693884,220855193884,9622500000,927830758701,927830758701,0,278678614542,0,1158308452585,13658696206,11365259550,4295426934,310151868629,288126500000,288126500000,8946400000,2653782084,207332856,0,139759303153,4500000000,0,0,0.17749841552763107,198705607450,47722949819,0.05412273064981824,2875810769,-46323447,198705607450,0,198705607450,-134119852098,64585755352,-62274102,0,-753684645,-8216701505,58428905869,398365655,0,0,398365655,58827271524,-11104321705,0,47722949819,0,47722949819,0,0,0,0,0,0,0,0,0,0,0,0,0,0,0,10654973241,-15580473441,200000000,-700000000,14350000000,0,0,2937476339,1207002898,0,0,-2875555040,0,0,-2875555040,8986421099,281725141654,-14421333,290697141420,0.0195080112,0.248404886,0.4959744713704802,0.2478376636826288,0.7475746043,1.9566812436,46.6898506592871,8.5148164178,51.0244655069,106.22913258398711,42.8664556095,0.2798882724836762,0.32503237417822556,0.24016911465877205,0.2852836155,10.2666490453,0.2208250612,356242589971.0,55615369202,0.0357142857,2.3370162901,1.7084802153,2.2855560579,-1200.5878837557145,1.2484048860448191,1924996696000,34374941,7.9296701301,2.0747282604,2.34233464,180.6664974617,1388.306377573128,26991.4865803261,4.6132981673
VSC,2014,2,603363213421,365256023940,76957441852,133530408122,11370226115,16249113392,641254149937,452270381994,47473116000,141510651943,1244617363358,286824590619,277051290619,9773300000,957792772739,957792772739,0,207490281178,0,1244617363358,5508754789,11370226115,6141207945,406528068031,288126500000,288126500000,9031200000,2922621132,0,0,140831774443,4500000000,0,0,0.22389339072061684,238343773862,64977948592,0.15391744941140836,3915267174,-105397329,238343773862,0,238343773862,-159948498095,78395275767,382916292,0,-777771923,-9644059360,72271627950,560657902,5842400000,-51390537,509267365,78623295315,-13645346723,0,64977948592,0,64977948592,0,0,0,0,0,0,0,0,0,0,0,0,0,0,0,102118614800,-7484165654,0,-35300000000,8168330000,0,0,4151891146,-30463944508,0,4734715108,-1859160068,0,0,2875555040,74530225332,290697141420,28657188,365256023940,0.018858359,0.2994641417,0.4722006626763766,0.2558409719247487,0.7520293182,1.9651313355,45.96618450436591,7.6669991646,50.552003475,104.18518714396592,47.6066309855,0.2851907703842783,0.32891681832809494,0.2726228067095302,0.2814291232,10.724981592,0.2184806863,367054379249.0,67973444484,0.0341880341,2.1778032943,1.6242026819,2.1367631458,-644.925683875727,1.2994641417044397,2010934048500,34374941,7.9981168016,2.0995502427,2.3236248982,19.6921398947,1890.2708397957688,27863.1103029093,4.5080765088
VSC,2014,3,652690740923,429295833361,80229279400,114262285762,11276424786,17626917614,614124115032,435008630190,36696716000,142418768842,1266814855955,260125273440,250438973440,9686300000,1006689582515,1006689582515,0,199098180954,0,1266814855955,3165651330,11276424786,5078639073,406528068031,345415410000,345415410000,9031200000,2428485330,0,0,141736891342,0,0,0,-0.013152623161096262,210411779959,48977606681,-0.17460138508612752,5215655990,-92456910,210411779959,0,210411779959,-141560218317,68851561642,-92474927,0,-829464500,-13624385411,59520892794,531594742,0,-58408364,473186378,59994079172,-11016472491,0,48977606681,0,48977606681,0,0,0,0,0,0,0,0,0,0,0,0,0,0,0,91508766668,-1320291375,293609463,-36368330000,300000000,0,434000000,10585711853,-26075300059,0,300000000,0,0,-1665000000,-1365000000,64068466609,365256023940,-28657188,429295833361,0.017942373,0.2583967073,0.4321179415636977,0.26890205120324134,0.7185095719,1.9126936196,45.19323729541181,7.162189219,50.5105443007,102.86597081511181,50.9620716286,0.2585297826081777,0.3272229418686356,0.23277026928123312,0.2553768938,9.1666509333,0.2007914672,349794439293.0,54397711731,0.04,2.6061867765,2.0655694644,2.5611601394,-588.3574492268885,1.2583967073446138,1718747050000,34374941,7.1297950171,1.7073257534,1.9924605856,18.7823212199,1424.8055489317057,29285.5653923886,3.7121299562
VSC,2014,4,480360425206,216024629908,52105720000,154266226423,7338432080,50625416795,1014741606587,420986227213,100330277837,493425101537,1495102031793,279221472908,269661492908,9559980000,1058380558885,1058380558885,0,250789157324,0,1495102031793,49081186818,7338432080,4368070782,406528068031,345415410000,345415410000,9060880000,1362635071,3893101980,0,492789424037,465000000,0,0,0.10710657781130724,243780760080,85857153509,0.08150254515662578,11628534373,-169438144,243780760080,0,243780760080,-143823332729,99957427351,6989847978,0,-598421317,-13609180660,104368207725,148374542,0,-111843112,36531430,104404739155,-18547585646,0,85857153509,0,85857153509,0,0,0,0,0,0,0,0,0,0,0,0,0,0,0,-243705219171,-9705364788,72727273,72368330000,-7258443489,-33000000000,22201361000,6630143449,51308753445,22500000000,3593101980,0,0,-47032966000,-20939864020,-213336329746,429295833361,65126293,216024629908,0.0208005161,0.2638195406,0.3977645126593287,0.2827094947449392,0.6783526495,2.0312558261,40.51390261717063,5.5624540109,52.6471179356,98.72347456367064,65.6185200419,0.35174976624841114,0.41003000941582757,0.35219003124292825,0.2555054066,0.0,0.1888243592,363036069260.0,85749825374,0.0,1.7813460128,0.9943219812,1.7541325163,-506.08336086353734,1.4126317979310623,1856246814000,34374941,7.4823431406,1.762355892,2.0827642523,-47.085538794,2497.6669344392476,30640.8031675541,4.5537518336
VSC,2015,1,572453794909,337299951463,31426484011,149805798714,8344647191,45576913530,979594562588,397056021754,96723303751,486562005999,1552048357497,285599063103,278585760173,7013302930,1108949294394,1108949294394,0,301357892833,0,1552048357497,54485453863,8344647191,618690000,435340718031,345415410000,345415410000,0,3055114646,9573600000,0,486562005999,465000000,0,-746768916,0.1415508304317861,226832551196,57391584526,0.20259926814395313,2162402828,-61856217,226832551196,0,226832551196,-144315475531,82517075665,-89732490,0,-1870383386,-9407850872,73311511745,13811140037,0,-15912408853,-2101268816,71210242929,-13818658403,0,57391584526,0,57391584526,0,0,0,0,0,0,0,0,0,0,0,0,0,0,0,172183560785,-17727091543,-2264190313,-28362500000,0,0,0,2084975975,-46268805881,0,0,-3393101980,0,-1251000000,-4644101980,121270652924,216024629908,4668631,337299951463,0.0,0.0,0.3580470484639936,0.2962171707369292,0.0,0.0,0.0,0.0,0.0,0.0,0.0,0.3140591640458357,0.36377969224399004,0.25301300110322106,0.0,0.0,0.0,0.0,71238841407,0.0353982301,0.0,0.0,0.0,-1151.6844201286995,1.3995665675094164,2330593473000,41249442,9.0612541611,1.7598614079,2.5349928211,19.0866849987,1391.3299609240776,32104.8008365927,5.8218689364
VSC,2015,2,522419246090,329001027287,48403984011,122842514218,9229241802,12942478772,1075854264050,373399851886,106544668002,486899058706,1598273510140,289030425699,279298500639,9731925060,1309243084441,1309243084441,0,173280839002,157402621637,1598273510140,34918294460,9229241802,26858856,537563930272,414160420000,414160420000,9260160000,1818303398,0,0,486899058706,465000000,0,0,-0.053237255592616155,225655005454,78388781709,0.20639052798061286,5452027442,-100522311,225655005454,0,225655005454,-131735765799,93919239655,-469452438,6214390165,-1928890717,-7759276471,95428037636,-13676484303,0,13672545454,-3938849,95424098787,-17132695441,0,78291403346,-97378363,78388781709,0,0,0,0,0,0,0,0,0,0,0,0,0,0,0,43233384799,-91916224581,15936735767,32064235989,0,0,0,5216677973,-38698574852,0,0,3393101980,0,-16222435325,-12829333345,-8294523398,337299951463,-4400778,329001027287,0.0,0.0,0.28520284454695316,0.3497186789698379,0.0,0.0,0.0,0.0,0.0,0.0,0.0,0.37327367189366684,0.4162072073962726,0.34738330555215463,0.0,0.0,0.0,0.0,84231072467,0.0285714286,0.0,0.0,0.0,-837.9341026789565,1.2207614683123613,2899122940000,41416042,9.1967178734,2.5169483393,3.1975147029,124.5188115702,1892.715429180799,27811.456797441,6.6702630644
VSC,2015,3,536526719498,286103047725,52426484011,137520304441,9687686271,50789197050,1308823593552,384929038230,106389314915,485723416266,1845350313050,479851225058,244160198984,235691026074,1365499087992,1365499087992,0,220477692091,157155664142,1845350313050,41856218780,9687686271,1477930876,537563420513,414160420000,414160420000,235256026074,2922724814,0,0,485723416266,310000000,0,0,0.16185345750906147,244467654046,89317186632,0.8236331394006035,4645712473,-93458998,244467654046,0,244467654046,-131195297644,113272356402,-350407560,0,-2001338819,-8731173631,106835148865,3525741384,0,-498153,3525243231,110360392096,-21290162960,0,89070229136,-246957496,89317186632,0,0,0,0,0,0,0,0,0,0,0,0,0,0,0,16424762952,-265656410276,-13672545454,-103876735989,8277500000,0,155000000,-2116710992,-376889902711,0,305758426074,-3893101980,0,15697435325,317562759419,-42902380340,329001027287,4400778,286103047725,0.0,0.0,0.2818962250615983,0.36474551048782006,0.0,0.0,0.0,0.0,0.0,0.0,0.0,0.4194413545307131,0.4633429188987359,0.36535380101939263,0.0,0.0,0.0,0.0,102539843952,0.0272108844,0.0,0.0,0.0,-1097.163955813008,1.3514108718766213,3044079087000,41416042,9.753910845,2.5192168277,3.2358485075,-255.659945538,2156.5843165795513,29175.7339788771,6.8551748698
VSC,2015,4,585876092207,332397641629,78525947673,92980974388,9960417201,72011111316,1638136117093,958833168642,108889668002,487426382813,2224012209300,792839839659,374986497931,417853341728,1431172369641,1431172369641,0,274832862734,168473265389,2224012209300,4145522828,9960417201,0,537563930272,414160420000,414160420000,417576841728,1095259374,7012140000,0,487426382813,310000000,0,291066000,-0.052970590294994374,230867549316,51660775520,-0.3982938705907057,3526475931,-657189787,230867549316,0,230867549316,-150061447087,80806102229,-749524302,0,-2268378559,-15277641537,66037033762,899432473,0,-303557012,595875461,66632909223,-17196678875,0,49436230348,-2224545172,51660775520,0,0,0,0,0,0,0,0,0,0,0,0,0,0,0,205743457643,29739604044,25038163416,73754772327,-8277500000,0,32649600,7924847522,128212536909,19981617716,-250778685717,0,0,-57065491875,-287862559876,46093434676,286103047725,201159228,332397641629,0.0,0.0,0.6699634432451466,0.38228783977322434,0.0,0.0,0.0,0.0,0.0,0.0,0.0,0.2740102813081485,0.3500106553233977,0.22376802488291372,0.0,0.0,0.0,0.0,63260082133,0.0347826087,0.0,0.0,0.0,-96.25846807780657,1.5539792805375907,2381422415000,41416042,8.5276683735,1.8859777496,2.5666781606,7.4394690172,1247.3614818142207,30488.1645680193,5.6634304029
VSC,2016,1,722741674579,477605889747,41461936009,109327025982,12773972193,81572850648,1674122030117,939139974384,108889668002,476071707034,2396863704696,800082793231,206179740072,593903053159,1596780911465,1596780911465,0,319319619468,289595050479,2396863704696,5855912140,12773972193,0,537563930272,414160420000,414160420000,593312493159,1411725782,6981900000,0,476071707034,310000000,0,291066000,-0.008287580984686956,224952658058,46670756734,-0.18680139049207056,5199664465,-13469223414,224952658058,0,224952658058,-149804470987,75148187071,-13520323968,0,-2598970198,-11010800393,53217756977,442558144,0,0,442558144,53660315121,-10867773297,0,42792541824,-3878214910,46670756734,51514033725,38830206999,0,-19818197,-4132379680,13469223414,99661266261,-27153612352,-2813554992,-148259607635,10822684695,-2310526889,-16671467243,60282794121,-20268467510,-46710491544,-67624113754,360000000,-87400000000,52984375196,0,0,5134504269,-96545234289,125000000000,165628155754,0,0,-2184000000,288444155754,145188429921,332397641629,19818197,477605889747,0.7475082384,0.5010598433,0.5881457923506653,0.4265243922981809,0.4592685955,1.3943337095,34.15519827729926,6.7532038083,68.0940781907,109.00248027629927,54.0484206256,0.2735616329731628,0.33406223211474295,0.20746923880297866,0.18660474,0.0,0.1319548685,350399622031.0,61538416480,0.0307692308,3.5053961865,2.3164540298,3.4434406704,-4.568816968024791,1.5010598432673818,2961214230000,45557142,11.1147593272,2.0594184885,3.1980528561,13.521092554,1024.4443502184574,31562.3076919325,8.1320476275
VSC,2016,2,574863419688,322055717611,21517513066,124569170543,13442549804,93278468664,1748311640112,1092392260988,112886879504,472282784835,2323175059800,894973252292,277614246730,617359005562,1428201807508,1428201807508,0,177669451988,160223924402,2323175059800,5869478209,13442549804,0,598595119872,455571420000,455571420000,616769245562,1484311167,36330160000,0,472282784835,310000000,0,291066000,0.23270821268666508,278166778457,77902936120,-0.006197896923613228,6346474022,-5589295429,278166778457,0,278166778457,-173637201647,104529576810,-5700500556,9204858574,-2813867984,-13589123168,97977417698,1629693547,0,-1571131585,58561962,98035979660,-12201169617,0,85834810043,7931873923,77902936120,100182261056,47183553056,35018500,62922646,-14921263095,5589295429,138131787592,-4828833603,-668577611,67096976004,-4168461919,-6972266094,-9847572563,-41563482855,7008932315,144188501266,-238355595684,0,55882486934,35541572477,-183600000000,128061716000,6500211004,-195969609269,-125000000000,63596768080,-714500000,0,-41491023750,-103608755670,-155389863673,477605889747,-160308463,322055717611,0.8891381066999999,0.626643411,0.7648724817776713,0.38149435758699296,0.4452884141,1.159548782,34.997513814157074,6.9210484993,64.8004277492,106.71899006265707,52.7376740729,0.3168120440077028,0.3757802329589065,0.2800583755980138,0.1824578698,0.0,0.1208508504,401478688278.0,88126585658,0.032,2.0707273725,1.1600835382,2.0223056867,-15.767029454330888,1.6266434110271821,2847321375000,45557142,10.7167333255,2.245560757,2.9100187775,8.9031122564,1710.004901536624,27832.6915921547,7.9166470245
VSC,2016,3,584642653923,328545943659,20524053856,120989252847,14118678815,100464724746,1798646410951,1166899156201,112886879504,466277923494,2383289064874,894837280819,282093485257,612743795562,1488451784055,1488451784055,0,235174465170,162968887767,2383289064874,9663279396,14118678815,0,598595119872,455571420000,455571420000,612654745562,1533729468,35405200000,0,466277923494,310000000,0,0,0.15899504400155215,283336799458,58030013182,-0.3502928678095043,2502133074,-14701605628,283336799458,0,283336799458,-183442129114,99894670344,-14708978404,0,-2596690424,-13176357162,71914777428,23088409,0,-67838197,-44749788,71870027640,-11095051093,0,60774976547,2744963365,58030013182,71870027640,37051691980,0,-17770591,-2484038597,14701605628,121121516060,4230214996,-676129011,58675277466,5419304049,-9638061829,-12201169617,0,-8100740675,158830211439,-93682390160,10000000,-8482486934,9475946144,0,0,2474038597,-90204892353,0,-60149840000,-2000000000,0,0,-62149840000,6475479086,322055717611,14746962,328545943659,0.8469973328,0.6011866091,0.7839683950137828,0.3975880398499601,0.4362760577,0.9788395908,34.83599299497787,6.9860846879,59.2896286924,101.11170637527788,52.2467184847,0.296896212983692,0.3525651116801287,0.20480930572028286,0.1576316056,0.0,0.1004635751,420112159064.0,84121622758,0.034904014,2.0725138455,1.1646704402,2.0224642004,-5.721934385029744,1.6011866090691822,2610424236600,45557142,11.1430645366,1.9694137464,2.5659718905,5.6496369483,1273.7851988608065,29094.9528020875,6.9741810021
VSC,2016,4,605005169022,331452487098,32327019444,130269427359,9263495588,101692739533,1792432728397,1215129401911,104799316472,461353222423,2397437897419,881947253829,296567008267,585380245562,1515490643590,1515490643590,0,258295915770,166886296702,2397437897419,6230265391,9263495588,0,598595119872,455571420000,455571420000,585340245562,1454857421,57689480000,0,461353222423,155000000,0,0,0.2808977097480093,295717715174,68678592599,0.3294146653375675,3407272071,-9751374952,295717715174,0,295717715174,-179459762240,116257952934,-9882848210,-3523563032,-3057951982,-15662889713,87537972068,-1258680844,0,1375062266,116381422,87654353490,-15058351955,0,72596001535,3917408936,68678592599,87654353490,44902789298,-4100693463,-222522326,463451830,9751374952,138448753781,-9077170299,4855183227,-26846385098,1974256973,-14822927727,-11421121765,-18719311266,-3235851115,61155426711,-60983547118,99806865,40000000000,-51802965588,0,160000000,7364304337,-65162401504,0,68915954035,-16835794035,0,-45510503650,6569656350,2562681557,328545943659,343861882,331452487098,0.8105427614,0.5819549316,0.8018059412313603,0.40481052920262955,0.4683265755,0.9955773534,32.84991823083764,5.1116733194,70.973165829,108.93475737923762,71.4051891018,0.32983181674323864,0.39313827670281415,0.23224375502356898,0.1705538078,0.0,0.1087460831,508767371869.0,97537111239,0.042662116,2.0400285674,1.1176310171,2.0087928085,-10.002395735895194,1.5819549315987738,2669648521200,45557142,10.6241010039,1.9795639302,2.4669310496,8.5152871126,1507.5263632428916,29602.4791653524,5.8597031266
VSC,2017,1,639129284776,246414251202,11341366107,272561564753,9216242836,99595859878,1755346023971,1184728601003,106801816472,459291361327,2394475308747,798593163709,214627418147,583965745562,1595882145038,1595882145038,0,301771655957,203802057963,2394475308747,123603153682,9216242836,0,598595119872,455571420000,455571420000,583925745562,3158704132,20928160000,0,459268361327,155000000,0,0,0.19829474448129839,269559587908,45370740187,-0.027855056098821045,1792145177,-14530909937,269559587908,0,269559587908,-184381047832,85178540076,-14538299208,0,-3107012714,-12379032776,56946340555,12957546,0,-389796,12567750,56958908305,-8672406857,0,48286501448,2915761261,45370740187,56958908305,46539699558,0,-62434466,-1721368463,14530909937,116245714871,-142292137394,47252752,-26357134326,2339785321,-13415470631,-15080034464,0,-13308528568,-91820552439,-9790280453,0,0,20985653337,-2002500000,0,1721368463,10914241347,34000000000,0,-38175820000,0,0,-4175820000,-85082131092,331452487098,43895196,246414251202,0.7449044121999999,0.5004086086,0.742365972754705,0.4262843181581773,0.4745151058,0.9673704613,37.47561379428227,5.82760559,36.1196644121,79.42288379638227,62.6329277715,0.25854207274491703,0.315991505763361,0.16831432537463634,0.1658800186,0.154256488,0.1052736792,515155548133.0,69692494586,0.0434782609,2.9778547881,1.1481023875,2.9349141288,-4.796154878679846,1.500408608613128,2619535665000,45557142,10.4788853159,1.8817420702,2.3247959822,9.6181427022,995.9083953730021,30556.791448309,5.7807303642
VSC,2017,2,574577303610,274189615497,68355135102,185447336255,9831130843,36754085913,1920417620285,1161354287250,106801816472,591442600676,2494994923895,899013914747,327819336449,571194578298,1595981009148,1595981009148,0,247430189197,210256034114,2494994923895,38483791724,9831130843,0,646581474591,455571420000,455571420000,571159578298,1848829432,59558000000,0,591419600676,155000000,0,0,0.21255976800673224,337293844353,63340640860,-0.18692870879177848,2788094211,-10757003573,337293844353,0,337293844353,-232927208901,104366635452,-10826741400,2641800000,-4049252331,-16109141701,78811394231,111791521,0,-787431553,-675640032,78135754199,-8341137188,0,69794617011,6453976151,63340640860,78135754199,47500374609,0,-41048592,-2014723142,10757003573,134337360647,87111485318,-614888007,73538280373,2886385088,-13146514072,-8650713349,0,-5243559000,270217836998,-216891397924,2863636364,-36028115658,-20985653337,0,0,2736092767,-268305437788,0,38948332736,-13084660000,0,-40411575,25823261161,27735660371,246414251202,39703924,274189615497,0.7530648233,0.5632986292,0.7276742521328486,0.426310726260964,0.4905413708,1.0032825667,37.3152812724257,4.9623761905,34.3605853732,76.6382428361257,73.5534723659,0.2496583997301492,0.30942348103683004,0.1877906813908821,0.1519866844,0.1506982004,0.0973796013,511554025448.0,84208241420,0.0478011472,1.7527254793,0.8364046443,1.7227360011,-7.828224732709216,1.5632986292405386,2382638526600,45557142,10.1207996768,1.7194166011,2.0091260311,5.9807747541,1390.3558932647707,30417.2938467914,5.3545986409
VSC,2017,3,654259944637,325174281251,69369268933,192435364748,12759465525,54521564180,1925006137289,1209088993377,109021816472,587459299780,2579266081926,912451234239,326840260956,585610973283,1666814847687,1666814847687,0,310821047330,217699014520,2579266081926,19463016659,12759465525,0,646581474591,455571420000,455571420000,585575973283,2062109699,34558000000,0,587406299780,155000000,0,0,0.24116350348317134,351667294681,63390858133,0.09238055718144916,1944521405,-12500184254,351667294681,0,351667294681,-238522545238,113144749443,-12505659457,0,-3715254586,-17662702896,81205653909,8116371791,0,-8147295181,-30923390,81174730519,-9059891980,0,72114838539,8723980406,63390858133,81174730519,50812263261,0,-31320345,-4586321405,12500184254,139869536284,-6965028493,-2928334682,14025541755,-989645109,-12681907140,-8341148187,0,-7419123463,114569890965,-61092173455,7988087284,-1014133831,0,-2220000000,0,4586321405,-51751898597,0,20130894985,-30714500000,0,-1281000000,-11864605015,50953387353,274189615497,31278401,325174281251,0.7233616548999999,0.54742207,0.7253889027055551,0.44523151853751713,0.5085004238,1.0517058505,39.41816151230284,4.4866639351,33.6977930568,77.60261850420284,81.3522040608,0.26094775757934024,0.32173804944140294,0.18025804245032884,0.1510978734,0.1500709749,0.097618723,532959765932.0,91766791961,0.0602409639,2.0017728009,0.9949027709,1.9627339583,-7.341235144724772,1.547422070006868,2079660616000,50112304,8.6371518889,1.3046723731,1.6581062629,5.8727135825,1264.9759255331785,31808.7520320524,4.4555339067
VSC,2017,4,492369580154,212263826089,49155299613,155425057342,13369558391,62155838719,1986632759358,1201903531492,112231665142,597590457409,2479002339512,769456660980,369161250744,400295410236,1709545678532,1709545678532,0,284888612943,240904659752,2479002339512,9394685544,13369558391,0,646581474591,501123040000,501123040000,400265410236,1633659247,119518000000,0,597590457409,155000000,53000000,53000000,0.16449560298535976,344361979045,65179327612,-0.05095132055823391,3936051720,-11840637489,344361979045,0,344361979045,-239288482992,105073496053,-12038540706,3209848670,-3990136236,-14730548696,81460170805,-6950648284,0,7708393499,757745215,82217916020,-8582943175,0,73634972845,8455645233,65179327612,82214916020,52016003952,0,-860964,-7979863231,11840637489,138090833266,73530829950,-192873138,-48073447266,-16214564675,-2326733207,-8772829539,0,-1840340229,134200875162,-96732186288,1917272729,20213969320,0,0,0,3799388390,-70801555849,14750000000,18363936953,-118714500000,0,-90738714800,-176339277847,-112939958534,325174281251,29503372,212263826089,0.5381832331,0.4500942389,0.7030543533204002,0.4566455713532152,0.5343581148,1.0780843637,33.64172157609274,4.6145049275,33.4437548648,71.69998136839274,79.0984094143,0.2507617459990138,0.3051251370560551,0.18927562152116276,0.1471478415,0.1489315062,0.0973163026,529457120691.0,86352811121,0.0609756098,1.3337520641,0.5749894542,1.2975360247,-7.292919084907558,1.4500942388627711,1643683571200,50112304,6.9272315381,1.1191867517,1.2615744792,3.8427211098,1300.6651542503414,29306.9945213455,3.6615680241
VSC,2018,1,523289582750,238737048891,4404993916,190829627535,17548763221,71769149187,1968721861855,1260990513635,112231665142,590585529073,2492011444605,708525433636,342862258932,365663174704,1783486010969,1783486010969,0,348637638769,251095966363,2492011444605,5583988397,17548763221,0,646581474591,501123040000,501123040000,365633174704,1564445806,111901000000,0,590585529073,155000000,53000000,53000000,0.35989541415648096,366572847438,63749025826,0.40506911642287685,1552652459,-10560579866,366572847438,0,366572847438,-257605561814,108967285624,-10571479495,0,-4402955750,-14231853978,81313648860,416467724,0,-8613,416459111,81730107971,-7789775534,0,73940332437,10191306611,63749025826,81730107971,54894685067,0,-55381842,-1874102710,10560579866,145255888352,-42502491421,-4179204830,-4537818949,3039300074,-11160750009,-8582943175,0,-12482338479,64849641563,-42538476878,376832093,0,44750305697,0,0,1497270617,4085931529,0,8082264468,-50331500000,0,-268496600,-42517732132,26417840960,212263826089,55381842,238737048891,0.4727636461,0.3972699698,0.7070369522830634,0.4763961552514673,0.5574346127,1.1585336352,38.195299000818764,5.0423091169,35.5137127304,78.75132084811877,72.3874700144,0.24642435065046195,0.29725956623786787,0.17390547682826438,0.1513714497,0.1559739814,0.1018030299,557883647287.0,90332475896,0.0563380282,1.5262385087,0.6963060024,1.4750553797,-8.553742033316487,1.3972699697549327,1778986792000,50112304,6.9584128094,1.1609229636,1.270799285,3.0470542281,1272.1232259845806,30579.1177473301,3.6168543882
VSC,2018,2,568201105990,251086942664,3856217217,216446552892,21132774429,75678618788,1939865655752,1229325100489,112231665142,586966611918,2508066761742,690664104149,280629145745,410034958404,1817402657593,1817402657593,0,282432151712,273064922102,2508066761742,7183488978,21132774429,0,724734652533,501123040000,501123040000,410004958404,1457279864,26517999780,0,586966611918,155000000,53000000,53000000,0.2734502606767767,429526934016,86788994885,0.37019445503917814,1898851449,-9046412910,429526934016,0,429526934016,-285431558542,144095375474,-9061209783,0,-8351124659,-16589241504,111992650977,730048127,0,-35372799,694675328,112687326305,-9661875681,0,103025450624,16236455739,86788994885,112687326305,56051966127,78343595,-114647521,-2368010621,9046412910,175381390795,-35545511221,-3584011208,24481064993,-851230604,-9372372535,-7788745661,0,-10370028626,132350555933,-38658125905,1627545087,45299082396,-44750305697,0,0,1675364658,-34806439461,6800000000,8390283480,-49401500000,0,-51097653700,-85308870220,12235246252,238737048891,114647521,251086942664,0.0,0.0,0.6764186765948388,0.4854558058185707,0.0,0.0,0.0,0.0,0.0,0.0,0.0,0.2774098662380074,0.33547459789479095,0.20205716571377358,0.0,0.0,0.0,0.0,119155009311,0.05,0.0,0.0,0.0,-13.17152008165411,1.3800281138928936,2004492160000,50112304,7.1817743572,1.2979623006,1.3433772052,4.4946696613,1731.8899343562412,30817.5360584299,3.6414926804
VSC,2018,3,562175898323,238259920395,3300000000,217463526428,21710838617,81441612883,1926019569576,1230072595600,112231665142,580568128311,2488195467899,637183940378,290860482194,346323458184,1851011527521,1851011527521,0,304557467088,284548476654,2488195467899,3407215462,21710838617,0,724734652533,501123040000,501123040000,346293458184,1522118416,9528000000,0,580568128311,155000000,53000000,53000000,0.273462741467712,447835197169,72237619376,0.13955894435817007,2666087769,-8237320957,447835197169,0,447835197169,-326533625028,121301572141,-8249679521,885100000,-7478065516,-16570813827,92554201046,1254215366,0,-658735124,595480242,93149681288,-9428507360,0,83721173928,11483554552,72237619376,93149681288,57394388091,0,-42883139,-4498347454,8237320957,154240159743,-3354584203,-578064188,14216347208,2937374842,-9502440730,-7844965674,0,-4685772321,145428054677,-32631510743,1199999998,-45299082396,45855299613,0,0,3338268043,-27537025485,0,0,-80701500000,0,-50059434600,-130760934600,-12869905408,251086942664,42883139,238259920395,0.3793141782,0.3442355333,0.6645407536966539,0.49443324456357474,0.6374046251,1.2906971315,38.27828022128288,6.070000921,35.7660464733,80.11432761558288,60.1317865925,0.21716178945465883,0.2708620780765124,0.16130402396384136,0.1608362181,0.1781253913,0.1155601459,613450032363.0,97252692798,0.04784689,1.9328026072,0.819155351,1.8581591271,-11.806349820004955,1.344235533330989,2094694307200,50112304,7.2743815602,1.3372127137,1.318830397,4.3929663419,1441.514630339088,31259.050688769,4.0701021924
VSC,2018,4,603188940958,279499935132,3300000000,201087531144,20523627223,98777847459,1885893768879,1189337344800,111969282420,576903947356,2489082709837,544513132816,271451674632,273061458184,1944569577021,1944569577021,0,382190432010,300473561232,2489082709837,5118028409,20523627223,0,724734652533,501123040000,501123040000,273031458184,1280768926,14088500000,0,576903947356,155000000,53000000,53000000,0.3082895147292872,450525166456,77632964922,0.19106728722539312,2533402095,-6864013205,450525166456,0,450525166456,-328901688326,121623478130,-7015525410,5969917278,-6402990806,-15795367132,100912914155,-322078370,0,7207749,-314870621,100598043534,-7039994034,0,93558049500,15925084578,77632964922,100598043534,55389315570,208551700,15398742,-6371940149,6864013205,156703382602,12285962404,1187211394,-9713514491,28713343008,-7721819784,-9037462600,0,-4285994837,168131107696,-63889050744,-2309063561,0,0,0,0,8008487308,-58189626997,0,0,-68701500000,0,-64943900,-68766443900,41175036799,238259920395,64977938,279499935132,0.2880593335,0.2800173052,0.6116198457768817,0.5194240181387543,0.682138139,1.4172224654,32.79497811029948,5.1611586554,30.2095435418,68.16568030749949,70.7205541172,0.22068716154996468,0.26995934341856176,0.17231660005297825,0.1644220743,0.1819990154,0.1209353713,633153158684.0,99425120192,0.0518806744,2.2220859082,1.0296489624,2.1464789802,-14.484983816694157,1.2800173052435446,1931829319200,50112304,6.4306723808,1.1750100363,1.1400854277,3.7822690507,1549.1797168615517,32808.2304056305,3.6862160468
VSC,2019,1,677462834184,302182182353,3300000000,232324032229,20673553009,118983066593,1836983110875,1153154851586,111969282420,568809580377,2514445945059,519300053227,294238595043,225061458184,1995145891832,1995145891832,0,422503956920,310736351133,2514445945059,7321759164,20673553009,0,724734652533,501123040000,501123040000,225031458184,1517711828,10387000000,0,568809580377,155000000,53000000,53000000,0.15528969414088412,423497832797,40313524910,-0.3676213183236103,2108786328,-5685511563,423497832797,0,423497832797,-323520918661,99976914136,-5925534506,0,-6387221925,-15623297332,74149646701,256548728,0,-13833290538,-13576741810,60572904891,-9996590080,0,50576314811,10262789901,40313524910,60572904891,53772839398,0,-77240361,-2256088682,5685511563,117697926809,-58414840912,-149925786,34722155358,12888591789,-6808709281,-10195058426,0,-4733173000,85006966551,-12956548373,224545455,0,0,0,0,2031543227,-10700459691,0,0,-51701500000,0,0,-51701500000,22605006860,279499935132,77240361,302182182353,0.230785086,0.2602817445,0.5779802150343704,0.5329337186772279,0.7005687022,1.4589131943,39.08614032836676,6.0651664338,32.6029781085,77.75428487066677,60.179717075,0.18410104808345623,0.23607420485649347,0.09519180923252549,0.14561955,0.1765468982,0.1107915585,616407726366.0,77966394879,0.0700525394,2.302426825,1.026997095,2.2321656378,-13.713171456089782,1.2602817444844416,1573755882900,55122798,5.6819808842,0.9343071533,0.8985778488,2.9642238185,731.3403232905557,30557.4027773227,2.9489061089
VSC,2019,2,679027979927,257366875118,3300000000,299434053404,25294888951,93632162454,1808531137215,1114896888498,114743626727,567259662407,2487559117142,552685165683,337623707499,215061458184,1934873951459,1934873951459,0,272961941371,309101026209,2487559117142,5911963772,25294888951,0,765535112633,551227980000,551227980000,215031458184,1886008248,6685500000,0,567031209366,155000000,53000000,53000000,0.10311978093171238,473819657356,43181840551,-0.5024502748508816,2926111098,-4946027184,473819657356,0,473819657356,-369508230132,104311427224,-5012960077,4638344307,-6854476444,-15577341500,84431104608,660664701,0,-23159848,637504853,85068609461,-30380546875,228453041,54916515627,11734675076,43181840551,85068609461,61671264108,0,-24962033,-7957922831,4946027184,143703015889,-50708982741,-4621335942,35554453448,1786496421,-5452612558,-30018801539,0,-17261696240,72980536738,-22186736661,595999997,0,0,0,0,4587578527,-17003158137,891000000,0,-13701500000,0,-88014397700,-100824897700,-44847519099,302182182353,32211864,257366875118,0.2257244799,0.2856440159,0.5762116377954787,0.5168341695433144,0.7197622557,1.532324295,41.79325262743737,5.968652169,34.3706504315,82.13255522793737,61.1528347888,0.1728075397650303,0.2201500625914863,0.09113560376950702,0.1208273383,0.1653182417,0.0935401648,584751624316.0,81879609280,0.0784313725,2.0111975695,0.7622891089,1.9362772117,-16.55462176691506,1.2856440158627622,1405631349000,55122798,6.0232923888,0.8645926668,0.7827859246,2.9808955324,783.3753386575188,29493.6575108179,2.871445565
VSC,2019,3,637585099218,276170447661,3300000000,231319278783,31558280030,95237092744,1773762343149,1094059958531,114743626727,564832304199,2411347442367,443282922837,282247464653,161035458184,1968064519530,1968064519530,0,292970234708,322283260943,2411347442367,5264405878,31558280030,0,765535152633,551227980000,551227980000,161005458184,1219295134,0,0,564603851158,155000000,53000000,53000000,0.022712913304492943,458006839177,65106571737,-0.09871653718103005,2115805626,-4224790236,458006839177,0,458006839177,-341272310522,116734528655,-4615927045,0,-13114221971,-17803019591,83317165674,2227521088,0,-15286,2227505802,85544671476,-7255865005,0,78288806471,13182234734,65106571737,85544671476,58091572333,0,38042008,-2949946730,4224790236,144949129323,42736182297,-6263391079,-16626869689,-721624372,-4766359850,-7241235466,0,-8645493500,143420337664,-21623195945,834683751,0,0,0,0,2331420912,-18457091282,0,0,-60711500000,0,-45402882000,-106114382000,18848864382,257366875118,-45291839,276170447661,0.163618069,0.2252380033,0.555906550661396,0.5256998735199022,0.7294567272,1.5870545653,41.828045679097826,6.563287637,32.9105026961,81.30183601219782,55.612372973,0.1873711913280738,0.2548750775529077,0.142151964049251,0.1153869105,0.1620841095,0.0913855621,574013402853.0,85817287093,0.0757575758,2.2589577554,0.9784691884,2.1471470787,-20.312792422624792,1.225238003346995,1455241867200,55122798,6.4324374956,0.8842255674,0.8058489207,3.0992995818,1181.1187766085459,29856.634973192,2.8960301805
VSC,2019,4,635586906677,296857516444,3300000000,211129622961,26441771941,97857995331,1757658014274,1082397987485,117479997889,557347417613,2393244920951,323166768966,259079310782,64087458184,2070078151985,2070078151985,0,378345954664,338921173442,2393244920951,5165933846,26441771941,0,765535152633,551227980000,551227980000,64057458184,1663733749,11948000000,0,557118964572,155000000,353000000,353000000,-0.029074672631588243,437426294729,85375719956,0.09973540288947307,2307780572,-552164588,437426294729,0,437426294729,-321552914131,115873380598,-739762576,7146471162,-4617943898,-16607592504,103362333354,8228846437,0,-604300592,7624545845,110986879199,-8973246744,0,102013632455,16637912499,85375719956,110986879199,58837437815,165574441,35149932,-9806470993,552164588,160770734982,-4558158245,6098508089,-4411543471,1029012750,-2240313826,-9723705461,0,-2559936100,144404598718,-45591510334,583977277,0,0,0,0,6322736739,-38684796318,0,0,-85000000000,0,0,-85000000000,20719802400,276170447661,-32733617,296857516444,0.0676606901,0.1561133181,0.522877837460913,0.5529492615083135,0.7343835808,1.5783094083,36.001097153852825,6.3216120516,24.7495136594,67.07222286485282,57.7384371295,0.21637438200791623,0.26489806853012204,0.19517738413254984,0.1165619865,0.1585731021,0.0958467661,572389062654.0,94647844196,0.0,2.4532522676,1.1458171459,2.351191737,-171.41237640542062,1.1561133180677816,1270580493900,55122798,5.4303496725,0.7339487462,0.7087324232,2.8497488343,1548.8277637140263,31405.4627369061,2.5816334759
VSC,2020,1,694418832744,286238106150,22506264383,258375772602,25045146802,102253542807,1705790441242,1029230110979,117479997889,544710368466,2400209273986,258448674708,226754962086,31693712622,2141760599278,2141760599278,0,435515887335,353433688064,2400209273986,14574487506,25045146802,0,765535152633,551227980000,551227980000,31663712622,2489429291,0,0,544481915425,155000000,323000000,323000000,-0.03527962214664216,408556989276,57169932671,0.41813281767426574,2164357207,-1074608310,408556989276,0,408556989276,-306866936110,101690053166,-1132801092,0,-7133110548,-14284268578,81304230155,36777264,0,-77923850,-41146586,81263083569,-9580636276,0,71682447293,14512514622,57169932671,81263083569,53624843954,0,-218990288,-1945366919,1074608310,133798178626,-61533805698,1396625139,1341505387,6443453628,-2221554743,-6755406288,0,-7280433538,65188562513,-14424320069,0,-19206264383,0,0,0,1945366919,-31685217533,0,0,-44341745562,0,0,-44341745562,-10838400582,296857516444,218990288,286238106150,0.029567929,0.1206711314,0.48055329401706215,0.5720967300499071,0.7336952578,1.645897306,43.498793104081,7.3820416063,31.1440604708,82.024895181181,49.4443162832,0.1964785235524925,0.24890053489527614,0.13993135393990028,0.1236431059,0.1576394507,0.1035182537,574842532819.0,80272674040,0.0647249191,3.0624195667,1.2623234505,2.9519692967,-74.69947262924107,1.1206711314024194,1703294458200,55122798,6.7905228852,0.9524513933,0.9580858857,3.9983997796,1037.1377133468443,32442.6004502529,3.1350389887
VSC,2020,2,805956898269,377261271286,69400000000,215618760067,25351392869,118325474047,1671043891039,1016895820588,117479997889,535185620355,2477000789308,291158448220,259464735598,31693712622,2185842341088,2185842341088,0,448112917916,364337351829,2477000789308,10257063920,25351392869,0,786116200097,551227980000,551227980000,31663712622,2278060040,0,0,534957167314,155000000,1479000000,1479000000,-0.1710502119757056,392772704527,56084115191,0.2987893631991379,3598848776,-639136942,392772704527,0,392772704527,-297909193211,94863511316,-1113910588,1998000000,-12187399650,-13161924615,73997125239,139782149,0,-321539659,-181757510,73815367729,-4366800919,0,69448566810,13364451619,56084115191,73815367729,63806496232,-292338825,203149577,-5317731002,639136942,132854080653,28351841717,-306246067,18892745117,-13386849881,-401448530,-724519451,0,-12782496324,152497107234,-19008226773,166408482,-46893735617,0,0,0,4454875534,-61280678374,0,0,0,0,0,0,91216428860,286238106150,-193263724,377261271286,0.0289716344,0.1332019436,0.4652191978685167,0.5838716316672525,0.7010111353,1.6073218455,41.47152966124697,7.8030754356,28.4643299995,77.73893509634696,46.7764284752,0.17698324310675578,0.24152266749350676,0.1427902564118853,0.1261029688,0.148929466,0.1089616697,564612342714.0,69514187051,0.0465116279,3.1062290465,1.4539982492,3.0085225401,-108.76258667426549,1.1332019435926364,2370280314000,55122798,8.9873102736,1.3012757736,1.3969426223,4.6888834483,1017.4395572409078,33044.4943897623,4.2312573184
VSC,2020,3,856308646073,407650658908,69400000000,246849946656,25719938117,106688102392,1611572336682,965396175175,117479997889,526985914141,2467880982755,292015294398,291985294398,30000000,2175865688357,2175865688357,0,423538772662,378934844352,2467880982755,13577164282,25719938117,0,786116200097,551227980000,551227980000,0,2020598362,0,0,526757461100,155000000,1479000000,1479000000,-0.06341186000014315,428963773612,64436576060,-0.010290753438938056,3355937580,-88941975,428963773612,0,428963773612,-319184396028,109779377584,-235373740,0,-12231784988,-16980806030,83687350406,2798527227,0,-369078249,2429448978,86116799384,-7838583909,0,78278215475,13841639415,64436576060,86116799384,40534316294,0,141248323,-3355359698,88941975,123525946278,-30223719858,-368545248,20577224019,18679138820,0,-6610527540,0,-9107303300,116472213171,9646345849,1091186000,0,0,0,0,2726968465,13464500314,0,0,-11948000000,0,-87458077540,-99406077540,30530635945,377261271286,-141248323,407650658908,0.0,0.1342064889,0.44368371648158683,0.581206716453959,0.6850122106,1.6294600029,42.53014832972965,7.5137208408,28.8943959737,78.93826514422965,48.5777962386,0.18781722728612762,0.2559175956972442,0.15021449367956005,0.1227339633,0.1493665228,0.10805392,541804586148.0,80566786566,0.033557047,2.9327115526,1.396134212,2.8446251366,-905.8353670019134,1.1342064889209689,3285318760800,55122798,12.4885559755,1.8282944899,1.9699465314,6.8649735131,1168.9641744963671,32598.6870986665,6.010659617
VSC,2020,4,895757954126,493382114203,7500000000,268111036427,24491086794,102273716702,1562386527842,921585734495,117641247889,521684795458,2458144481968,287446269234,287416269234,30000000,2170698212734,2170698212734,0,412834441015,373966337317,2458144481968,41665304537,24491086794,0,796621563156,551227980000,551227980000,0,1940835088,0,0,521358947599,155000000,1474750000,1474750000,0.04834025323992059,458571592590,63662574286,-0.25432459815495884,2940866518,-43379185,458571592590,0,458571592590,-324216719101,134354873489,-519994313,161250000,-15696317595,-29030871209,92209806890,2658569622,0,-331738888,2326830734,94536637624,-17136326591,-37454709,77362856324,13700282038,63662574286,94690502677,75265736608,-298895200,-118413572,505680672,-1461655456,168582955729,2537742395,1228851323,1559339274,1451092954,1324714331,-16917846492,0,-5124702314,154642147200,-34228455532,-1444868028,66100000000,0,0,0,3021140969,33447817409,0,0,-19715712622,0,-82756677060,-102472389682,85617574927,407650658908,113880368,493382114203,0.0,0.1324211111,0.42455728257787634,0.5798264053643221,0.6962397448,1.6855077628,40.01491358504284,7.498851616,28.2294559427,75.74322114374284,48.6741195442,0.19544970977985193,0.29298560063471724,0.1388279939593194,0.1130483812,0.1474060031,0.0988197119,553205340483.0,89627684685,0.0416666667,3.1165875074,1.7166116432,3.0313763019,-2066.1449652638703,1.1324211111188784,2645894304000,55122798,11.0380604599,1.4726149963,1.5666700476,4.9977041157,1154.922765096213,32595.0775469888,4.7309349674
VSC,2021,1,943338885848,553500233366,22500000000,235245786875,25433803234,106659062373,1577904774959,943710313948,117641247889,515078463122,2521243660807,276143720206,276113720206,30000000,2245099940601,2245099940601,0,508880267442,352322238757,2521243660807,8884305117,25433803234,0,796621563156,551227980000,551227980000,0,4344070635,0,0,514715160554,155000000,1474750000,1474750000,0.0656132058235106,435363723104,63454076571,0.1099204355576877,2584894625,-159205941,435363723104,0,435363723104,-316583790490,118779932614,-249577672,0,-15631864303,-17095836248,88387549016,1332349465,0,-912550060,419799405,88807348421,-11955801717,0,76851546704,13397470133,63454076571,88807348421,59431471468,0,8723664,-2584894625,90420832,145753069760,27805704135,-942716440,15596437667,-634202780,0,-18355123912,0,-22890085332,146333083098,-73853384551,0,0,-15000000000,0,0,2647144280,-86206240271,0,0,0,0,0,0,60126842827,493382114203,-8723664,553500233366,0.0,0.12299840897321701,0.4203422292619073,0.5997002349777357,0.691505491733551,1.7836335897445679,41.17641413723024,7.326455593109131,30.877918243408203,79.38078797374757,49.81945037841797,0.19765595408243003,0.27282919157144786,0.14574957260699933,0.11285088956356049,0.14509861171245575,0.09981080144643784,564798881792.0,86052232063,0.0,3.4164867401123047,2.0046095848083496,3.324373245239258,-540.5089252479592,1.1229984087621854,3202634563800,55122798,12.9327610147,1.6920288952,1.8666941867,5.6192037626,1151.1403425312337,34337.4750651083,5.314203889
VSC,2021,2,996102782924,537418085454,61500000000,245451745380,31349172022,120383780068,1530208340688,891852183121,120119705367,508878633109,2526311123612,266575691747,265333233247,1242458500,2259735431865,2259735431865,0,480071547058,366299562443,2526311123612,4322746132,31349172022,0,826088451118,551227980000,551227980000,0,4912543976,0,0,508617544694,155000000,1541000000,1541000000,0.2134559984278049,476612394327,86014398031,0.5336677370779491,3332378811,159205941,476612394327,0,476612394327,-323747433275,152864961052,-429315721,2478457478,-18253599654,-18265888576,121726993390,406020567,0,-2572682497,-2166661930,119560331460,-15709855589,-64759444,103785716427,17771318396,86014398031,119560331460,36264893203,1212458500,449102927,-6282448265,-90420832,151113916993,-12283415040,-5915368788,-38328488791,2365607118,0,-6594917743,0,-4584808747,85772525002,73752163,0,-92000000000,53000000000,0,0,3712428286,-35213819551,0,0,-66188399000,0,0,-66188399000,-15629693549,553500233366,-452454363,537418085454,0.0,0.1179676559,0.39467106217161824,0.6036095966018271,0.7217113368,1.9336360156,41.319532691178104,7.6053256738,29.3364309994,78.26128936437811,47.992685081,0.2441092053140697,0.3207322404358636,0.18047033408028873,0.1254344613,0.1648830969,0.1113211577,584088593709.0,116345472822,0.0,3.7541576332,2.0254458097,3.6360074428,730.786000140535,1.1179676558538494,3362490678000,55122798,12.1141313892,1.7758672117,1.8685574994,6.6819500192,1560.4142233672535,34349.4150899597,5.4638494731
VSC,2021,3,947191269322,518534599625,46500000000,245946098619,24327830215,111882740863,1702046919788,855139812472,338171225367,506681781949,2649238189110,278796871343,277554412843,1242458500,2370441317767,2370441317767,0,588415351351,368661644052,2649238189110,2714231626,24327830215,0,826088451118,551227980000,551227980000,0,4066372220,0,0,506420693534,155000000,2017100000,2017100000,0.10412536181295495,473629781744,108895178360,0.6899591042609473,3529526132,0,473629781744,0,473629781744,-307114046566,166515735178,-277483000,0,-13114977029,-17581251591,139071549690,10285197798,0,-25000000,10260197798,149331747488,-22576267918,0,126755479570,17860301210,108895178360,149331747488,64400810642,0,-430798532,6388885412,0,219690645010,-2490305568,7021341807,16747241711,-4353492275,0,-14105949127,0,-12918669266,209590812292,-8180344113,0,53000000000,-38000000000,-218051520000,0,3087227002,-208144637111,0,0,66188399000,0,-86952209978,-20763810978,-19317635797,537418085454,434149968,518534599625,0.0,0.1176139098,0.3607513107633298,0.6331808172803487,0.7264160906,2.0421156555,41.35501172272083,7.5776210575,27.6080591694,76.54069194962082,48.1681516176,0.28676301996442305,0.3515736163483124,0.22991623955534654,0.1423953662,0.1804916633,0.1268451839,663207808049.0,135819506558,0.0,3.4126327145,1.8682268256,3.3249820446,0.0,1.1176139098037794,4150746689400,110245596,7.7157786461,1.6258261832,2.2507305874,4.1665644698,987.7508246225092,23157.4570444973,6.0326095159
VSC,2021,4,1442493727604,1013594183927,98700000000,232334387079,21111762403,76753394195,1823926713558,810879610860,506403106257,502000462441,3266420441162,270292573599,269050115099,1242458500,2996127867563,2996127867563,0,660059436905,373650548295,3266420441162,2890481699,21111762403,0,826088451117,1100281540000,1100281540000,0,2342686865,0,0,501802196160,155000000,2333534000,2333534000,0.10457160971563792,506525162197,91579991492,0.4385216513643135,3568526397,0,506525162197,0,506525162197,-342296919042,164228243155,-1021583318,1962804890,-1234652954,-28261331798,139242006372,1352525819,0,-15602611450,-14250085631,124991920741,-18520347760,-62822134,106408750847,14828759355,91579991492,124991861740,33060354346,30000000,-339623722,-3910427934,0,153832164430,50759524269,3216067812,6435307186,18982413859,0,-29470126614,0,-9681658253,194073692689,-2801429523,0,-405000006301,352800006301,-170710338368,0,5084912998,-220626854893,549053560000,0,0,0,-27571151424,521482408576,494929246372,518534599625,130337930,1013594183927,0.0,0.0902139647,0.2706425248531051,0.8003111815681071,0.6610567013,2.1843219057,39.034399923785884,6.4528554986,26.231940008,71.71919543038588,56.5641056243,0.26599321901129824,0.3242252417287172,0.18080047809427938,0.1354582884,0.1578535469,0.1222607179,673383768112.0,134732258403,0.0411099692,5.3614313715,3.7673062639,5.2829636021,0.0,1.0902139646726263,5363448245400,110245596,8.7914845742,2.0451838443,2.8346072437,4.7721817823,830.6907016222217,23787.5925607768,7.7423536722
VSC,2022,1,1560536143749,1061914956701,155700000000,245554657414,24668971767,72697557867,1774375987163,763338516090,506403106257,502023330816,3334912130912,227630558491,226388099991,1242458500,3107281572421,3107281572421,0,755295413861,373928621182,3334912130912,7640248193,24668971767,0,836198056132,1102455960000,1102455960000,0,2373634322,0,0,501825064535,155000000,2433534000,2433534000,0.07790110948885441,469279040165,90143518893,0.42061036523219536,8025975338,0,469279040165,0,469279040165,-307013131022,162265909143,-83737472,0,-18963163340,-22127100618,129117883051,983323376,0,-681137279,302186097,129420069148,-19897278164,0,109522790984,19379272091,90143518893,129420069148,62198058354,0,82695602,-8025975338,0,183674847766,-14706928453,-3557209364,-40677494209,-11336707269,0,-19671002283,0,-2210796780,91514709408,133309286,0,0,-57000000000,0,0,8319399682,-48547291032,5436050000,0,0,0,0,5436050000,48403468376,1013594183927,-82695602,1061914956701,0.0,0.0732571391,0.24566119879997042,0.8300020214797346,0.6541787197,2.3196922897,40.55876788387905,7.2318577869,24.2626685814,72.05329425217906,50.4711252287,0.25821661487884534,0.34577702231479757,0.1920893779132033,0.14035685,0.1635104097,0.1279228544,703996999513.0,121175645185,0.0522193211,6.8931898091,4.690683639,6.7842221921,0.0,1.0732571391377461,4644617905100,121269397,8.9530943303,1.6992382572,2.4114777074,5.8043230189,743.3327873560713,22539.5113594817,5.6202392515
VSC,2022,2,1228245507797,582677585670,255018900000,279353197185,26331301848,84864523094,2305283942076,867073762112,497258650541,938131878223,3533529449873,364676418411,332498167188,32178251223,3168853031462,3168853031462,0,766007845557,385661143888,3533529449873,10969426754,26331301848,0,875324560771,1102455960000,1102455960000,0,1742686018,2100000000,4394353039,933589335823,155000000,2690284000,2690284000,0.07338299306166125,511587638353,93660999413,0.08889908616513399,7546426581,0,511587638353,0,511587638353,-333865018594,177722619759,-493235227,-9144455716,-14223580346,-21271733082,140136041969,-77243134,0,-735874460,-813117594,139322924375,-25988274540,-50076920,113284572915,19623573502,93660999413,139322924375,37398216440,-207396869,341091774,2251858304,0,179106694024,-13624044186,-1662330081,13142798756,3799387856,0,-20408307927,0,-17399993308,142954205134,-70830661907,29900000,-252500000000,153500000000,-430927150154,0,5320709844,-595407202217,0,0,0,0,-26911250000,-26911250000,-479364247083,1061914956701,126876052,582677585670,0.0006627003,0.1150815184,0.27362384859860855,0.8464486917535422,0.6135814301,2.37956894,40.77231267295346,6.820283679,23.7276855387,71.32028189065346,53.5168355421,0.27801161652162887,0.3473942809313344,0.18307909025036503,0.1320242085,0.1683893489,0.1202367572,731012156259.0,142227306331,0.0571428571,3.6939918141,1.7524234512,3.6147994923,0.0,1.1150815183886111,4244428895000,121269397,9.287960643,1.525022013,2.164396785,5.5931479379,772.3382958109373,22950.4883872227,5.5395965971
VSC,2022,3,1323552873062,460191086085,284036439500,462878924955,26697323555,89749098967,2253589720911,813097436534,497258650541,929436019764,3577142593973,307772780120,275752288728,32020491392,3269369813853,3269369813853,0,756073222872,385874538964,3577142593973,67017283749,26697323555,0,875324560771,1212693970000,1212693970000,0,34942741987,0,4284494213,925003336190,155000000,2376850000,2258521479,0.0711416736653023,507324597115,80469241395,-0.26103944539239193,7244869703,0,507324597115,0,507324597115,-341863055799,165461541316,-18158102,4161200000,-25999157553,-28949199945,121901095419,6704856036,0,-8891032550,-2186176514,119714918905,-19339210206,157759831,100533468530,20064227135,80469241395,119714918905,106841295055,-118328521,-405629274,-21327648801,0,204704607364,-195890604111,-366021707,22428401213,-499370545256,0,-14287800981,0,-7985015151,-490766978629,-11409725393,-29900000,36178130739,-96500000000,430927150154,0,9177162096,368342817596,110238010000,0,0,0,-110238010000,0,-122424161033,582677585670,-62338552,460191086085,0.0,0.0941382583,0.2487015794569146,0.8732982483941931,0.58188908,2.4517244106,37.61770825608792,6.8045997278,21.0849902002,65.50729818408793,53.6401867266,0.21783525665117504,0.3261453165427603,0.15861490227874617,0.1134951952,0.1555799505,0.1038079438,748146317932.0,110513183818,0.065681445,4.7997892571,1.6688568142,4.7029729308,0.0,1.094138258332203,3692653138650,121269397,9.9314090322,1.2806170243,1.8512170796,-56.7965425658,663.5576937436243,23777.600501213,4.8364023251
VSC,2022,4,1305795538303,360383344706,239367439500,560177830176,28028085828,117838838093,3061014785790,814375685400,486680522471,920835548367,4366810324093,1165609976787,433716636921,731893339866,3201200347306,3201200347306,0,664028970953,408148189660,4366810324093,8315243630,28028085828,0,875542995447,1212693970000,1212693970000,700000000000,1742927438,208400000000,0,916126213608,155000000,827194723552,827194723552,0.02637071310547248,519882591930,53439560967,-0.41647121716900104,11783602740,-1104887671,519882591930,0,519882591930,-367471564707,152411027223,-4424689078,-10578128070,-20008077367,-33073522920,96110212528,-6844150708,0,2451297814,-4392852894,91717359634,-18743790725,245027266,73218596175,19779035208,53439560967,88454817604,-8543775049,186499641,-18158102,7914263812,0,87993647906,-900045982170,-1758962273,-84663995987,507107161150,0,-30436563896,0,-2504082661,-424308777931,-44070387252,2947231167,216321869261,-140348539500,-458455626604,0,-22817271622,-446422724550,-110238010000,908400000000,0,0,-27256387000,770905603000,-99825899481,460191086085,18158102,360383344706,0.5024365318,0.3641165345,0.25439697521129706,0.8550891502746684,0.5259627428,2.4702549801,36.308028454768575,6.6495374173,21.1543876872,64.11195355926858,54.8910363373,0.19106126744358135,0.29316432130799547,0.10279159524963553,0.1014287391,0.1153747762,0.0823487729,675670742306.0,99329426936,0.0353982301,3.0107112044,0.8309188858,2.9460881684,-89.90002291011174,1.3641165345267845,3425860465250,121269397,10.8806472689,1.2265651595,1.7066178842,7.2423244064,440.66815114946104,23031.7971948521,4.9603212161
VSC,2023,1,1409037526271,562194548070,111367439500,599456379288,28701553073,107317606340,3011529531878,780758039959,486680522471,916050064331,4420567058149,1379185537730,647292197864,731893339866,3041381520419,3041381520419,0,504176132958,408182200768,4420567058149,7495345183,28701553073,0,875542995447,1212693970000,1212693970000,700000000000,1982355184,208400000000,0,911340729572,155000000,827174723552,827174723552,-0.004837408306584133,467008945838,28886121230,-0.6795540979015062,8129604614,-27772477419,467008945838,-3734788790,463274157048,-326632891173,136641265875,-28389251753,0,-25883753552,-30490256655,60007608529,1879368891,0,-6387170401,-4507801510,55499807019,-12668633906,0,42831173113,13945051883,28886121230,55499807019,57619456072,0,614918093,-8129604614,0,105604576570,-36699587165,-673467245,11850000022,4608643678,0,-5868761205,0,-6724311780,72097092875,-7348710651,0,0,128000000000,0,0,9677739233,130329028582,0,0,0,0,0,0,202426121457,360383344706,-614918093,562194548070,0.528838618,0.4534733734,0.2567116406531719,0.8123991183946875,0.5037269493,2.4450474455,35.04961318055735,7.3114350816,19.0429924286,61.404040690757355,49.9218000197,0.17326080992616966,0.2949468771271059,0.062352110063862466,0.0924753778,0.1094585031,0.0645251291,625652365271.0,80267255668,0.027027027,2.1768183379,0.8685328665,2.1324773846,-2.8901726863260215,1.4534733733569851,4486967689000,121269397,17.4960579441,1.7039984993,2.2411653763,-6.4097298804,238.1979456037041,21713.6341467172,8.3774243216
VSC,2023,2,1155329892754,330747178714,264148000000,434425753404,27459665954,98549294682,3985431564604,732300175276,1526356840010,903515928460,5140761457358,1966782891318,475126201901,1491656689417,3173978566040,3173978566040,1382700000,666505196883,367366934135,5140761457358,6851897276,27459665954,0,886626243776,1212693970000,1212693970000,1447550670512,2719770338,239548808622,4062067714,898946929099,155000000,822174723552,822174723552,0.037687986785748216,530868346507,19944988667,-0.7870512935800291,6076702865,-43673350960,530868346507,3734788790,534603135297,-385821795137,148781340160,-44512725564,-8991682461,-17495878423,-33327618951,50530137626,307113269,0,-1276056439,-968943170,49561194456,-15474642336,193129139,34279681259,14334692592,19944988667,49561194456,41733415331,465499890,-1533736431,4181544655,71445828379,165853746280,27919703056,1241887119,14009508672,21674318833,-3808692735,-19440589129,0,-11185880085,196264002011,880370618,153963637,-226117000000,73336439500,-938000000000,0,5079265874,-1084666960371,0,886600000000,-161871479770,0,-68980000000,655748520230,-232654438130,562194548070,1207068774,330747178714,0.9876091109,0.6196585296,0.23071994975367807,0.8478177997541376,0.4627368007,2.5792889979,32.96644530448925,7.1166696738,18.9265014432,59.00961642148924,51.2880345341,0.18323469564311345,0.2783024085284202,0.037308027862424556,0.0657553152,0.0798316146,0.0417565208,585718100617.0,97957842786,0.0361663653,2.4316274037,0.6961248977,2.3738329359,-2.242966033811297,1.6196585296326835,3688389501300,133395642,20.1838200298,1.3141787982,1.8213509289,-5.7032718135,149.517543211794,21039.7550461581,9.2401254633
VSC,2023,3,1241097341198,308834851881,413826714686,431391845888,28366508942,58677419801,3930173319441,683007823539,1526356840010,896244794678,5171270660639,1948539831944,460534404243,1488005427701,3222730828695,3222730828695,0,593949093269,367405385094,5171270660639,12131486755,28366508942,0,886626243776,1333956420000,1333956420000,1418498038933,3624574418,154772733547,0,891675795317,155000000,822214723552,822214723552,0.0983223080600859,557205922439,32531837586,-0.5957233220789206,8935843087,-57392118296,557205922439,0,557205922439,-378463284197,178742638242,-57078000373,0,-34907391988,-31971593735,63721495233,3117596581,0,-285992939,2831603642,66553098875,-16399201210,0,50153897665,17622060079,32531837586,66553098875,75140648201,104103131,645042714,27090210525,-140441656758,29091446688,5399467693,-906842988,-62277151466,-1536940593,4215303694,-14088071907,0,4388369036,-35714419843,33360257098,-153963637,51657724814,-201336439500,-117000000000,0,64579145946,-168893275279,121262450000,2699813576,-9928520230,0,68980000000,183013743346,-21593951776,330747178714,-318375057,308834851881,0.9283334446,0.6046238223,0.21193449277784535,0.8608402683049466,0.4345612479,2.7570250439,34.938746751758075,7.0425066561,21.9212975386,63.90255094645808,51.8281370288,0.2007581901307703,0.32078380908014814,0.05838386900771216,0.0486292266,0.0811964237,0.0282317646,555367922464.0,111863652519,0.0341296928,2.6949068946,0.6706010431,2.6333121284,-1.9491117568106289,1.6046238223168747,3908492310600,133395642,28.9942105347,1.3688430226,1.883641792,-20.3926193635,243.874815535578,21404.9379784161,9.975969789
VSC,2023,4,1338882873206,370506274358,425016299943,459992517275,29065056002,54302725628,3847670516991,643931552904,1470217463204,906317569331,5186553390197,1889730309747,399977122005,1489753187742,3296823080450,3296823080450,0,622551179705,412903015723,5186553390197,13578690375,29065056002,0,886626243776,1333956420000,1333956420000,1446054810383,2967706530,118929027432,4569367676,901301389723,155000000,827203931552,827203931552,0.20385295954335342,625862196910,44776595236,-0.16210772645287178,7982664244,-44058909232,625862196910,0,625862196910,-435588071889,190274125021,-45089653455,-8968293202,-15779443843,-34643594112,93775804653,2658919117,0,-402053579,2256865538,96032670191,-21921796292,162583046,74273456945,29496861709,44776595236,96032670191,18874005841,2628687045,-141382227,-32958980307,239442684286,323877684829,-44323685765,-698547060,114834801238,17116829057,-406610959,-23017008789,0,-12777770915,374605691636,-44197195902,464804091,-426726024757,415536439500,191282493805,0,-50065953882,86294562855,-121262450000,-34050718710,-173667950331,0,-70389095200,-399370214241,61530040250,308834851881,141382227,370506274358,0.9162273068,0.5757262501,0.19531880758857906,0.8806314321564804,0.4563728002,2.9910643716,32.94962544500231,6.8257170916,22.1932699353,61.968612471902304,53.4742350295,0.2234534818630543,0.3040192009685508,0.07154385655032452,0.0435718803,0.0879085642,0.0258687533,620857363484.0,139851087066,0.0452488688,3.3388187774,0.9189791774,3.2667277411,-3.174184052755126,1.5731973671723571,5896087376400,266791284,29.4657195229,1.3987149269,2.7034548159,5.6700587858,167.83380088234068,15800.2174526249,12.1250533937
VSC,2024,1,1534930595272,556699581545,469863293757,421918186662,28577744733,57871788575,3799142528779,609254335072,1470217463204,893665706951,5334073124051,1997273194365,437710110495,1559563083870,3336799929686,3336799929686,1382700000,637250564022,438059301986,5334073124051,25025462752,28577744733,0,886747422432,1333956420000,1333956420000,1464362405915,3759055671,203164088412,4569367676,888649527343,155000000,826005023552,826005023552,0.2556875781998861,586417332197,44803409352,0.5510358415815594,6453702851,-57616803827,586417332197,0,586417332197,-382621964939,203795367258,-57276271983,-2243163290,-24827756215,-35324119870,90577758751,1211615417,0,-1864713339,-653097922,89924660829,-19964965214,0,69959695615,25156286263,44803409352,89924660829,38247167495,236657042,356746528,0,57616803827,186382035721,-12791189506,487311269,-32608450547,9720917935,-229401125,-12814036598,0,-2965637548,135181549601,-3569949663,0,-170614714686,86000000000,0,0,6453702851,-81730961498,0,173923310487,-40823844875,0,0,133099465612,186550053715,370506274358,-356746528,556699581545,0.9385905557,0.5985594691,0.18258641450203222,0.8913098547277629,0.4423993361,3.4537663335,33.49639295871863,6.5428600193,23.0712055081,63.11045848611863,55.7860016753,0.24495096458838064,0.34752616621081955,0.0764019187225333,0.049650266,0.0985779167,0.0272757949,667311310412.0,143643491173,0.0,3.5067286738,1.7640928814,3.4414394697,-2.4930832957049027,1.5985594690877818,5762691734400,266791284,24.9509305578,1.3614703981,2.5010721234,5.287565889,167.9343068493947,15865.1998829917,10.9567721018
VSC,2024,2,3551337411765,655668705735,51883578552,2744767483791,28467820753,70549822934,2937294453880,574613599224,1453664948858,891076599525,6488631865645,1833152342881,351397641481,1481754701400,4655479522764,4655479522764,1382700000,696259469616,357876854222,6488631865645,22298904863,28467820753,0,892644137680,2667912840000,2667912840000,1446673844508,4760128612,6150337004,4304620534,879814178207,155000000,11894223552,11894223552,0.3516258567688752,717535383679,67999263530,2.4093407955908366,22808968087,-38634801259,717535383679,0,717535383679,-496377015227,221158368452,-39822902468,-7809399267,-36597431212,-41363620898,118373982694,843126716,0,-6170150153,-5327023437,113046959257,-21718888953,215267614,91543337918,23544074388,67999263530,113046959257,35459655848,31826592958,-2673424273,-13495783340,38634801259,202798801709,-85953372990,109923980,32842077703,-2517355628,-95141826676,-29149694271,0,-17883203869,-24578228594,-7943081715,0,125614714686,361816299943,-1581000000000,216207541998,13417130901,-871887394187,1333956420000,54130467184,-291176998332,-493470954,-103655095200,992761322698,96295699917,556699581545,2673424273,655668705735,0.6228140435,0.393762304,0.1234273712115582,1.2435491682335686,0.4485052328,3.9621054544,34.79795756795776,6.1699513169,23.9183050355,64.88621392035776,59.157679089,0.19956829948620544,0.3082194599492231,0.09476781922774204,0.0587869972,0.0881677751,0.034284323,706277024485.0,143197316342,0.0,10.1063211375,1.9503610821,10.0253080134,-3.706433362553977,1.3937623039511602,5018944332500,286796819,16.5430086338,1.1678474535,2.0180547993,6.9967686228,237.09908557249375,14984.8338050848,8.741579364
VSC,2024,3,2273841866477,600764730236,968931033587,606625885186,37903816353,59616401115,5037982039252,3614820976392,379837373045,1023752973537,7311823905729,2713018947614,938802844242,1774216103372,4598804958115,4598804958115,1382700000,439379984719,357932424470,7311823905729,36925090068,37903816353,0,892644137680,2867968190000,2867968190000,1739613698630,7706809253,442429077057,4304620534,1019437176219,155000000,18972412352,18972412352,0.27273302294204654,709174378067,53881415577,0.6562672008478163,14886795109,-30478326852,709174378067,0,709174378067,-488723675753,220450702314,-31694153135,-1025908542,-46892563154,-49262875362,106461997230,1001131217,0,-3978047242,-2976916025,103485081205,-25298401561,0,78186679644,24305264067,53881415577,103485081205,811654427814,26603076146,2673424273,1104190378121,30478326852,2079084714411,832374712927,-9435995600,466049766022,-129434738735,-31358704137,-6504662808,0,7416523559,2525334160604,-3860545909037,0,45000000000,-199702292727,1581000000000,31906465218,24278632295,-2378063104251,200055350000,1941888490305,-2015383568838,493470954,-326555350000,-199501607579,-52230551226,655668705735,-2673424273,600764730236,0.852755555,0.5899399893,0.7860348523834061,1.2284105326999684,0.4340249763,1.9394990399,33.675926869322076,6.275300911,23.5779558694,63.52918364972208,58.1645414583,0.1752675613250329,0.31085542446539527,0.07597766817783919,0.0590625451,0.0812563827,0.03477817,1455222415377.0,124295263798,0.0,2.4220653787,1.3989154079,2.3816907499,-4.078152465572226,1.5899399892632187,4603088944950,286796819,16.1924780388,1.0854108225,1.7442620783,1.1373603631,187.87312831736813,14787.0277935161,4.4957384835
VSC,2024,4,1811557308602,546631384396,806333297341,354874936762,47470252892,56247437211,5983572285936,3611422058657,759362263714,1608767009213,7795129594538,2899013876257,715021123705,2183992752552,4896115718281,4896115718281,1382700000,719517346868,375105822487,7795129594538,18808589913,47470252892,0,892644137680,2867968190000,2867968190000,1650298938156,4173913884,299753683804,450044270555,1152722738658,155000000,3624576352,3624576352,0.23794920147320453,774785606897,169475811675,2.784919571971897,219889597252,-40419470532,774785606897,0,774785606897,-576729203353,198056403544,-90590544299,7546373007,-44512045031,-56620159732,233769624741,261036502,0,-15909520472,-15648483970,218121140771,-35408840610,12137215712,194849515873,25373704198,169475811675,218121140771,-631130822264,44502821575,-2503398215,-1310612471243,40419470532,-1641203258844,-779997876365,-102897380,-466933419385,166228415333,-6796641631,-40946649680,0,-18304055661,-2622163522534,3857295174643,391975462,-333260000000,225702292727,-2649855666721,949222531463,-11212967126,2038283340448,-200055350000,971484358387,-537303978448,-986941908,294105350000,527243438031,-56636744055,600764730236,2503398215,546631384396,0.7353485431,0.5921048527,0.7376096208618514,1.3078267446505287,0.4293702136,1.3103083576,28.934303830059932,7.1833580279,20.4178042839,56.53546614185993,50.8118902862,0.1250980889657713,0.25562736553304305,0.21873897781058046,0.0908244014,0.0742108936,0.0517724418,762290698987.0,96924198781,0.0,2.5335717345,1.5290171446,2.4671817338,-2.3979581500026166,1.592104852716763,4971713595400,299500819,12.2811757883,1.0696342997,1.7833103576,299.7278272324,565.8609289979938,15519.3228229336,9.0659955244
VSC,2025,1,2184149555149,883423559831,853380702240,336164556041,45730681211,65450055826,6028145625543,3681307675015,757861077540,1584955918636,8212295180692,3087884707579,788936287108,2298948420471,5124410473113,5124410473113,1382700000,817753504684,375971494735,8212295180692,26804944326,45730681211,0,894797062448,2995008190000,2995008190000,1772000000000,5455353341,343247465814,438067780127,1140888138509,155000000,3624576352,3624576352,0.16321317116160375,682128364609,80642738155,0.7999241424112773,19474734949,-35774835950,682128364609,0,682128364609,-454623597936,227504766673,-23613859992,0,-43493733821,-56261007691,123610900118,11620137911,0,-218146816,11401991095,135012891213,-30076574720,6269393925,111205710418,30562972263,80642738155,135012891213,82825142594,-15056570039,-237887329,-19474734949,35774835950,218843677440,17509841267,1739571681,53594943286,3724071798,-48580953466,-36090348891,0,0,65032968255,-152710758952,0,0,113600000000,-3080000000,2002500000,19474734949,-20713524003,127040000000,422567768100,-257372924246,0,0,292234843854,336554288106,546631384396,237887329,883423559831,0.7585745689,0.6025834042,0.718386572334566,1.368807735136095,0.3869612573,1.0045575575,32.54567993800675,7.2210924669,20.7930003477,60.55977275260675,50.5463683888,0.18728150270400656,0.33352192706926514,0.11822223255768713,0.0835581345,0.0679820522,0.0499195813,790975208074.0,127750025161,0.0591715976,2.768473945,1.9973470519,2.7105089586,-3.570946498246626,1.60258340423365,6326859117800,374370362,16.1704564762,1.3324082181,2.1940654201,-106.7039937223,215.40898089309752,12683.8004830575,10.031483209
VSC,2025,2,2856221396120,676759173937,1721383996451,348420871459,44757119623,64900234650,5918866652176,3597773642908,757902336457,1559139718459,8775088048296,3704970346880,1443589856777,2261380490103,5070117701416,5070117701416,1382700000,643920123345,405688794377,8775088048296,18346837122,44757119623,0,275328463694,3743703620000,3743703620000,1741021574723,5061564575,867327186776,426419819726,1125719898733,155000000,3654576352,3654576352,0.12454544895862459,806901150183,116233682590,0.7093373744955322,81356878029,-49972460286,806901150183,0,806901150183,-553232386423,253668763760,-58115476756,-1266741083,-52805435054,-55244235093,167593753803,10395162424,0,-1042987976,9352174448,176945928251,-35209076125,6974930091,148711782217,32478099627,116233682590,176945928251,108025075893,-9037514483,-3767019131,20509744414,49972460286,342648675230,-35171475507,973561588,-62324020616,23024368872,-24494128193,-25692177266,0,-17125170300,-510347287752,-866592957,0,-316500000000,169500000000,-2640000000,0,-732746615,-151239339572,0,1130100064481,-646402439831,0,-32450000000,451247624650,-210339002674,883423559831,3674616780,676759173937,0.8578440565,0.7307464176,0.7096035742726843,1.3543053126133955,0.3705313526,0.819833994,30.25154015637556,7.7399927852,18.5711224322,56.56265537377556,47.1576666968,0.18046707899719133,0.31437402673483555,0.14404946945934946,0.0924873554,0.0644124167,0.0523748039,865962405390.0,145619093613,0.0284900285,1.9785546308,1.441754452,1.9475505895,-2.9139868795652597,1.7307464175526464,13140399706200,374370362,30.5744675155,2.817150817,4.419928058,-23.6992894316,310.47778987910374,12459.3968446653,17.8733834076
